experience_level,employment_type,salary_in_usd,company_location,company_size,job_category
Entry-level,Freelance,30000,United Kingdom,M,Data Science and Research
Executive,Full-time,230000,United States,M,BI and Visualization
Executive,Full-time,176900,United States,M,BI and Visualization
Senior,Full-time,171210,Canada,M,Data Architecture and Modeling
Senior,Full-time,92190,Canada,M,Data Architecture and Modeling
Mid-level,Full-time,57753,United Kingdom,M,Data Science and Research
Mid-level,Full-time,47850,United Kingdom,M,Data Science and Research
Entry-level,Full-time,50000,United States,M,Data Analysis
Entry-level,Full-time,40000,United States,M,Data Analysis
Senior,Full-time,276000,United States,M,Data Engineering
Senior,Full-time,148000,United States,M,Data Engineering
Senior,Full-time,234000,United States,M,Data Science and Research
Senior,Full-time,146000,United States,M,Data Science and Research
Entry-level,Full-time,192300,United States,M,BI and Visualization
Entry-level,Full-time,120200,United States,M,BI and Visualization
Entry-level,Full-time,132500,United States,M,Leadership and Management
Entry-level,Full-time,111500,United States,M,Leadership and Management
Entry-level,Full-time,234000,United States,M,Data Engineering
Entry-level,Full-time,146000,United States,M,Data Engineering
Senior,Full-time,322000,United States,M,Data Science and Research
Senior,Full-time,168000,United States,M,Data Science and Research
Mid-level,Full-time,152000,Canada,M,Data Science and Research
Mid-level,Full-time,98000,Canada,M,Data Science and Research
Senior,Full-time,138000,United States,M,Data Science and Research
Senior,Full-time,86000,United States,M,Data Science and Research
Senior,Full-time,268700,United States,M,Data Science and Research
Senior,Full-time,130300,United States,M,Data Science and Research
Senior,Full-time,75000,United Kingdom,M,BI and Visualization
Senior,Full-time,50000,United Kingdom,M,BI and Visualization
Senior,Full-time,115000,United States,M,Data Analysis
Senior,Full-time,105000,United States,M,Data Analysis
Senior,Full-time,100000,United Kingdom,M,Data Science and Research
Senior,Full-time,87500,United Kingdom,M,Data Science and Research
Senior,Full-time,156476,United States,M,BI and Visualization
Senior,Full-time,104981,United States,M,BI and Visualization
Mid-level,Full-time,146000,United States,M,Data Engineering
Mid-level,Full-time,110000,United States,M,Data Engineering
Senior,Full-time,297000,United States,M,Data Science and Research
Senior,Full-time,138000,United States,M,Data Science and Research
Senior,Full-time,190000,United States,M,Data Quality and Operations
Senior,Full-time,25000,United States,M,Data Quality and Operations
Mid-level,Full-time,160480,United States,M,Machine Learning and AI
Mid-level,Full-time,109920,United States,M,Machine Learning and AI
Senior,Full-time,224000,United States,M,Data Engineering
Senior,Full-time,150000,United States,M,Data Engineering
Entry-level,Full-time,84000,United States,M,Data Analysis
Entry-level,Full-time,75800,United States,M,Data Analysis
Mid-level,Full-time,146125,United States,M,Cloud and Database
Mid-level,Full-time,82000,United States,M,Cloud and Database
Mid-level,Full-time,207600,United States,M,BI and Visualization
Mid-level,Full-time,138400,United States,M,BI and Visualization
Entry-level,Full-time,94600,United States,M,Data Analysis
Entry-level,Full-time,75700,United States,M,Data Analysis
Senior,Full-time,331292,United States,M,Data Science and Research
Senior,Full-time,244868,United States,M,Data Science and Research
Senior,Full-time,190000,United States,M,Data Science and Research
Senior,Full-time,155000,United States,M,Data Science and Research
Mid-level,Full-time,168000,United States,M,Data Engineering
Mid-level,Full-time,158000,United States,M,Data Engineering
Executive,Full-time,243000,United States,M,Leadership and Management
Executive,Full-time,163000,United States,M,Leadership and Management
Senior,Full-time,190000,United States,M,Data Science and Research
Senior,Full-time,155000,United States,M,Data Science and Research
Senior,Full-time,170000,United States,M,Data Science and Research
Senior,Full-time,125333,Lithuania,M,Machine Learning and AI
Senior,Full-time,81333,Lithuania,M,Machine Learning and AI
Senior,Full-time,192500,United States,M,BI and Visualization
Senior,Full-time,134900,United States,M,BI and Visualization
Senior,Full-time,227000,United States,M,Data Science and Research
Senior,Full-time,192780,United States,M,Data Science and Research
Mid-level,Full-time,85000,United States,M,BI and Visualization
Mid-level,Full-time,70000,United States,M,BI and Visualization
Senior,Full-time,180000,United States,M,Leadership and Management
Senior,Full-time,112000,United States,M,Leadership and Management
Senior,Full-time,130000,United States,M,Data Engineering
Senior,Full-time,100000,United States,M,Data Engineering
Senior,Full-time,140000,United States,M,Data Engineering
Senior,Full-time,100000,United States,M,Data Engineering
Mid-level,Full-time,175000,United States,M,Data Science and Research
Mid-level,Full-time,135000,United States,M,Data Science and Research
Mid-level,Full-time,110000,United States,M,Leadership and Management
Mid-level,Full-time,70000,United States,M,Leadership and Management
Senior,Full-time,236000,United States,M,Data Science and Research
Senior,Full-time,174000,United States,M,Data Science and Research
Senior,Full-time,186153,Canada,M,Data Science and Research
Senior,Full-time,165384,Canada,M,Data Science and Research
Senior,Full-time,363000,United States,M,Data Architecture and Modeling
Senior,Full-time,139800,United States,M,Data Architecture and Modeling
Senior,Full-time,345000,United States,M,Data Science and Research
Senior,Full-time,180000,United States,M,Data Science and Research
Senior,Full-time,170000,United States,M,Leadership and Management
Senior,Full-time,130000,United States,M,Leadership and Management
Mid-level,Full-time,93750,United Kingdom,M,Data Management and Strategy
Mid-level,Full-time,68750,United Kingdom,M,Data Management and Strategy
Senior,Full-time,184800,Canada,M,Machine Learning and AI
Senior,Full-time,123200,Canada,M,Machine Learning and AI
Senior,Full-time,115000,United States,M,Data Engineering
Senior,Full-time,105000,United States,M,Data Engineering
Mid-level,Full-time,110000,United States,M,Data Science and Research
Mid-level,Full-time,70000,United States,M,Data Science and Research
Entry-level,Full-time,157900,Canada,M,Machine Learning and AI
Entry-level,Full-time,105300,Canada,M,Machine Learning and AI
Mid-level,Full-time,252000,United States,M,Data Science and Research
Mid-level,Full-time,168000,United States,M,Data Science and Research
Executive,Full-time,225000,United States,M,Machine Learning and AI
Executive,Full-time,150000,United States,M,Machine Learning and AI
Mid-level,Full-time,150000,United States,M,Data Engineering
Mid-level,Full-time,90000,United States,M,Data Engineering
Mid-level,Full-time,150000,United States,M,Data Analysis
Mid-level,Full-time,117000,United States,M,Data Analysis
Mid-level,Full-time,440000,United States,M,Data Science and Research
Mid-level,Full-time,295000,United States,M,Data Science and Research
Mid-level,Full-time,87500,United Kingdom,M,Data Science and Research
Mid-level,Full-time,62500,United Kingdom,M,Data Science and Research
Mid-level,Full-time,150000,United States,M,Data Analysis
Mid-level,Full-time,120000,United States,M,Data Analysis
Mid-level,Full-time,148000,United States,M,Data Engineering
Mid-level,Full-time,106500,United States,M,Data Engineering
Senior,Full-time,209000,Poland,M,Data Science and Research
Senior,Full-time,155000,Poland,M,Data Science and Research
Senior,Full-time,210000,United States,M,Machine Learning and AI
Senior,Full-time,180000,United States,M,Machine Learning and AI
Senior,Full-time,170000,United States,M,Data Science and Research
Senior,Full-time,130000,United States,M,Data Science and Research
Senior,Full-time,87500,United Kingdom,M,Data Science and Research
Senior,Full-time,62500,United Kingdom,M,Data Science and Research
Senior,Full-time,220000,Canada,M,Data Engineering
Senior,Full-time,180000,Canada,M,Data Engineering
Senior,Full-time,278700,United States,M,Machine Learning and AI
Senior,Full-time,159300,United States,M,Machine Learning and AI
Senior,Full-time,145000,United States,M,Data Analysis
Senior,Full-time,110000,United States,M,Data Analysis
Entry-level,Full-time,57277,France,M,Data Science and Research
Senior,Full-time,66666,Germany,S,Data Analysis
Mid-level,Full-time,126000,United States,M,Leadership and Management
Mid-level,Full-time,78000,United States,M,Leadership and Management
Senior,Full-time,290000,United States,M,Data Science and Research
Senior,Full-time,240000,United States,M,Data Science and Research
Senior,Full-time,210000,United States,M,Machine Learning and AI
Senior,Full-time,178500,United States,M,Machine Learning and AI
Senior,Full-time,150000,Saudi Arabia,M,Data Science and Research
Executive,Full-time,290000,United States,M,Machine Learning and AI
Executive,Full-time,232000,United States,M,Machine Learning and AI
Senior,Full-time,234000,United States,M,Data Science and Research
Senior,Full-time,146000,United States,M,Data Science and Research
Mid-level,Full-time,172400,United States,M,Data Engineering
Mid-level,Full-time,109000,United States,M,Data Engineering
Entry-level,Full-time,88800,United States,M,Data Analysis
Entry-level,Full-time,64600,United States,M,Data Analysis
Mid-level,Full-time,156200,Canada,M,Machine Learning and AI
Mid-level,Full-time,106500,Canada,M,Machine Learning and AI
Senior,Full-time,185900,United States,M,Data Science and Research
Senior,Full-time,109400,United States,M,Data Science and Research
Entry-level,Full-time,106000,United States,M,Data Science and Research
Entry-level,Full-time,66000,United States,M,Data Science and Research
Senior,Full-time,234300,United States,M,Machine Learning and AI
Senior,Full-time,96900,United States,M,Machine Learning and AI
Entry-level,Full-time,157600,United States,M,Data Analysis
Entry-level,Full-time,96800,United States,M,Data Analysis
Senior,Full-time,339250,United States,M,Data Science and Research
Senior,Full-time,180000,United States,M,Data Science and Research
Entry-level,Full-time,40000,United States,M,Data Analysis
Entry-level,Full-time,70000,United States,M,Data Analysis
Entry-level,Full-time,50000,United States,M,Data Analysis
Senior,Full-time,94600,United States,M,Data Science and Research
Senior,Full-time,77400,United States,M,Data Science and Research
Entry-level,Full-time,192500,United States,M,Data Analysis
Entry-level,Full-time,140000,United States,M,Data Analysis
Mid-level,Full-time,154500,United States,M,Data Science and Research
Mid-level,Full-time,75705,United States,M,Data Science and Research
Entry-level,Full-time,95000,United States,M,BI and Visualization
Entry-level,Full-time,85000,United States,M,BI and Visualization
Mid-level,Full-time,164700,United States,M,BI and Visualization
Mid-level,Full-time,117500,United States,M,BI and Visualization
Entry-level,Full-time,80000,United States,M,Data Analysis
Entry-level,Full-time,45700,United States,M,Data Analysis
Senior,Full-time,117000,United States,M,Data Analysis
Senior,Full-time,115765,United States,M,Data Analysis
Senior,Full-time,140000,Canada,M,Data Analysis
Senior,Full-time,107000,Canada,M,Data Analysis
Senior,Full-time,178250,United States,M,Machine Learning and AI
Senior,Full-time,105500,United States,M,Machine Learning and AI
Senior,Full-time,62500,United Kingdom,M,Leadership and Management
Senior,Full-time,62500,United Kingdom,M,Leadership and Management
Senior,Full-time,197011,United States,M,Machine Learning and AI
Senior,Full-time,115889,United States,M,Machine Learning and AI
Mid-level,Full-time,138000,United States,M,Data Science and Research
Mid-level,Full-time,86000,United States,M,Data Science and Research
Senior,Full-time,259700,United States,M,Data Engineering
Senior,Full-time,185500,United States,M,Data Engineering
Entry-level,Full-time,80000,United States,M,Data Analysis
Entry-level,Full-time,80000,United States,M,Data Analysis
Executive,Full-time,175000,United States,M,Data Analysis
Executive,Full-time,68000,United States,M,Data Analysis
Mid-level,Full-time,243500,United States,M,Data Science and Research
Mid-level,Full-time,201400,United States,M,Data Science and Research
Entry-level,Full-time,33500,United Kingdom,M,Data Analysis
Entry-level,Full-time,33500,United Kingdom,M,Data Analysis
Mid-level,Full-time,110000,United States,M,Data Analysis
Mid-level,Full-time,90000,United States,M,Data Analysis
Senior,Full-time,123765,United States,M,Data Science and Research
Senior,Full-time,85469,United States,M,Data Science and Research
Mid-level,Full-time,85000,United States,M,Data Analysis
Mid-level,Full-time,61800,United States,M,Data Analysis
Mid-level,Full-time,242100,United States,M,Data Engineering
Mid-level,Full-time,116200,United States,M,Data Engineering
Mid-level,Full-time,128000,United States,M,Leadership and Management
Mid-level,Full-time,81500,United States,M,Leadership and Management
Senior,Full-time,250000,United States,M,Machine Learning and AI
Senior,Full-time,212500,United States,M,Machine Learning and AI
Senior,Full-time,100000,France,M,Data Science and Research
Senior,Full-time,55555,France,M,Data Science and Research
Mid-level,Full-time,69000,United States,M,Data Management and Strategy
Mid-level,Full-time,44000,United States,M,Data Management and Strategy
Mid-level,Full-time,77280,United States,M,Data Analysis
Mid-level,Full-time,58000,United States,M,Data Analysis
Entry-level,Full-time,166000,United States,M,BI and Visualization
Entry-level,Full-time,119000,United States,M,BI and Visualization
Senior,Full-time,192000,United States,M,Machine Learning and AI
Senior,Full-time,164000,United States,M,Machine Learning and AI
Mid-level,Full-time,218213,United States,M,Data Science and Research
Mid-level,Full-time,151800,United States,M,Data Science and Research
Senior,Full-time,149750,United States,M,Data Architecture and Modeling
Senior,Full-time,84500,United States,M,Data Architecture and Modeling
Senior,Full-time,130000,United States,M,Data Science and Research
Senior,Full-time,120000,United States,M,Data Science and Research
Mid-level,Full-time,100000,United States,M,Data Engineering
Mid-level,Full-time,70000,United States,M,Data Engineering
Mid-level,Full-time,200000,United States,M,Data Engineering
Mid-level,Full-time,150000,United States,M,Data Engineering
Senior,Full-time,253430,United States,M,Data Science and Research
Senior,Full-time,200740,United States,M,Data Science and Research
Senior,Full-time,234900,United States,M,Data Science and Research
Senior,Full-time,97300,United States,M,Data Science and Research
Senior,Full-time,206000,United States,M,Machine Learning and AI
Senior,Full-time,165000,United States,M,Machine Learning and AI
Entry-level,Full-time,70000,United States,M,Data Analysis
Entry-level,Full-time,60000,United States,M,Data Analysis
Mid-level,Full-time,328000,United States,M,Data Science and Research
Mid-level,Full-time,258000,United States,M,Data Science and Research
Senior,Full-time,190000,United States,M,Data Engineering
Senior,Full-time,170000,United States,M,Data Engineering
Senior,Full-time,111111,Poland,M,Data Engineering
Senior,Full-time,66666,Poland,M,Data Engineering
Senior,Full-time,180000,United States,M,Data Science and Research
Senior,Full-time,162000,United States,M,Data Science and Research
Executive,Full-time,230000,Canada,M,BI and Visualization
Executive,Full-time,155000,Canada,M,BI and Visualization
Entry-level,Full-time,70000,United States,M,Data Science and Research
Entry-level,Full-time,64000,United States,M,Data Science and Research
Senior,Full-time,165000,United States,M,Data Analysis
Senior,Full-time,180000,United States,M,Data Science and Research
Senior,Full-time,162000,United States,M,Data Science and Research
Senior,Full-time,91000,United States,L,Data Analysis
Entry-level,Full-time,219000,United States,M,Data Science and Research
Entry-level,Full-time,123000,United States,M,Data Science and Research
Mid-level,Full-time,212000,United States,M,Data Science and Research
Mid-level,Full-time,93300,United States,M,Data Science and Research
Entry-level,Full-time,157600,United States,M,BI and Visualization
Entry-level,Full-time,96800,United States,M,BI and Visualization
Entry-level,Full-time,137100,United States,M,Data Analysis
Entry-level,Full-time,109700,United States,M,Data Analysis
Mid-level,Full-time,83300,United States,M,Leadership and Management
Mid-level,Full-time,47500,United States,M,Leadership and Management
Senior,Full-time,304750,United States,M,Data Engineering
Senior,Full-time,160000,United States,M,Data Engineering
Senior,Full-time,242100,United States,M,Data Architecture and Modeling
Senior,Full-time,116200,United States,M,Data Architecture and Modeling
Mid-level,Full-time,189000,United States,M,Cloud and Database
Mid-level,Full-time,106000,United States,M,Cloud and Database
Entry-level,Full-time,101200,United States,M,Data Science and Research
Entry-level,Full-time,57700,United States,M,Data Science and Research
Senior,Full-time,160000,United States,M,Data Engineering
Senior,Full-time,77400,United States,M,Data Engineering
Senior,Full-time,270000,United States,M,Machine Learning and AI
Senior,Full-time,153000,United States,M,Machine Learning and AI
Entry-level,Full-time,90300,United States,M,Data Analysis
Entry-level,Full-time,50200,United States,M,Data Analysis
Entry-level,Full-time,146000,United States,M,Data Engineering
Entry-level,Full-time,98000,United States,M,Data Engineering
Mid-level,Full-time,105000,Australia,M,Data Management and Strategy
Mid-level,Full-time,80000,Australia,M,Data Management and Strategy
Senior,Full-time,300000,United States,M,Data Engineering
Senior,Full-time,200000,United States,M,Data Engineering
Executive,Full-time,125000,United States,M,Data Analysis
Executive,Full-time,100000,United States,M,Data Analysis
Senior,Full-time,165000,United States,M,Data Engineering
Senior,Full-time,100000,United States,M,Data Engineering
Mid-level,Full-time,115000,United States,M,Data Engineering
Mid-level,Full-time,75000,United States,M,Data Engineering
Senior,Full-time,96643,Canada,M,Data Science and Research
Senior,Full-time,51543,Canada,M,Data Science and Research
Mid-level,Full-time,181280,United States,M,BI and Visualization
Mid-level,Full-time,164800,United States,M,BI and Visualization
Mid-level,Full-time,107500,United States,M,Data Analysis
Mid-level,Full-time,96750,United States,M,Data Analysis
Senior,Full-time,96750,United States,M,Data Science and Research
Senior,Full-time,69600,United States,M,Data Science and Research
Mid-level,Full-time,150000,United States,M,Data Science and Research
Mid-level,Full-time,127500,United States,M,Data Science and Research
Executive,Full-time,225000,United States,M,Data Engineering
Executive,Full-time,190000,United States,M,Data Engineering
Senior,Full-time,245000,United States,M,Data Science and Research
Senior,Full-time,180000,United States,M,Data Science and Research
Senior,Full-time,175000,United States,M,Data Architecture and Modeling
Senior,Full-time,117000,United States,M,Data Architecture and Modeling
Senior,Full-time,190000,United States,M,Data Science and Research
Senior,Full-time,136000,United States,M,Data Science and Research
Senior,Full-time,245400,United States,M,Data Science and Research
Senior,Full-time,139000,United States,M,Data Science and Research
Mid-level,Full-time,170000,United States,M,Data Science and Research
Mid-level,Full-time,120000,United States,M,Data Science and Research
Senior,Full-time,169900,United States,M,Data Engineering
Senior,Full-time,135920,United States,M,Data Engineering
Senior,Full-time,170000,United States,M,Data Science and Research
Senior,Full-time,160000,United States,M,Data Science and Research
Senior,Full-time,240000,United States,M,Data Science and Research
Senior,Full-time,204000,United States,M,Data Science and Research
Senior,Full-time,185000,United States,M,Data Science and Research
Senior,Full-time,123000,United States,M,Data Science and Research
Mid-level,Full-time,170000,United States,M,Data Science and Research
Mid-level,Full-time,140000,United States,M,Data Science and Research
Senior,Full-time,90000,United Arab Emirates,L,Machine Learning and AI
Senior,Full-time,180500,United States,M,Machine Learning and AI
Senior,Full-time,96200,United States,M,Machine Learning and AI
Senior,Full-time,235000,Australia,M,Machine Learning and AI
Senior,Full-time,175000,Australia,M,Machine Learning and AI
Mid-level,Full-time,95413,United States,M,BI and Visualization
Mid-level,Full-time,70692,United States,M,BI and Visualization
Senior,Full-time,110000,Ukraine,M,Data Engineering
Senior,Full-time,48000,Ukraine,M,Data Engineering
Senior,Full-time,222300,United States,M,Data Science and Research
Senior,Full-time,119700,United States,M,Data Science and Research
Senior,Full-time,170375,United States,M,Cloud and Database
Senior,Full-time,102500,United States,M,Cloud and Database
Senior,Full-time,270000,Australia,M,Data Engineering
Senior,Full-time,190000,Australia,M,Data Engineering
Mid-level,Full-time,98000,United States,M,Data Engineering
Mid-level,Full-time,68300,United States,M,Data Engineering
Mid-level,Full-time,223100,United States,M,Machine Learning and AI
Mid-level,Full-time,126400,United States,M,Machine Learning and AI
Senior,Full-time,283800,United States,M,Data Engineering
Senior,Full-time,198900,United States,M,Data Engineering
Mid-level,Full-time,166000,United States,M,Data Science and Research
Mid-level,Full-time,73000,United States,M,Data Science and Research
Entry-level,Full-time,130000,United States,M,Data Analysis
Entry-level,Full-time,100000,United States,M,Data Analysis
Senior,Full-time,220000,United States,M,Machine Learning and AI
Senior,Full-time,137500,United States,M,Machine Learning and AI
Senior,Full-time,234000,United States,M,Data Science and Research
Senior,Full-time,146000,United States,M,Data Science and Research
Entry-level,Full-time,44000,Lithuania,M,Data Analysis
Entry-level,Full-time,37333,Lithuania,M,Data Analysis
Senior,Full-time,275000,United States,M,Data Engineering
Senior,Full-time,200000,United States,M,Data Engineering
Senior,Full-time,204000,United States,M,Data Engineering
Senior,Full-time,163200,United States,M,Data Engineering
Mid-level,Full-time,135000,United States,M,Data Science and Research
Mid-level,Full-time,110000,United States,M,Data Science and Research
Senior,Full-time,195000,United States,M,Machine Learning and AI
Senior,Full-time,170000,United States,M,Machine Learning and AI
Mid-level,Full-time,210000,United States,M,Data Engineering
Mid-level,Full-time,130000,United States,M,Data Engineering
Mid-level,Full-time,136000,United States,M,Data Science and Research
Mid-level,Full-time,106700,United States,M,Data Science and Research
Mid-level,Full-time,164000,United States,M,Data Science and Research
Mid-level,Full-time,131000,United States,M,Data Science and Research
Mid-level,Full-time,250000,United States,M,Data Science and Research
Mid-level,Full-time,170000,United States,M,Data Science and Research
Senior,Full-time,175000,United States,M,Data Analysis
Senior,Full-time,117000,United States,M,Data Analysis
Senior,Full-time,205500,United States,M,Data Engineering
Senior,Full-time,135000,United States,M,Data Engineering
Senior,Full-time,146000,United States,M,Data Engineering
Senior,Full-time,82500,United States,M,Data Engineering
Mid-level,Full-time,240000,United States,M,Data Science and Research
Mid-level,Full-time,180000,United States,M,Data Science and Research
Senior,Full-time,157500,United States,M,Data Analysis
Senior,Full-time,132500,United States,M,Data Analysis
Senior,Full-time,209943,United States,M,Data Engineering
Senior,Full-time,155175,United States,M,Data Engineering
Senior,Full-time,244800,United States,M,Data Science and Research
Senior,Full-time,172000,United States,M,Data Science and Research
Senior,Full-time,250000,United States,M,Data Science and Research
Senior,Full-time,200000,United States,M,Data Science and Research
Senior,Full-time,280000,United States,M,Data Science and Research
Senior,Full-time,280000,United States,M,Machine Learning and AI
Senior,Full-time,180000,United States,M,Data Science and Research
Senior,Full-time,160000,United States,M,Data Science and Research
Entry-level,Full-time,184180,United States,M,Data Analysis
Entry-level,Full-time,159870,United States,M,Data Analysis
Senior,Full-time,195000,United States,M,Data Science and Research
Senior,Full-time,110000,United States,M,Data Science and Research
Senior,Full-time,180000,United States,M,Data Science and Research
Senior,Full-time,220000,United States,M,Data Science and Research
Senior,Full-time,137500,United States,M,Data Science and Research
Senior,Full-time,212000,United States,M,Machine Learning and AI
Senior,Full-time,93300,United States,M,Machine Learning and AI
Senior,Full-time,212000,United States,M,Data Science and Research
Senior,Full-time,93300,United States,M,Data Science and Research
Entry-level,Full-time,291900,United States,M,Data Analysis
Entry-level,Full-time,103800,United States,M,Data Analysis
Senior,Full-time,234000,United States,M,Data Science and Research
Senior,Full-time,146000,United States,M,Data Science and Research
Senior,Full-time,212000,United States,M,Data Science and Research
Senior,Full-time,93300,United States,M,Data Science and Research
Mid-level,Full-time,160000,United States,M,Data Science and Research
Mid-level,Full-time,70000,United States,M,Data Science and Research
Senior,Full-time,179000,United States,M,Data Science and Research
Senior,Full-time,112000,United States,M,Data Science and Research
Entry-level,Full-time,145000,United States,M,Data Management and Strategy
Entry-level,Full-time,120000,United States,M,Data Management and Strategy
Mid-level,Full-time,142100,United States,M,Data Science and Research
Mid-level,Full-time,94700,United States,M,Data Science and Research
Mid-level,Full-time,166000,United States,M,Machine Learning and AI
Mid-level,Full-time,73100,United States,M,Machine Learning and AI
Senior,Full-time,145000,United States,M,Data Science and Research
Senior,Full-time,128000,United States,M,Data Science and Research
Entry-level,Full-time,90000,United States,M,Data Analysis
Entry-level,Full-time,75000,United States,M,Data Analysis
Mid-level,Full-time,99000,United States,M,Data Science and Research
Mid-level,Full-time,87000,United States,M,Data Science and Research
Executive,Full-time,334075,Canada,M,Data Engineering
Executive,Full-time,268500,Canada,M,Data Engineering
Senior,Full-time,230000,United States,M,Data Science and Research
Senior,Full-time,195000,United States,M,Data Science and Research
Senior,Full-time,212000,United States,M,Data Science and Research
Senior,Full-time,93300,United States,M,Data Science and Research
Entry-level,Full-time,110500,United States,M,Data Quality and Operations
Entry-level,Full-time,69000,United States,M,Data Quality and Operations
Senior,Full-time,100000,United States,M,Data Management and Strategy
Senior,Full-time,85000,United States,M,Data Management and Strategy
Mid-level,Full-time,107690,United States,M,BI and Visualization
Mid-level,Full-time,78300,United States,M,BI and Visualization
Entry-level,Full-time,131000,United States,M,Leadership and Management
Entry-level,Full-time,110000,United States,M,Leadership and Management
Entry-level,Full-time,133000,United States,M,Data Analysis
Entry-level,Full-time,58400,United States,M,Data Analysis
Entry-level,Full-time,115000,United States,M,Data Engineering
Entry-level,Full-time,87550,United States,M,Data Engineering
Executive,Full-time,209309,United States,M,Data Engineering
Executive,Full-time,168854,United States,M,Data Engineering
Entry-level,Full-time,133000,United States,M,Data Science and Research
Entry-level,Full-time,58400,United States,M,Data Science and Research
Senior,Full-time,269000,Canada,M,Data Science and Research
Senior,Full-time,165000,Canada,M,Data Science and Research
Senior,Full-time,245000,United States,M,Data Science and Research
Senior,Full-time,185000,United States,M,Data Science and Research
Senior,Full-time,333500,United States,M,Data Science and Research
Senior,Full-time,180000,United States,M,Data Science and Research
Senior,Full-time,195000,United States,M,Data Science and Research
Senior,Full-time,147500,United States,M,Data Science and Research
Entry-level,Full-time,187500,United States,M,Machine Learning and AI
Entry-level,Full-time,99500,United States,M,Machine Learning and AI
Senior,Full-time,126400,United States,M,Leadership and Management
Senior,Full-time,101100,United States,M,Leadership and Management
Senior,Full-time,167400,United States,M,Data Engineering
Senior,Full-time,116600,United States,M,Data Engineering
Senior,Full-time,126000,United States,M,Data Analysis
Senior,Full-time,87000,United States,M,Data Analysis
Senior,Full-time,152375,United States,M,Data Engineering
Senior,Full-time,94000,United States,M,Data Engineering
Senior,Full-time,100000,United Kingdom,M,Data Quality and Operations
Senior,Full-time,56250,United Kingdom,M,Data Quality and Operations
Senior,Full-time,276000,United States,M,Data Architecture and Modeling
Senior,Full-time,174000,United States,M,Data Architecture and Modeling
Entry-level,Full-time,113800,United States,M,Data Analysis
Entry-level,Full-time,74400,United States,M,Data Analysis
Senior,Full-time,333500,United States,M,Machine Learning and AI
Senior,Full-time,183000,United States,M,Machine Learning and AI
Senior,Full-time,260000,United States,M,Machine Learning and AI
Senior,Full-time,192000,United States,M,Machine Learning and AI
Entry-level,Full-time,158000,United States,M,Data Analysis
Entry-level,Full-time,105000,United States,M,Data Analysis
Senior,Full-time,148000,United States,M,Data Science and Research
Senior,Full-time,110000,United States,M,Data Science and Research
Mid-level,Full-time,128000,United States,M,Leadership and Management
Mid-level,Full-time,81500,United States,M,Leadership and Management
Senior,Full-time,115000,United States,M,Data Analysis
Senior,Full-time,75300,United States,M,Data Analysis
Mid-level,Full-time,140000,United States,M,Data Science and Research
Mid-level,Full-time,100000,United States,M,Data Science and Research
Mid-level,Full-time,240000,United States,M,Machine Learning and AI
Mid-level,Full-time,140000,United States,M,Machine Learning and AI
Mid-level,Full-time,222200,United States,L,Data Science and Research
Mid-level,Full-time,136000,United States,L,Data Science and Research
Mid-level,Full-time,187200,Canada,M,Data Science and Research
Mid-level,Full-time,100800,Canada,M,Data Science and Research
Senior,Full-time,153200,United States,M,Data Engineering
Senior,Full-time,102200,United States,M,Data Engineering
Senior,Full-time,240000,United States,M,Machine Learning and AI
Senior,Full-time,160000,United States,M,Machine Learning and AI
Mid-level,Full-time,105000,United States,M,Data Analysis
Mid-level,Full-time,77000,United States,M,Data Analysis
Senior,Full-time,207300,United States,M,Data Engineering
Senior,Full-time,119000,United States,M,Data Engineering
Mid-level,Full-time,160000,United States,M,Machine Learning and AI
Mid-level,Full-time,130000,United States,M,Machine Learning and AI
Senior,Full-time,155000,United States,M,Machine Learning and AI
Senior,Full-time,125000,United States,M,Machine Learning and AI
Executive,Full-time,265000,United States,M,Machine Learning and AI
Executive,Full-time,203800,United States,M,Machine Learning and AI
Senior,Full-time,135000,United States,M,Data Analysis
Senior,Full-time,105000,United States,M,Data Analysis
Senior,Full-time,345400,United States,M,Leadership and Management
Senior,Full-time,272700,United States,M,Leadership and Management
Mid-level,Full-time,198000,United States,M,Machine Learning and AI
Mid-level,Full-time,160000,United States,M,Machine Learning and AI
Senior,Full-time,198000,United States,M,Data Engineering
Senior,Full-time,180000,United States,M,Data Engineering
Senior,Full-time,100000,United States,M,Data Analysis
Senior,Full-time,80000,United States,M,Data Analysis
Senior,Full-time,250000,United States,M,Machine Learning and AI
Senior,Full-time,200000,United States,M,Machine Learning and AI
Senior,Full-time,155000,United States,M,Data Science and Research
Senior,Full-time,139500,United States,M,Data Science and Research
Senior,Full-time,160000,United States,M,Data Architecture and Modeling
Senior,Full-time,110000,United States,M,Data Architecture and Modeling
Senior,Full-time,247600,United States,L,Data Science and Research
Senior,Full-time,127300,United States,L,Data Science and Research
Senior,Full-time,191500,United States,M,Data Science and Research
Senior,Full-time,111500,United States,M,Data Science and Research
Senior,Full-time,204800,United States,M,Data Science and Research
Senior,Full-time,115800,United States,M,Data Science and Research
Senior,Full-time,116000,United States,M,Data Science and Research
Senior,Full-time,90000,United States,M,Data Science and Research
Senior,Full-time,206000,United States,M,Data Science and Research
Senior,Full-time,140250,United States,M,Data Science and Research
Senior,Full-time,225000,United States,M,Data Science and Research
Mid-level,Full-time,190000,United States,M,Data Science and Research
Mid-level,Full-time,175000,United States,M,Data Science and Research
Entry-level,Full-time,84105,United States,M,Data Analysis
Entry-level,Full-time,76095,United States,M,Data Analysis
Senior,Full-time,250000,United States,M,Machine Learning and AI
Senior,Full-time,140000,United States,M,Machine Learning and AI
Senior,Full-time,140000,United States,M,Data Engineering
Senior,Full-time,100000,United States,M,Data Engineering
Senior,Full-time,250800,United States,M,Machine Learning and AI
Senior,Full-time,167200,United States,M,Machine Learning and AI
Mid-level,Full-time,165000,United States,M,Data Engineering
Mid-level,Full-time,140250,United States,M,Data Engineering
Mid-level,Full-time,110000,United States,M,Data Science and Research
Mid-level,Full-time,90000,United States,M,Data Science and Research
Mid-level,Full-time,300000,United States,M,Data Science and Research
Mid-level,Full-time,200000,United States,M,Data Science and Research
Senior,Full-time,155000,United States,M,Data Science and Research
Senior,Full-time,104603,United States,M,Data Science and Research
Senior,Full-time,279000,United States,M,Data Science and Research
Senior,Full-time,183000,United States,M,Data Science and Research
Mid-level,Full-time,252000,United States,M,Data Science and Research
Mid-level,Full-time,168000,United States,M,Data Science and Research
Senior,Full-time,96600,United States,M,Data Analysis
Senior,Full-time,55200,United States,M,Data Analysis
Entry-level,Full-time,73756,United States,M,Data Analysis
Entry-level,Full-time,61463,United States,M,Data Analysis
Senior,Full-time,130000,United States,M,Data Engineering
Senior,Full-time,100000,United States,M,Data Engineering
Mid-level,Full-time,167500,United States,M,Data Engineering
Mid-level,Full-time,106500,United States,M,Data Engineering
Mid-level,Full-time,126000,United States,M,Leadership and Management
Mid-level,Full-time,78000,United States,M,Leadership and Management
Entry-level,Full-time,47918,Netherlands,L,Data Engineering
Entry-level,Full-time,44555,Lithuania,M,Data Analysis
Entry-level,Full-time,31187,Lithuania,M,Data Analysis
Senior,Full-time,220000,United States,M,Data Engineering
Senior,Full-time,137500,United States,M,Data Engineering
Mid-level,Full-time,127660,United States,M,Data Science and Research
Mid-level,Full-time,68740,United States,M,Data Science and Research
Senior,Full-time,137930,Canada,M,Machine Learning and AI
Senior,Full-time,74270,Canada,M,Machine Learning and AI
Senior,Full-time,180500,United States,M,Data Engineering
Senior,Full-time,96200,United States,M,Data Engineering
Senior,Full-time,266875,United States,M,Data Engineering
Senior,Full-time,128250,United States,M,Data Engineering
Executive,Full-time,230000,United States,M,BI and Visualization
Executive,Full-time,176900,United States,M,BI and Visualization
Mid-level,Full-time,212000,United States,M,Data Science and Research
Mid-level,Full-time,93300,United States,M,Data Science and Research
Mid-level,Full-time,200000,United States,M,Machine Learning and AI
Mid-level,Full-time,140000,United States,M,Machine Learning and AI
Entry-level,Full-time,80080,United States,M,Data Analysis
Entry-level,Full-time,65400,United States,M,Data Analysis
Senior,Full-time,210000,United States,M,Machine Learning and AI
Senior,Full-time,178500,United States,M,Machine Learning and AI
Senior,Full-time,165000,United States,M,Data Science and Research
Senior,Full-time,115500,United States,M,Data Science and Research
Senior,Full-time,242000,Egypt,M,Machine Learning and AI
Senior,Full-time,106200,Egypt,M,Machine Learning and AI
Senior,Full-time,148000,United States,M,Data Engineering
Senior,Full-time,100000,United States,M,Data Engineering
Senior,Full-time,160000,United States,M,Data Engineering
Senior,Full-time,145000,United States,M,Data Engineering
Senior,Full-time,180000,United States,M,Machine Learning and AI
Senior,Full-time,140000,United States,M,Machine Learning and AI
Senior,Full-time,96600,United States,M,Data Analysis
Senior,Full-time,55200,United States,M,Data Analysis
Entry-level,Full-time,85500,United States,M,Data Analysis
Entry-level,Full-time,51000,United States,M,Data Analysis
Senior,Full-time,185490,United States,M,Data Science and Research
Senior,Full-time,134530,United States,M,Data Science and Research
Senior,Full-time,337300,United States,M,Data Science and Research
Senior,Full-time,192700,United States,M,Data Science and Research
Senior,Full-time,205000,United States,M,Data Engineering
Senior,Full-time,175000,United States,M,Data Engineering
Senior,Full-time,185900,United States,M,Data Science and Research
Senior,Full-time,109400,United States,M,Data Science and Research
Mid-level,Full-time,200000,United States,M,Machine Learning and AI
Mid-level,Full-time,140000,United States,M,Machine Learning and AI
Senior,Full-time,277000,United States,M,Data Engineering
Senior,Full-time,173000,United States,M,Data Engineering
Executive,Full-time,210000,United States,M,Data Architecture and Modeling
Executive,Full-time,180000,United States,M,Data Architecture and Modeling
Mid-level,Full-time,77777,Austria,M,Data Engineering
Mid-level,Full-time,58888,Austria,M,Data Engineering
Mid-level,Full-time,200000,United States,M,Data Engineering
Mid-level,Full-time,150000,United States,M,Data Engineering
Senior,Full-time,193000,United States,M,Data Analysis
Senior,Full-time,156000,United States,M,Data Analysis
Entry-level,Full-time,92000,Australia,M,BI and Visualization
Entry-level,Full-time,90000,Australia,M,BI and Visualization
Mid-level,Full-time,197000,United States,M,Leadership and Management
Mid-level,Full-time,115000,United States,M,Leadership and Management
Senior,Full-time,95584,Germany,M,Data Analysis
Senior,Full-time,79653,Germany,M,Data Analysis
Senior,Full-time,95717,Netherlands,M,Data Analysis
Senior,Full-time,79765,Netherlands,M,Data Analysis
Senior,Full-time,170000,United States,M,Data Science and Research
Senior,Full-time,130000,United States,M,Data Science and Research
Senior,Full-time,297000,United States,M,Data Science and Research
Senior,Full-time,138000,United States,M,Data Science and Research
Mid-level,Full-time,212800,United States,L,Data Science and Research
Mid-level,Full-time,124100,United States,L,Data Science and Research
Senior,Full-time,160000,United States,M,Data Science and Research
Senior,Full-time,150000,United States,M,Data Science and Research
Senior,Full-time,55720,United States,M,Data Quality and Operations
Senior,Full-time,50700,United States,M,Data Quality and Operations
Senior,Full-time,140000,United States,M,Data Analysis
Senior,Full-time,136000,United States,M,Data Analysis
Senior,Full-time,195000,United States,M,Data Engineering
Senior,Full-time,147500,United States,M,Data Engineering
Senior,Full-time,195000,United States,M,Data Engineering
Senior,Full-time,147500,United States,M,Data Engineering
Entry-level,Full-time,300000,United States,M,Data Science and Research
Entry-level,Full-time,150000,United States,M,Data Science and Research
Senior,Full-time,154000,United States,M,Data Engineering
Senior,Full-time,103000,United States,M,Data Engineering
Entry-level,Full-time,300000,United States,M,Data Science and Research
Entry-level,Full-time,150000,United States,M,Data Science and Research
Senior,Full-time,234000,United States,M,Machine Learning and AI
Senior,Full-time,208000,United States,M,Machine Learning and AI
Senior,Full-time,206000,United States,M,Data Engineering
Senior,Full-time,175100,United States,M,Data Engineering
Senior,Full-time,324000,United States,M,Machine Learning and AI
Senior,Full-time,159000,United States,M,Machine Learning and AI
Senior,Full-time,150895,United States,M,Data Engineering
Senior,Full-time,120715,United States,M,Data Engineering
Entry-level,Full-time,300000,United States,M,Data Science and Research
Entry-level,Full-time,150000,United States,M,Data Science and Research
Senior,Full-time,283800,United States,M,Data Science and Research
Senior,Full-time,234700,United States,M,Data Science and Research
Entry-level,Full-time,86000,United States,M,BI and Visualization
Entry-level,Full-time,53000,United States,M,BI and Visualization
Senior,Full-time,187158,United States,M,Data Science and Research
Senior,Full-time,116974,United States,M,Data Science and Research
Senior,Full-time,225000,United States,M,Leadership and Management
Senior,Full-time,180000,United States,M,Leadership and Management
Senior,Full-time,179000,United States,M,Data Science and Research
Senior,Full-time,112000,United States,M,Data Science and Research
Senior,Full-time,195700,United States,M,Machine Learning and AI
Senior,Full-time,97700,United States,M,Machine Learning and AI
Senior,Full-time,100000,United States,M,BI and Visualization
Senior,Full-time,85000,United States,M,BI and Visualization
Mid-level,Full-time,119000,United States,M,Data Analysis
Mid-level,Full-time,52100,United States,M,Data Analysis
Senior,Full-time,136000,United States,M,BI and Visualization
Senior,Full-time,91536,United States,M,BI and Visualization
Senior,Full-time,199700,United States,M,Data Engineering
Senior,Full-time,165100,United States,M,Data Engineering
Senior,Full-time,251250,United States,M,Machine Learning and AI
Senior,Full-time,120750,United States,M,Machine Learning and AI
Senior,Full-time,240000,United States,M,Data Science and Research
Senior,Full-time,220000,United States,M,Data Science and Research
Senior,Full-time,160000,United States,M,Data Science and Research
Senior,Full-time,150000,United States,M,Data Science and Research
Executive,Full-time,300000,United States,M,Data Science and Research
Executive,Full-time,220000,United States,M,Data Science and Research
Entry-level,Full-time,130000,United States,M,Data Analysis
Entry-level,Full-time,100000,United States,M,Data Analysis
Entry-level,Full-time,170000,United States,M,Data Analysis
Entry-level,Full-time,150000,United States,M,Data Analysis
Senior,Full-time,150000,United States,M,Data Analysis
Senior,Full-time,120000,United States,M,Data Analysis
Senior,Full-time,247300,United States,M,Data Science and Research
Senior,Full-time,139800,United States,M,Data Science and Research
Executive,Full-time,220000,United States,M,Data Engineering
Executive,Full-time,210000,United States,M,Data Engineering
Entry-level,Full-time,116000,United States,M,Data Science and Research
Entry-level,Full-time,79000,United States,M,Data Science and Research
Mid-level,Full-time,130000,United States,M,Data Science and Research
Mid-level,Full-time,117000,United States,M,Data Science and Research
Mid-level,Full-time,172200,United States,M,Data Science and Research
Mid-level,Full-time,131200,United States,M,Data Science and Research
Senior,Full-time,210000,United States,M,Data Science and Research
Senior,Full-time,151800,United States,M,Data Science and Research
Mid-level,Full-time,133000,United States,M,Data Engineering
Mid-level,Full-time,58300,United States,M,Data Engineering
Mid-level,Full-time,359400,United States,M,Data Science and Research
Mid-level,Full-time,239600,United States,M,Data Science and Research
Entry-level,Full-time,80000,United States,M,BI and Visualization
Entry-level,Full-time,70000,United States,M,BI and Visualization
Senior,Full-time,324100,United States,L,Data Science and Research
Senior,Full-time,166700,United States,L,Data Science and Research
Mid-level,Full-time,100000,United States,M,Data Engineering
Mid-level,Full-time,80000,United States,M,Data Engineering
Senior,Full-time,85000,United States,M,Data Analysis
Senior,Full-time,75000,United States,M,Data Analysis
Senior,Full-time,243800,United States,M,Data Science and Research
Senior,Full-time,144200,United States,M,Data Science and Research
Senior,Full-time,220000,Canada,M,Machine Learning and AI
Senior,Full-time,200000,Canada,M,Machine Learning and AI
Senior,Full-time,289000,United States,L,Machine Learning and AI
Mid-level,Full-time,77826,United States,M,BI and Visualization
Mid-level,Full-time,59300,United States,M,BI and Visualization
Mid-level,Full-time,166000,United States,M,Data Science and Research
Mid-level,Full-time,73100,United States,M,Data Science and Research
Mid-level,Full-time,151500,United States,M,Data Science and Research
Mid-level,Full-time,101000,United States,M,Data Science and Research
Senior,Full-time,182000,United States,M,Machine Learning and AI
Senior,Full-time,164000,United States,M,Machine Learning and AI
Senior,Full-time,132100,United States,M,Leadership and Management
Senior,Full-time,96700,United States,M,Leadership and Management
Mid-level,Full-time,98500,United States,M,Leadership and Management
Mid-level,Full-time,71500,United States,M,Leadership and Management
Senior,Full-time,200800,United States,M,Machine Learning and AI
Senior,Full-time,107800,United States,M,Machine Learning and AI
Entry-level,Full-time,106100,United States,M,Data Analysis
Entry-level,Full-time,74300,United States,M,Data Analysis
Senior,Full-time,153900,United States,M,Data Analysis
Senior,Full-time,112715,United States,M,Data Analysis
Senior,Full-time,105000,United States,M,Leadership and Management
Senior,Full-time,94200,United States,M,Leadership and Management
Mid-level,Full-time,171000,United States,M,Leadership and Management
Mid-level,Full-time,136000,United States,M,Leadership and Management
Senior,Full-time,221000,United States,M,Machine Learning and AI
Senior,Full-time,185000,United States,M,Machine Learning and AI
Entry-level,Full-time,92700,United States,M,Data Analysis
Entry-level,Full-time,64900,United States,M,Data Analysis
Mid-level,Full-time,126600,United States,M,Data Engineering
Mid-level,Full-time,80800,United States,M,Data Engineering
Senior,Full-time,164845,United States,M,Data Science and Research
Senior,Full-time,119887,United States,M,Data Science and Research
Entry-level,Full-time,93000,United States,M,Data Analysis
Entry-level,Full-time,87000,United States,M,Data Analysis
Mid-level,Full-time,103500,United States,M,Data Analysis
Mid-level,Full-time,65600,United States,M,Data Analysis
Mid-level,Full-time,165600,United States,L,BI and Visualization
Mid-level,Full-time,65800,United States,L,BI and Visualization
Senior,Full-time,164000,United States,M,Data Science and Research
Senior,Full-time,152000,United States,M,Data Science and Research
Senior,Full-time,250000,United States,M,Data Science and Research
Senior,Full-time,180000,United States,M,Data Science and Research
Mid-level,Full-time,202000,United States,M,Machine Learning and AI
Mid-level,Full-time,137000,United States,M,Machine Learning and AI
Senior,Full-time,204600,United States,M,Machine Learning and AI
Senior,Full-time,84500,United States,M,Machine Learning and AI
Senior,Full-time,190000,United States,M,Data Science and Research
Senior,Full-time,151500,United States,M,Data Science and Research
Mid-level,Full-time,81250,United Kingdom,M,Data Science and Research
Mid-level,Full-time,68750,United Kingdom,M,Data Science and Research
Senior,Full-time,168800,United States,M,Data Science and Research
Senior,Full-time,93800,United States,M,Data Science and Research
Mid-level,Full-time,132567,United States,M,Data Science and Research
Mid-level,Full-time,96412,United States,M,Data Science and Research
Senior,Full-time,309000,United States,M,Machine Learning and AI
Senior,Full-time,142000,United States,M,Machine Learning and AI
Senior,Full-time,333500,United States,M,Data Science and Research
Senior,Full-time,156000,United States,M,Data Science and Research
Senior,Full-time,266875,United States,M,Data Science and Research
Senior,Full-time,128250,United States,M,Data Science and Research
Senior,Full-time,191311,United States,M,Data Engineering
Senior,Full-time,166358,United States,M,Data Engineering
Senior,Full-time,218500,United States,M,Data Science and Research
Senior,Full-time,190000,United States,M,Data Science and Research
Mid-level,Full-time,70000,United States,M,Data Management and Strategy
Mid-level,Full-time,60000,United States,M,Data Management and Strategy
Senior,Full-time,324000,United States,M,Machine Learning and AI
Senior,Full-time,159000,United States,M,Machine Learning and AI
Senior,Full-time,179000,United States,M,Leadership and Management
Senior,Full-time,152000,United States,M,Leadership and Management
Senior,Full-time,235680,United States,M,Machine Learning and AI
Senior,Full-time,153040,United States,M,Machine Learning and AI
Entry-level,Full-time,140000,United States,M,Data Analysis
Entry-level,Full-time,100000,United States,M,Data Analysis
Mid-level,Full-time,187000,United States,M,Data Analysis
Mid-level,Full-time,153000,United States,M,Data Analysis
Mid-level,Full-time,185000,United States,L,Data Engineering
Mid-level,Full-time,81000,United States,L,Data Engineering
Senior,Full-time,290000,United States,M,Machine Learning and AI
Senior,Full-time,203000,United States,M,Machine Learning and AI
Senior,Full-time,142352,United States,M,Machine Learning and AI
Senior,Full-time,95325,United States,M,Machine Learning and AI
Mid-level,Full-time,187000,United States,M,Data Analysis
Mid-level,Full-time,153000,United States,M,Data Analysis
Senior,Full-time,190000,Canada,M,Data Science and Research
Senior,Full-time,158500,Canada,M,Data Science and Research
Mid-level,Full-time,240000,United States,M,Data Science and Research
Mid-level,Full-time,180000,United States,M,Data Science and Research
Entry-level,Contract,88888,Germany,L,Data Science and Research
Executive,Full-time,106666,Spain,L,Data Science and Research
Executive,Full-time,106666,Spain,L,Data Science and Research
Senior,Full-time,130500,United States,M,Data Engineering
Senior,Full-time,96000,United States,M,Data Engineering
Mid-level,Full-time,166000,United States,M,Data Science and Research
Mid-level,Full-time,73100,United States,M,Data Science and Research
Mid-level,Full-time,62500,United Kingdom,M,Machine Learning and AI
Mid-level,Full-time,50000,United Kingdom,M,Machine Learning and AI
Senior,Full-time,234000,United States,M,Data Analysis
Senior,Full-time,146000,United States,M,Data Analysis
Senior,Full-time,125000,United Kingdom,M,Data Engineering
Senior,Full-time,125000,United Kingdom,M,Data Engineering
Senior,Full-time,65333,Lithuania,M,Data Science and Research
Senior,Full-time,46666,Lithuania,M,Data Science and Research
Senior,Full-time,105000,United States,M,Data Engineering
Senior,Full-time,95000,United States,M,Data Engineering
Entry-level,Full-time,60500,United States,M,Data Analysis
Entry-level,Full-time,40300,United States,M,Data Analysis
Mid-level,Full-time,160000,United States,M,Data Analysis
Mid-level,Full-time,95000,United States,M,Data Analysis
Entry-level,Full-time,152500,United States,M,Data Engineering
Entry-level,Full-time,138200,United States,M,Data Engineering
Senior,Full-time,164300,United States,M,Data Science and Research
Senior,Full-time,104000,United States,M,Data Science and Research
Senior,Full-time,163700,United States,M,Data Analysis
Senior,Full-time,109100,United States,M,Data Analysis
Senior,Full-time,130000,United States,M,Data Engineering
Senior,Full-time,100000,United States,M,Data Engineering
Senior,Full-time,220000,United States,M,Machine Learning and AI
Senior,Full-time,200000,United States,M,Machine Learning and AI
Mid-level,Full-time,115000,United States,M,Data Engineering
Mid-level,Full-time,95000,United States,M,Data Engineering
Senior,Full-time,230000,United States,M,Leadership and Management
Senior,Full-time,170000,United States,M,Leadership and Management
Senior,Full-time,250000,United States,M,Leadership and Management
Senior,Full-time,180700,United States,M,Leadership and Management
Senior,Full-time,136675,United States,M,Leadership and Management
Senior,Full-time,111648,United States,M,Leadership and Management
Senior,Full-time,81250,United Kingdom,M,Data Engineering
Senior,Full-time,81250,United Kingdom,M,Data Engineering
Senior,Full-time,254000,United States,M,Machine Learning and AI
Senior,Full-time,200000,United States,M,Machine Learning and AI
Senior,Full-time,161000,United States,M,Data Science and Research
Senior,Full-time,133200,United States,M,Data Science and Research
Mid-level,Full-time,106250,United Kingdom,M,Data Engineering
Mid-level,Full-time,106250,United Kingdom,M,Data Engineering
Entry-level,Full-time,160000,United States,M,Data Science and Research
Entry-level,Full-time,140000,United States,M,Data Science and Research
Mid-level,Full-time,223100,United States,M,Machine Learning and AI
Mid-level,Full-time,126400,United States,M,Machine Learning and AI
Senior,Full-time,190000,United States,M,Leadership and Management
Senior,Full-time,136000,United States,M,Leadership and Management
Mid-level,Full-time,134400,United States,M,Data Architecture and Modeling
Mid-level,Full-time,100000,United States,M,Data Architecture and Modeling
Mid-level,Full-time,246000,United States,M,Data Engineering
Mid-level,Full-time,170000,United States,M,Data Engineering
Entry-level,Full-time,198000,United States,M,Data Science and Research
Entry-level,Full-time,115000,United States,M,Data Science and Research
Mid-level,Full-time,150000,United States,M,Data Science and Research
Mid-level,Full-time,103000,United States,M,Data Science and Research
Senior,Full-time,170000,United States,M,Data Science and Research
Senior,Full-time,160000,United States,M,Data Science and Research
Senior,Full-time,175000,United States,M,Data Analysis
Senior,Full-time,117000,United States,M,Data Analysis
Senior,Full-time,85000,United States,M,Data Analysis
Senior,Full-time,79000,United States,M,Data Analysis
Mid-level,Full-time,100000,United States,M,Leadership and Management
Mid-level,Full-time,75000,United States,M,Leadership and Management
Senior,Full-time,205000,United States,M,Data Science and Research
Senior,Full-time,190000,United States,M,Data Science and Research
Senior,Full-time,331640,United States,M,Data Engineering
Senior,Full-time,283780,United States,M,Data Engineering
Mid-level,Full-time,222200,United States,L,Data Science and Research
Mid-level,Full-time,136000,United States,L,Data Science and Research
Mid-level,Full-time,117000,United States,L,Leadership and Management
Entry-level,Full-time,99000,United States,M,BI and Visualization
Entry-level,Full-time,72000,United States,M,BI and Visualization
Mid-level,Full-time,77000,United States,M,Leadership and Management
Mid-level,Full-time,49900,United States,M,Leadership and Management
Mid-level,Full-time,95000,United States,M,Data Analysis
Mid-level,Full-time,70000,United States,M,Data Analysis
Mid-level,Full-time,203500,United States,M,Data Science and Research
Mid-level,Full-time,133000,United States,M,Data Science and Research
Senior,Full-time,104000,United States,M,Data Engineering
Senior,Full-time,80000,United States,M,Data Engineering
Mid-level,Full-time,134400,United States,M,Data Analysis
Mid-level,Full-time,100000,United States,M,Data Analysis
Entry-level,Full-time,33500,United Kingdom,M,Data Science and Research
Entry-level,Full-time,33500,United Kingdom,M,Data Science and Research
Senior,Full-time,81250,United Kingdom,M,Data Science and Research
Senior,Full-time,56250,United Kingdom,M,Data Science and Research
Entry-level,Full-time,64500,United States,M,Data Analysis
Entry-level,Full-time,51500,United States,M,Data Analysis
Senior,Full-time,240200,United Kingdom,M,Machine Learning and AI
Senior,Full-time,102900,United Kingdom,M,Machine Learning and AI
Mid-level,Full-time,195600,United States,M,Data Analysis
Mid-level,Full-time,165500,United States,M,Data Analysis
Senior,Full-time,180400,United States,M,Data Analysis
Senior,Full-time,138800,United States,M,Data Analysis
Senior,Full-time,180000,United States,M,Data Science and Research
Senior,Full-time,139000,United States,M,Data Science and Research
Senior,Full-time,112000,United States,M,Data Science and Research
Senior,Full-time,109000,United States,M,Data Science and Research
Senior,Full-time,147670,United States,M,Data Science and Research
Senior,Full-time,118136,United States,M,Data Science and Research
Senior,Full-time,164000,United States,M,Data Architecture and Modeling
Senior,Full-time,117000,United States,M,Data Architecture and Modeling
Senior,Full-time,42000,Philippines,M,BI and Visualization
Senior,Full-time,21600,Philippines,M,BI and Visualization
Senior,Full-time,154000,United States,M,Data Science and Research
Senior,Full-time,81536,United States,M,Data Science and Research
Senior,Full-time,180000,United States,M,Data Science and Research
Senior,Full-time,139000,United States,M,Data Science and Research
Entry-level,Full-time,28750,United Kingdom,M,Data Analysis
Entry-level,Full-time,28750,United Kingdom,M,Data Analysis
Senior,Full-time,198000,United States,M,Data Engineering
Senior,Full-time,143000,United States,M,Data Engineering
Senior,Full-time,340000,United States,M,Machine Learning and AI
Senior,Full-time,212000,United States,M,Machine Learning and AI
Senior,Full-time,230000,United States,M,Machine Learning and AI
Senior,Full-time,170000,United States,M,Machine Learning and AI
Entry-level,Full-time,51000,United States,M,Data Science and Research
Senior,Full-time,77777,Finland,L,Machine Learning and AI
Entry-level,Full-time,27000,Türkiye,S,Machine Learning and AI
Mid-level,Full-time,129545,Switzerland,L,Data Science and Research
Entry-level,Full-time,80769,Canada,M,Data Science and Research
Senior,Full-time,108500,United States,M,BI and Visualization
Senior,Full-time,78800,United States,M,BI and Visualization
Mid-level,Full-time,385000,United States,M,Data Engineering
Mid-level,Full-time,200000,United States,M,Data Engineering
Senior,Full-time,297000,United States,M,Data Science and Research
Senior,Full-time,138000,United States,M,Data Science and Research
Mid-level,Full-time,198000,United States,M,Data Science and Research
Mid-level,Full-time,140000,United States,M,Data Science and Research
Senior,Full-time,46848,Oman,M,Machine Learning and AI
Entry-level,Full-time,130400,United States,M,Machine Learning and AI
Entry-level,Full-time,74500,United States,M,Machine Learning and AI
Senior,Full-time,212000,Australia,M,Data Architecture and Modeling
Senior,Full-time,93400,Australia,M,Data Architecture and Modeling
Mid-level,Full-time,142000,Canada,M,BI and Visualization
Mid-level,Full-time,91300,Canada,M,BI and Visualization
Senior,Full-time,166000,United States,M,Leadership and Management
Senior,Full-time,73100,United States,M,Leadership and Management
Entry-level,Full-time,133000,United States,M,Data Science and Research
Entry-level,Full-time,58400,United States,M,Data Science and Research
Senior,Full-time,204600,United States,M,Data Science and Research
Senior,Full-time,84500,United States,M,Data Science and Research
Mid-level,Full-time,176000,United States,M,Data Science and Research
Mid-level,Full-time,72700,United States,M,Data Science and Research
Entry-level,Full-time,92000,United States,M,Data Analysis
Entry-level,Full-time,65000,United States,M,Data Analysis
Senior,Full-time,231000,United States,M,Data Engineering
Senior,Full-time,141000,United States,M,Data Engineering
Senior,Full-time,162819,United States,M,Data Science and Research
Senior,Full-time,95776,United States,M,Data Science and Research
Mid-level,Full-time,222200,United States,L,Data Science and Research
Mid-level,Full-time,136000,United States,L,Data Science and Research
Mid-level,Full-time,138278,United States,M,Data Engineering
Mid-level,Full-time,86424,United States,M,Data Engineering
Senior,Full-time,130500,United States,M,Leadership and Management
Senior,Full-time,96000,United States,M,Leadership and Management
Senior,Full-time,175000,United States,M,Data Architecture and Modeling
Senior,Full-time,117000,United States,M,Data Architecture and Modeling
Mid-level,Full-time,122100,United States,M,Data Engineering
Mid-level,Full-time,75500,United States,M,Data Engineering
Mid-level,Full-time,250000,United States,M,Leadership and Management
Mid-level,Full-time,200000,United States,M,Leadership and Management
Mid-level,Full-time,117000,United States,M,BI and Visualization
Mid-level,Full-time,99600,United States,M,BI and Visualization
Entry-level,Full-time,162240,United States,M,Data Engineering
Entry-level,Full-time,47840,United States,M,Data Engineering
Mid-level,Full-time,231250,United States,M,Data Science and Research
Mid-level,Full-time,111000,United States,M,Data Science and Research
Senior,Full-time,277000,United States,M,Data Engineering
Senior,Full-time,173000,United States,M,Data Engineering
Mid-level,Full-time,128000,United States,M,Leadership and Management
Mid-level,Full-time,81500,United States,M,Leadership and Management
Senior,Full-time,202800,United States,M,Data Science and Research
Senior,Full-time,115000,United States,M,Data Science and Research
Entry-level,Full-time,65000,United States,M,Data Analysis
Entry-level,Full-time,55751,United States,M,Data Analysis
Senior,Full-time,165000,United States,M,Data Architecture and Modeling
Senior,Full-time,150000,United States,M,Data Architecture and Modeling
Senior,Full-time,257250,United States,M,Machine Learning and AI
Senior,Full-time,99750,United States,M,Machine Learning and AI
Senior,Full-time,169767,New Zealand,M,Data Architecture and Modeling
Senior,Full-time,136420,New Zealand,M,Data Architecture and Modeling
Mid-level,Full-time,100000,United States,M,Leadership and Management
Mid-level,Full-time,95000,United States,M,Leadership and Management
Mid-level,Full-time,147800,United States,M,Data Science and Research
Mid-level,Full-time,93100,United States,M,Data Science and Research
Mid-level,Full-time,83300,United States,M,Leadership and Management
Mid-level,Full-time,47500,United States,M,Leadership and Management
Senior,Full-time,160000,United States,M,Data Engineering
Senior,Full-time,100000,United States,M,Data Engineering
Entry-level,Full-time,92000,Australia,M,BI and Visualization
Entry-level,Full-time,90000,Australia,M,BI and Visualization
Senior,Full-time,220000,United Kingdom,M,Leadership and Management
Senior,Full-time,137500,United Kingdom,M,Leadership and Management
Entry-level,Full-time,175100,United States,M,Data Science and Research
Entry-level,Full-time,82915,United States,M,Data Science and Research
Mid-level,Full-time,166000,United States,M,Data Engineering
Mid-level,Full-time,73000,United States,M,Data Engineering
Senior,Full-time,236400,United States,M,Data Science and Research
Senior,Full-time,141800,United States,M,Data Science and Research
Senior,Full-time,150000,United States,M,Data Engineering
Senior,Full-time,135000,United States,M,Data Engineering
Senior,Full-time,147500,United States,M,BI and Visualization
Senior,Full-time,70800,United States,M,BI and Visualization
Mid-level,Full-time,185000,United States,L,BI and Visualization
Mid-level,Full-time,79600,United States,L,BI and Visualization
Entry-level,Full-time,99200,United States,M,Data Analysis
Entry-level,Full-time,69400,United States,M,Data Analysis
Entry-level,Full-time,88200,United States,M,Data Analysis
Entry-level,Full-time,61700,United States,M,Data Analysis
Senior,Full-time,234000,United States,M,Data Science and Research
Senior,Full-time,146000,United States,M,Data Science and Research
Mid-level,Full-time,165000,United States,M,Data Science and Research
Mid-level,Full-time,165000,United States,M,Data Science and Research
Senior,Full-time,160000,United States,M,Data Analysis
Senior,Full-time,130000,United States,M,Data Analysis
Mid-level,Full-time,154800,United States,M,Data Science and Research
Mid-level,Full-time,76300,United States,M,Data Science and Research
Mid-level,Full-time,112000,United States,M,Data Analysis
Mid-level,Full-time,84000,United States,M,Data Analysis
Entry-level,Full-time,115000,United States,M,Data Analysis
Entry-level,Full-time,90000,United States,M,Data Analysis
Senior,Full-time,170000,United States,M,Data Engineering
Senior,Full-time,130000,United States,M,Data Engineering
Senior,Full-time,185000,United States,L,BI and Visualization
Senior,Full-time,79600,United States,L,BI and Visualization
Entry-level,Full-time,160000,United States,M,Data Analysis
Entry-level,Full-time,110000,United States,M,Data Analysis
Mid-level,Full-time,95000,United States,M,Data Analysis
Mid-level,Full-time,65000,United States,M,Data Analysis
Senior,Full-time,180000,Canada,M,Leadership and Management
Senior,Full-time,120000,Canada,M,Leadership and Management
Senior,Full-time,155000,United States,M,Data Analysis
Senior,Full-time,100000,United States,M,Data Analysis
Senior,Full-time,190500,Canada,M,Data Science and Research
Senior,Full-time,138500,Canada,M,Data Science and Research
Senior,Full-time,159000,Canada,M,Data Engineering
Senior,Full-time,127000,Canada,M,Data Engineering
Entry-level,Full-time,147000,United States,M,Data Analysis
Entry-level,Full-time,118000,United States,M,Data Analysis
Entry-level,Full-time,170000,United States,M,Machine Learning and AI
Entry-level,Full-time,125000,United States,M,Machine Learning and AI
Senior,Full-time,116000,United States,M,Data Science and Research
Senior,Full-time,90000,United States,M,Data Science and Research
Senior,Full-time,255475,United States,M,Data Engineering
Senior,Full-time,185800,United States,M,Data Engineering
Mid-level,Full-time,85000,United States,M,Data Architecture and Modeling
Mid-level,Full-time,65000,United States,M,Data Architecture and Modeling
Mid-level,Full-time,150000,United States,M,Data Science and Research
Mid-level,Full-time,120000,United States,M,Data Science and Research
Mid-level,Full-time,190000,United States,M,Leadership and Management
Mid-level,Full-time,190000,United States,M,Leadership and Management
Mid-level,Full-time,440000,United States,M,Data Science and Research
Mid-level,Full-time,295000,United States,M,Data Science and Research
Senior,Full-time,170000,United States,M,Leadership and Management
Senior,Full-time,140000,United States,M,Leadership and Management
Senior,Full-time,165000,United States,M,Data Science and Research
Senior,Full-time,140250,United States,M,Data Science and Research
Mid-level,Full-time,110300,United States,M,Leadership and Management
Mid-level,Full-time,78100,United States,M,Leadership and Management
Mid-level,Full-time,210000,United States,M,Machine Learning and AI
Mid-level,Full-time,151800,United States,M,Machine Learning and AI
Entry-level,Full-time,75000,United States,M,BI and Visualization
Entry-level,Full-time,65000,United States,M,BI and Visualization
Mid-level,Full-time,140000,United States,M,Data Analysis
Mid-level,Full-time,105000,United States,M,Data Analysis
Mid-level,Full-time,200000,United States,L,Data Science and Research
Senior,Full-time,157144,United States,M,Leadership and Management
Senior,Full-time,99445,United States,M,Leadership and Management
Senior,Full-time,211511,Canada,M,Data Engineering
Senior,Full-time,100006,Canada,M,Data Engineering
Senior,Full-time,201900,United States,M,Data Engineering
Senior,Full-time,97335,United States,M,Data Engineering
Senior,Full-time,283800,United States,M,Data Science and Research
Senior,Full-time,170700,United States,M,Data Science and Research
Senior,Full-time,152400,United States,M,Data Science and Research
Senior,Full-time,73700,United States,M,Data Science and Research
Mid-level,Full-time,166000,United States,M,Data Engineering
Mid-level,Full-time,73100,United States,M,Data Engineering
Senior,Full-time,202600,United States,M,Data Science and Research
Senior,Full-time,93800,United States,M,Data Science and Research
Senior,Full-time,273500,United States,M,Data Science and Research
Senior,Full-time,126600,United States,M,Data Science and Research
Senior,Full-time,176875,United States,M,BI and Visualization
Senior,Full-time,84750,United States,M,BI and Visualization
Mid-level,Full-time,166000,United States,M,Data Engineering
Mid-level,Full-time,73100,United States,M,Data Engineering
Entry-level,Full-time,88200,United States,M,Data Analysis
Entry-level,Full-time,61700,United States,M,Data Analysis
Mid-level,Full-time,75000,United States,M,Data Engineering
Mid-level,Full-time,60000,United States,M,Data Engineering
Mid-level,Full-time,121500,United States,M,Data Science and Research
Mid-level,Full-time,88200,United States,M,Data Science and Research
Mid-level,Full-time,133000,United States,M,Data Engineering
Mid-level,Full-time,58300,United States,M,Data Engineering
Senior,Full-time,229900,United States,M,Data Engineering
Senior,Full-time,201400,United States,M,Data Engineering
Senior,Full-time,247250,United States,M,Data Science and Research
Senior,Full-time,160000,United States,M,Data Science and Research
Senior,Full-time,177700,United States,M,Data Science and Research
Senior,Full-time,94700,United States,M,Data Science and Research
Senior,Full-time,184000,United States,M,Data Engineering
Senior,Full-time,123000,United States,M,Data Engineering
Senior,Full-time,258600,United States,M,Machine Learning and AI
Senior,Full-time,215500,United States,M,Machine Learning and AI
Senior,Full-time,237188,United States,M,Data Science and Research
Senior,Full-time,194063,United States,M,Data Science and Research
Mid-level,Full-time,112500,United States,M,Data Management and Strategy
Mid-level,Full-time,59500,United States,M,Data Management and Strategy
Senior,Full-time,153900,United States,M,Data Analysis
Senior,Full-time,85500,United States,M,Data Analysis
Senior,Full-time,210000,United States,M,Data Science and Research
Senior,Full-time,151800,United States,M,Data Science and Research
Senior,Full-time,108500,United States,M,BI and Visualization
Senior,Full-time,78800,United States,M,BI and Visualization
Mid-level,Full-time,212000,United States,M,Data Science and Research
Mid-level,Full-time,93300,United States,M,Data Science and Research
Mid-level,Full-time,209000,United States,M,Data Engineering
Mid-level,Full-time,171000,United States,M,Data Engineering
Senior,Full-time,164000,United States,M,Data Analysis
Senior,Full-time,109000,United States,M,Data Analysis
Senior,Full-time,140000,United States,M,Data Analysis
Senior,Full-time,115000,United States,M,Data Analysis
Entry-level,Full-time,83300,United States,M,Data Analysis
Entry-level,Full-time,47500,United States,M,Data Analysis
Mid-level,Full-time,156450,United States,M,Leadership and Management
Mid-level,Full-time,119200,United States,M,Leadership and Management
Senior,Full-time,161500,United States,M,Data Science and Research
Senior,Full-time,113050,United States,M,Data Science and Research
Entry-level,Full-time,130916,United States,M,Data Engineering
Entry-level,Full-time,120000,United States,M,Data Engineering
Mid-level,Full-time,260000,United States,M,Data Science and Research
Mid-level,Full-time,198000,United States,M,Data Science and Research
Mid-level,Full-time,235000,United States,M,Data Engineering
Mid-level,Full-time,170000,United States,M,Data Engineering
Senior,Full-time,185900,United States,M,Data Science and Research
Senior,Full-time,109400,United States,M,Data Science and Research
Senior,Full-time,210000,United States,M,Machine Learning and AI
Senior,Full-time,180000,United States,M,Machine Learning and AI
Senior,Full-time,180000,United States,M,Data Engineering
Senior,Full-time,110000,United States,M,Data Engineering
Senior,Full-time,185000,United States,M,Data Engineering
Senior,Full-time,148000,United States,M,Data Engineering
Senior,Full-time,180000,United States,M,Data Science and Research
Senior,Full-time,110000,United States,M,Data Science and Research
Mid-level,Full-time,235680,United States,M,Machine Learning and AI
Mid-level,Full-time,153040,United States,M,Machine Learning and AI
Senior,Full-time,145000,United States,M,Data Engineering
Senior,Full-time,106500,United States,M,Data Engineering
Senior,Full-time,290000,United States,M,Data Science and Research
Senior,Full-time,240000,United States,M,Data Science and Research
Senior,Full-time,185000,United States,M,Data Analysis
Senior,Full-time,145000,United States,M,Data Analysis
Senior,Full-time,150000,United States,M,BI and Visualization
Senior,Full-time,123000,United States,M,BI and Visualization
Senior,Full-time,270400,United States,M,Machine Learning and AI
Senior,Full-time,145600,United States,M,Machine Learning and AI
Mid-level,Full-time,177000,United States,M,Data Analysis
Mid-level,Full-time,149000,United States,M,Data Analysis
Entry-level,Full-time,115000,United States,M,Data Analysis
Entry-level,Full-time,95000,United States,M,Data Analysis
Mid-level,Full-time,167500,United States,M,BI and Visualization
Mid-level,Full-time,106500,United States,M,BI and Visualization
Senior,Full-time,303050,United States,M,Data Science and Research
Senior,Full-time,202350,United States,M,Data Science and Research
Senior,Full-time,184000,United States,M,Data Architecture and Modeling
Senior,Full-time,123000,United States,M,Data Architecture and Modeling
Senior,Full-time,244400,France,M,Leadership and Management
Senior,Full-time,131600,France,M,Leadership and Management
Senior,Full-time,110000,United States,M,Data Engineering
Senior,Full-time,76500,United States,M,Data Engineering
Mid-level,Full-time,134400,United States,M,Data Analysis
Mid-level,Full-time,81200,United States,M,Data Analysis
Entry-level,Full-time,100000,United States,M,Data Analysis
Entry-level,Full-time,75000,United States,M,Data Analysis
Senior,Full-time,280000,United States,M,Data Science and Research
Entry-level,Full-time,130000,United States,M,Data Analysis
Entry-level,Full-time,100000,United States,M,Data Analysis
Senior,Full-time,207300,United States,M,Data Analysis
Senior,Full-time,149300,United States,M,Data Analysis
Mid-level,Full-time,128000,United States,M,Data Science and Research
Mid-level,Full-time,81500,United States,M,Data Science and Research
Senior,Full-time,144000,United States,M,Data Engineering
Senior,Full-time,113000,United States,M,Data Engineering
Senior,Full-time,278700,United States,M,Data Science and Research
Senior,Full-time,159300,United States,M,Data Science and Research
Senior,Full-time,81250,United Kingdom,M,Data Science and Research
Senior,Full-time,68750,United Kingdom,M,Data Science and Research
Mid-level,Full-time,165600,United States,L,BI and Visualization
Mid-level,Full-time,65800,United States,L,BI and Visualization
Senior,Full-time,200000,United States,M,Machine Learning and AI
Senior,Full-time,85000,United States,M,Machine Learning and AI
Mid-level,Full-time,193412,Canada,M,Data Engineering
Mid-level,Full-time,116047,Canada,M,Data Engineering
Mid-level,Full-time,359400,United States,M,Data Science and Research
Mid-level,Full-time,239600,United States,M,Data Science and Research
Entry-level,Full-time,132000,United States,M,Data Analysis
Entry-level,Full-time,108000,United States,M,Data Analysis
Mid-level,Full-time,106050,United States,M,Data Engineering
Mid-level,Full-time,80420,United States,M,Data Engineering
Senior,Full-time,240000,United States,M,Data Science and Research
Senior,Full-time,204000,United States,M,Data Science and Research
Senior,Full-time,174300,United States,M,Data Science and Research
Senior,Full-time,140000,United States,M,Data Science and Research
Senior,Full-time,195000,United States,M,Data Science and Research
Senior,Full-time,136500,United States,M,Data Science and Research
Mid-level,Full-time,180000,United States,M,Data Engineering
Mid-level,Full-time,155000,United States,M,Data Engineering
Executive,Full-time,175762,United States,M,Data Science and Research
Executive,Full-time,97254,United States,M,Data Science and Research
Executive,Full-time,160000,United States,M,Data Analysis
Executive,Full-time,120000,United States,M,Data Analysis
Senior,Full-time,120000,United States,M,Data Analysis
Senior,Full-time,100000,United States,M,Data Analysis
Mid-level,Full-time,180000,United States,M,Machine Learning and AI
Mid-level,Full-time,150000,United States,M,Machine Learning and AI
Senior,Full-time,145125,United States,M,Data Science and Research
Senior,Full-time,124875,United States,M,Data Science and Research
Senior,Full-time,290000,United States,M,Data Science and Research
Senior,Full-time,210000,United States,M,Data Science and Research
Mid-level,Full-time,215000,United States,M,Data Science and Research
Mid-level,Full-time,152000,United States,M,Data Science and Research
Mid-level,Full-time,123900,United States,M,Leadership and Management
Mid-level,Full-time,66100,United States,M,Leadership and Management
Senior,Full-time,182000,United States,M,Machine Learning and AI
Senior,Full-time,164000,United States,M,Machine Learning and AI
Senior,Full-time,108334,United States,M,Data Analysis
Senior,Full-time,59923,United States,M,Data Analysis
Senior,Full-time,150000,United States,M,Data Science and Research
Senior,Full-time,130000,United States,M,Data Science and Research
Executive,Full-time,160000,United States,M,Data Science and Research
Executive,Full-time,120000,United States,M,Data Science and Research
Mid-level,Full-time,140000,United States,M,Data Engineering
Mid-level,Full-time,70000,United States,M,Data Engineering
Senior,Full-time,150800,United States,M,Data Science and Research
Senior,Full-time,100600,United States,M,Data Science and Research
Senior,Full-time,276000,United States,M,Data Architecture and Modeling
Senior,Full-time,174000,United States,M,Data Architecture and Modeling
Mid-level,Full-time,120000,United States,M,Data Science and Research
Mid-level,Full-time,94400,United States,M,Data Science and Research
Mid-level,Full-time,160000,United States,M,Data Science and Research
Mid-level,Full-time,136000,United States,M,Data Science and Research
Mid-level,Full-time,215000,United States,M,Data Science and Research
Mid-level,Full-time,152000,United States,M,Data Science and Research
Senior,Full-time,140000,United States,M,Data Analysis
Senior,Full-time,110000,United States,M,Data Analysis
Senior,Full-time,185000,United States,L,BI and Visualization
Senior,Full-time,79600,United States,L,BI and Visualization
Mid-level,Full-time,215000,Australia,M,Machine Learning and AI
Mid-level,Full-time,200000,Australia,M,Machine Learning and AI
Executive,Full-time,212500,United States,M,Data Engineering
Executive,Full-time,163500,United States,M,Data Engineering
Senior,Full-time,237650,United States,M,Data Science and Research
Senior,Full-time,172700,United States,M,Data Science and Research
Senior,Full-time,148500,United States,M,Data Science and Research
Senior,Full-time,103275,United States,M,Data Science and Research
Senior,Full-time,175000,United States,M,Data Science and Research
Senior,Full-time,145000,United States,M,Data Science and Research
Entry-level,Full-time,257400,United States,M,Data Science and Research
Entry-level,Full-time,193500,United States,M,Data Science and Research
Entry-level,Full-time,17598,Mexico,L,Data Engineering
Entry-level,Full-time,17600,Mexico,L,Data Engineering
Senior,Full-time,140000,United States,M,Machine Learning and AI
Senior,Full-time,90000,United States,M,Machine Learning and AI
Senior,Full-time,333500,United States,M,Data Science and Research
Senior,Full-time,180000,United States,M,Data Science and Research
Senior,Full-time,285670,United States,M,Data Science and Research
Senior,Full-time,207760,United States,M,Data Science and Research
Entry-level,Full-time,80142,Netherlands,M,Data Analysis
Entry-level,Full-time,56100,Netherlands,M,Data Analysis
Senior,Full-time,170800,United States,M,Data Science and Research
Senior,Full-time,92300,United States,M,Data Science and Research
Senior,Full-time,249700,United States,M,Data Science and Research
Senior,Full-time,156300,United States,M,Data Science and Research
Senior,Full-time,200200,United States,M,Data Analysis
Senior,Full-time,111200,United States,M,Data Analysis
Mid-level,Full-time,195200,United States,L,Data Science and Research
Mid-level,Full-time,100400,United States,L,Data Science and Research
Senior,Full-time,153900,United States,M,Data Analysis
Senior,Full-time,85500,United States,M,Data Analysis
Senior,Full-time,222000,United States,M,Data Architecture and Modeling
Senior,Full-time,132000,United States,M,Data Architecture and Modeling
Senior,Full-time,220000,United States,M,Data Science and Research
Senior,Full-time,137500,United States,M,Data Science and Research
Entry-level,Full-time,83200,United States,M,Data Science and Research
Entry-level,Full-time,45900,United States,M,Data Science and Research
Mid-level,Full-time,179000,United States,M,Data Science and Research
Mid-level,Full-time,112000,United States,M,Data Science and Research
Mid-level,Full-time,200000,United States,M,Machine Learning and AI
Mid-level,Full-time,180000,United States,M,Machine Learning and AI
Entry-level,Full-time,60000,France,M,Data Analysis
Entry-level,Full-time,55555,France,M,Data Analysis
Senior,Full-time,75000,United Kingdom,M,Data Science and Research
Senior,Full-time,50000,United Kingdom,M,Data Science and Research
Mid-level,Full-time,60462,Germany,S,Machine Learning and AI
Entry-level,Full-time,172800,United States,M,Data Science and Research
Entry-level,Full-time,144000,United States,M,Data Science and Research
Mid-level,Full-time,72222,Austria,M,Data Engineering
Mid-level,Full-time,47777,Austria,M,Data Engineering
Senior,Full-time,230000,United States,M,Machine Learning and AI
Senior,Full-time,200000,United States,M,Machine Learning and AI
Senior,Full-time,363000,United States,M,Data Architecture and Modeling
Senior,Full-time,139800,United States,M,Data Architecture and Modeling
Mid-level,Full-time,109000,United States,M,Data Science and Research
Mid-level,Full-time,93000,United States,M,Data Science and Research
Mid-level,Full-time,38888,Portugal,M,Data Science and Research
Mid-level,Full-time,28888,Portugal,M,Data Science and Research
Senior,Full-time,248600,United States,M,Data Science and Research
Senior,Full-time,149200,United States,M,Data Science and Research
Senior,Full-time,175000,United States,M,BI and Visualization
Senior,Full-time,150000,United States,M,BI and Visualization
Senior,Full-time,179000,United States,M,Data Architecture and Modeling
Senior,Full-time,112000,United States,M,Data Architecture and Modeling
Entry-level,Full-time,87999,United States,M,Data Analysis
Entry-level,Full-time,66560,United States,M,Data Analysis
Senior,Full-time,108500,United States,M,BI and Visualization
Senior,Full-time,78800,United States,M,BI and Visualization
Mid-level,Full-time,90000,United States,M,Machine Learning and AI
Mid-level,Full-time,70000,United States,M,Machine Learning and AI
Senior,Full-time,165000,United States,M,Machine Learning and AI
Senior,Full-time,150000,United States,M,Machine Learning and AI
Senior,Full-time,179000,United States,M,Data Engineering
Senior,Full-time,112000,United States,M,Data Engineering
Senior,Full-time,131200,United States,M,Leadership and Management
Senior,Full-time,95300,United States,M,Leadership and Management
Senior,Full-time,144300,United States,M,BI and Visualization
Senior,Full-time,104800,United States,M,BI and Visualization
Senior,Full-time,178250,United States,M,Machine Learning and AI
Senior,Full-time,105500,United States,M,Machine Learning and AI
Senior,Full-time,248600,United States,M,Data Science and Research
Senior,Full-time,149200,United States,M,Data Science and Research
Senior,Full-time,219600,United States,M,Leadership and Management
Senior,Full-time,125500,United States,M,Leadership and Management
Senior,Full-time,258500,United States,M,Data Engineering
Senior,Full-time,191857,United States,M,Data Engineering
Mid-level,Full-time,51381,United States,M,Data Engineering
Mid-level,Full-time,43675,United States,M,Data Engineering
Senior,Full-time,212000,United States,M,Machine Learning and AI
Senior,Full-time,93300,United States,M,Machine Learning and AI
Mid-level,Full-time,194000,United States,M,Data Engineering
Mid-level,Full-time,96000,United States,M,Data Engineering
Senior,Full-time,250000,United States,M,Data Architecture and Modeling
Senior,Full-time,140000,United States,M,Data Architecture and Modeling
Entry-level,Full-time,60000,Lithuania,M,Data Engineering
Entry-level,Full-time,50666,Lithuania,M,Data Engineering
Entry-level,Full-time,175100,United States,M,Data Science and Research
Entry-level,Full-time,82915,United States,M,Data Science and Research
Entry-level,Full-time,162240,United States,M,Data Science and Research
Entry-level,Full-time,47840,United States,M,Data Science and Research
Mid-level,Full-time,243800,United States,M,Data Science and Research
Mid-level,Full-time,123800,United States,M,Data Science and Research
Senior,Full-time,237600,United States,M,Data Engineering
Senior,Full-time,168600,United States,M,Data Engineering
Mid-level,Full-time,155000,United States,M,BI and Visualization
Mid-level,Full-time,124000,United States,M,BI and Visualization
Senior,Full-time,242000,Canada,M,Machine Learning and AI
Senior,Full-time,215000,Canada,M,Machine Learning and AI
Senior,Full-time,229369,United States,M,Machine Learning and AI
Senior,Full-time,146900,United States,M,Machine Learning and AI
Senior,Full-time,170000,United States,M,Data Science and Research
Senior,Full-time,152000,United States,M,Data Science and Research
Senior,Full-time,260000,United States,L,Data Science and Research
Senior,Full-time,136000,United States,L,Data Science and Research
Executive,Full-time,180000,United States,M,Data Science and Research
Executive,Full-time,125000,United States,M,Data Science and Research
Mid-level,Full-time,147000,United States,M,Data Analysis
Mid-level,Full-time,118000,United States,M,Data Analysis
Senior,Full-time,247500,United States,M,Data Engineering
Senior,Full-time,172200,United States,M,Data Engineering
Entry-level,Full-time,101000,United States,M,Data Analysis
Entry-level,Full-time,85000,United States,M,Data Analysis
Mid-level,Full-time,154000,United States,M,Data Analysis
Mid-level,Full-time,105000,United States,M,Data Analysis
Senior,Full-time,206500,United States,M,Data Quality and Operations
Senior,Full-time,121500,United States,M,Data Quality and Operations
Mid-level,Full-time,72500,United States,M,Data Analysis
Mid-level,Full-time,61000,United States,M,Data Analysis
Senior,Full-time,100000,United Kingdom,M,Data Science and Research
Senior,Full-time,87500,United Kingdom,M,Data Science and Research
Senior,Full-time,288400,United States,M,Data Science and Research
Senior,Full-time,144200,United States,M,Data Science and Research
Mid-level,Full-time,440000,United States,M,Machine Learning and AI
Entry-level,Full-time,171600,United States,M,Machine Learning and AI
Entry-level,Full-time,99500,United States,M,Machine Learning and AI
Senior,Full-time,175000,United States,M,Data Analysis
Senior,Full-time,150000,United States,M,Data Analysis
Senior,Full-time,199700,United States,M,Data Engineering
Senior,Full-time,165100,United States,M,Data Engineering
Entry-level,Full-time,85900,Mexico,M,Data Analysis
Mid-level,Full-time,222200,United States,L,Data Science and Research
Mid-level,Full-time,136000,United States,L,Data Science and Research
Senior,Full-time,313000,United States,M,Data Engineering
Senior,Full-time,135000,United States,M,Data Engineering
Senior,Full-time,153018,United States,M,Leadership and Management
Senior,Full-time,135000,United States,M,Leadership and Management
Mid-level,Full-time,170000,United States,M,Leadership and Management
Senior,Full-time,321000,United States,M,Data Science and Research
Senior,Full-time,214000,United States,M,Data Science and Research
Senior,Full-time,118750,United Kingdom,M,Data Engineering
Senior,Full-time,63437,United Kingdom,M,Data Engineering
Entry-level,Full-time,120000,United States,M,Data Analysis
Entry-level,Full-time,111510,United States,M,Data Analysis
Senior,Full-time,141375,United States,M,Data Analysis
Senior,Full-time,111500,United States,M,Data Analysis
Mid-level,Full-time,30000,Bosnia and Herzegovina,S,Machine Learning and AI
Mid-level,Full-time,75000,United States,M,Data Analysis
Senior,Full-time,250000,United States,M,Machine Learning and AI
Senior,Full-time,125000,United States,M,Machine Learning and AI
Entry-level,Full-time,83300,United States,M,Data Analysis
Entry-level,Full-time,47500,United States,M,Data Analysis
Entry-level,Full-time,154818,United States,M,Data Analysis
Entry-level,Full-time,96761,United States,M,Data Analysis
Senior,Full-time,150000,United Kingdom,M,Data Architecture and Modeling
Senior,Full-time,112500,United Kingdom,M,Data Architecture and Modeling
Senior,Full-time,345400,United States,M,Machine Learning and AI
Senior,Full-time,223700,United States,M,Machine Learning and AI
Senior,Full-time,96600,United States,M,Leadership and Management
Senior,Full-time,55200,United States,M,Leadership and Management
Senior,Full-time,128000,United States,M,Data Engineering
Senior,Full-time,81500,United States,M,Data Engineering
Senior,Full-time,218185,United States,M,Data Engineering
Senior,Full-time,158680,United States,M,Data Engineering
Senior,Full-time,135000,United States,M,Data Analysis
Senior,Full-time,100000,United States,M,Data Analysis
Mid-level,Full-time,185000,United States,L,BI and Visualization
Mid-level,Full-time,79600,United States,L,BI and Visualization
Senior,Full-time,235700,United States,M,Data Science and Research
Senior,Full-time,124400,United States,M,Data Science and Research
Mid-level,Full-time,222200,United States,L,Data Science and Research
Mid-level,Full-time,136000,United States,L,Data Science and Research
Senior,Full-time,225000,United States,M,Machine Learning and AI
Senior,Full-time,150000,United States,M,Machine Learning and AI
Mid-level,Full-time,180000,United States,M,Data Engineering
Mid-level,Full-time,130000,United States,M,Data Engineering
Executive,Full-time,286500,United States,M,Data Science and Research
Executive,Full-time,204000,United States,M,Data Science and Research
Senior,Full-time,180000,United States,M,Data Science and Research
Senior,Full-time,139000,United States,M,Data Science and Research
Mid-level,Full-time,100000,United States,M,Leadership and Management
Mid-level,Full-time,95000,United States,M,Leadership and Management
Senior,Full-time,60000,Brazil,M,Machine Learning and AI
Senior,Full-time,54000,Brazil,M,Machine Learning and AI
Senior,Full-time,385000,United States,M,Machine Learning and AI
Senior,Full-time,310000,United States,M,Machine Learning and AI
Senior,Full-time,207000,United States,M,Machine Learning and AI
Senior,Full-time,149800,United States,M,Machine Learning and AI
Executive,Full-time,300000,United States,M,Data Science and Research
Executive,Full-time,220000,United States,M,Data Science and Research
Senior,Full-time,202800,United States,M,Data Science and Research
Senior,Full-time,115000,United States,M,Data Science and Research
Mid-level,Full-time,140400,United States,M,Data Science and Research
Mid-level,Full-time,90000,United States,M,Data Science and Research
Senior,Full-time,175000,United States,M,Machine Learning and AI
Senior,Full-time,150000,United States,M,Machine Learning and AI
Mid-level,Full-time,168000,United States,M,BI and Visualization
Mid-level,Full-time,158000,United States,M,BI and Visualization
Senior,Full-time,165000,United States,M,Data Architecture and Modeling
Senior,Full-time,123000,United States,M,Data Architecture and Modeling
Senior,Full-time,92000,Argentina,M,Machine Learning and AI
Senior,Full-time,85000,Argentina,M,Machine Learning and AI
Mid-level,Full-time,170200,United States,M,Data Science and Research
Mid-level,Full-time,83900,United States,M,Data Science and Research
Senior,Full-time,180000,United States,M,Data Science and Research
Senior,Full-time,139000,United States,M,Data Science and Research
Mid-level,Full-time,130000,United States,M,Data Engineering
Mid-level,Full-time,90000,United States,M,Data Engineering
Senior,Full-time,210000,United States,M,Machine Learning and AI
Senior,Full-time,190000,United States,M,Machine Learning and AI
Executive,Full-time,150000,United States,L,Data Engineering
Senior,Full-time,200000,United States,M,Data Architecture and Modeling
Senior,Full-time,115000,United States,M,Data Architecture and Modeling
Senior,Full-time,174500,United States,M,Data Science and Research
Senior,Full-time,126800,United States,M,Data Science and Research
Mid-level,Full-time,114000,Canada,M,Data Architecture and Modeling
Mid-level,Full-time,69000,Canada,M,Data Architecture and Modeling
Senior,Full-time,277000,United States,M,Machine Learning and AI
Senior,Full-time,173000,United States,M,Machine Learning and AI
Mid-level,Full-time,179000,United States,M,Data Engineering
Mid-level,Full-time,112000,United States,M,Data Engineering
Entry-level,Full-time,130000,United States,M,Data Analysis
Entry-level,Full-time,115000,United States,M,Data Analysis
Senior,Full-time,200070,Canada,M,Machine Learning and AI
Senior,Full-time,107730,Canada,M,Machine Learning and AI
Senior,Full-time,81250,United States,M,Data Science and Research
Senior,Full-time,70000,United States,M,Data Science and Research
Mid-level,Full-time,240000,United States,M,Machine Learning and AI
Mid-level,Full-time,130000,United States,M,Machine Learning and AI
Senior,Full-time,230000,United States,M,Data Engineering
Senior,Full-time,165000,United States,M,Data Engineering
Senior,Full-time,180000,United States,M,Machine Learning and AI
Senior,Full-time,125000,United States,M,Machine Learning and AI
Mid-level,Full-time,165000,United States,M,Data Science and Research
Mid-level,Full-time,132000,United States,M,Data Science and Research
Senior,Full-time,282000,United States,M,Machine Learning and AI
Senior,Full-time,188000,United States,M,Machine Learning and AI
Senior,Full-time,287500,United States,M,Leadership and Management
Senior,Full-time,156000,United States,M,Leadership and Management
Senior,Full-time,175000,United States,M,Data Science and Research
Senior,Full-time,150000,United States,M,Data Science and Research
Mid-level,Full-time,125000,United States,M,Data Engineering
Mid-level,Full-time,89000,United States,M,Data Engineering
Entry-level,Full-time,198000,United States,M,Data Science and Research
Entry-level,Full-time,132000,United States,M,Data Science and Research
Mid-level,Full-time,158100,United States,M,Data Science and Research
Mid-level,Full-time,138500,United States,M,Data Science and Research
Mid-level,Full-time,220000,United States,M,Data Science and Research
Mid-level,Full-time,150000,United States,M,Data Science and Research
Mid-level,Full-time,179700,United States,M,Machine Learning and AI
Mid-level,Full-time,85700,United States,M,Machine Learning and AI
Mid-level,Full-time,220000,United States,M,Machine Learning and AI
Mid-level,Full-time,137500,United States,M,Machine Learning and AI
Executive,Full-time,150000,United States,M,BI and Visualization
Executive,Full-time,120000,United States,M,BI and Visualization
Mid-level,Full-time,42666,Latvia,M,Data Analysis
Mid-level,Full-time,36000,Latvia,M,Data Analysis
Senior,Full-time,144300,United States,M,Data Science and Research
Senior,Full-time,104800,United States,M,Data Science and Research
Executive,Full-time,250000,United States,M,Leadership and Management
Executive,Full-time,215000,United States,M,Leadership and Management
Entry-level,Full-time,150000,United States,M,Data Analysis
Entry-level,Full-time,110000,United States,M,Data Analysis
Mid-level,Full-time,110000,United States,M,Data Science and Research
Mid-level,Full-time,90000,United States,M,Data Science and Research
Mid-level,Full-time,200000,United States,M,Machine Learning and AI
Mid-level,Full-time,140000,United States,M,Machine Learning and AI
Senior,Full-time,196350,United States,M,Machine Learning and AI
Senior,Full-time,127500,United States,M,Machine Learning and AI
Senior,Full-time,219600,United States,M,Leadership and Management
Senior,Full-time,125500,United States,M,Leadership and Management
Mid-level,Full-time,212000,United States,M,Machine Learning and AI
Mid-level,Full-time,93300,United States,M,Machine Learning and AI
Mid-level,Full-time,140900,United States,M,Data Engineering
Mid-level,Full-time,104100,United States,M,Data Engineering
Senior,Full-time,193000,United States,M,Data Science and Research
Senior,Full-time,147645,United States,M,Data Science and Research
Mid-level,Full-time,207000,United States,M,Data Science and Research
Mid-level,Full-time,150000,United States,M,Data Science and Research
Senior,Full-time,150000,United States,M,Data Engineering
Senior,Full-time,120000,United States,M,Data Engineering
Senior,Full-time,180000,United States,M,Data Science and Research
Senior,Full-time,148000,United States,M,Data Science and Research
Mid-level,Full-time,160000,United States,M,Data Science and Research
Mid-level,Full-time,120000,United States,M,Data Science and Research
Executive,Full-time,204500,United States,M,Data Engineering
Executive,Full-time,130000,United States,M,Data Engineering
Mid-level,Full-time,207000,United States,M,Machine Learning and AI
Mid-level,Full-time,138000,United States,M,Machine Learning and AI
Senior,Full-time,173000,United States,M,Data Engineering
Senior,Full-time,138400,United States,M,Data Engineering
Senior,Full-time,278700,United States,M,Data Science and Research
Senior,Full-time,159300,United States,M,Data Science and Research
Senior,Full-time,215000,United States,M,Machine Learning and AI
Senior,Full-time,146900,United States,M,Machine Learning and AI
Senior,Full-time,115000,United States,M,BI and Visualization
Senior,Full-time,100000,United States,M,BI and Visualization
Senior,Full-time,106260,United States,M,Data Analysis
Senior,Full-time,82000,United States,M,Data Analysis
Senior,Full-time,220000,United States,M,Data Engineering
Senior,Full-time,190000,United States,M,Data Engineering
Mid-level,Full-time,150000,United States,M,Data Analysis
Mid-level,Full-time,110000,United States,M,Data Analysis
Mid-level,Full-time,145000,United States,M,Machine Learning and AI
Mid-level,Full-time,95000,United States,M,Machine Learning and AI
Mid-level,Full-time,92000,United States,M,Data Analysis
Mid-level,Full-time,68000,United States,M,Data Analysis
Senior,Full-time,300000,United Kingdom,M,Data Science and Research
Senior,Full-time,150000,United Kingdom,M,Data Science and Research
Senior,Full-time,188000,United States,M,Data Engineering
Senior,Full-time,114000,United States,M,Data Engineering
Mid-level,Full-time,135000,United States,M,Data Science and Research
Mid-level,Full-time,115000,United States,M,Data Science and Research
Entry-level,Full-time,154800,United States,M,Data Science and Research
Entry-level,Full-time,76300,United States,M,Data Science and Research
Mid-level,Full-time,400000,United States,M,Machine Learning and AI
Mid-level,Full-time,65000,United States,M,Machine Learning and AI
Senior,Full-time,187000,United States,M,Data Science and Research
Senior,Full-time,153000,United States,M,Data Science and Research
Mid-level,Full-time,150000,United States,M,Data Science and Research
Mid-level,Full-time,128000,United States,M,Data Science and Research
Senior,Full-time,195000,United States,M,Machine Learning and AI
Senior,Full-time,140000,United States,M,Machine Learning and AI
Mid-level,Full-time,150000,United States,M,Data Engineering
Mid-level,Full-time,130000,United States,M,Data Engineering
Mid-level,Full-time,166000,United States,M,Data Science and Research
Mid-level,Full-time,73100,United States,M,Data Science and Research
Entry-level,Full-time,200000,United States,M,Data Science and Research
Entry-level,Full-time,150000,United States,M,Data Science and Research
Senior,Full-time,220000,United States,M,Machine Learning and AI
Senior,Full-time,137500,United States,M,Machine Learning and AI
Senior,Full-time,170000,United States,M,Data Science and Research
Senior,Full-time,130000,United States,M,Data Science and Research
Senior,Full-time,138000,United States,M,BI and Visualization
Senior,Full-time,86000,United States,M,BI and Visualization
Mid-level,Full-time,105000,United States,M,BI and Visualization
Mid-level,Full-time,80000,United States,M,BI and Visualization
Mid-level,Full-time,96250,United States,M,Leadership and Management
Mid-level,Full-time,75000,United States,M,Leadership and Management
Senior,Full-time,197500,United States,M,Machine Learning and AI
Senior,Full-time,132500,United States,M,Machine Learning and AI
Entry-level,Full-time,90000,United States,M,Data Science and Research
Entry-level,Full-time,80000,United States,M,Data Science and Research
Mid-level,Full-time,210000,United States,M,Data Science and Research
Mid-level,Full-time,151800,United States,M,Data Science and Research
Senior,Full-time,210000,United States,M,Data Science and Research
Senior,Full-time,170000,United States,M,Data Science and Research
Senior,Full-time,175000,United States,M,Data Science and Research
Senior,Full-time,150000,United States,M,Data Science and Research
Senior,Full-time,219100,United States,M,Machine Learning and AI
Senior,Full-time,118500,United States,M,Machine Learning and AI
Senior,Full-time,175000,United States,M,BI and Visualization
Senior,Full-time,150000,United States,M,BI and Visualization
Mid-level,Full-time,81530,Canada,M,Data Management and Strategy
Mid-level,Full-time,69300,Canada,M,Data Management and Strategy
Senior,Full-time,164000,United States,M,Data Architecture and Modeling
Senior,Full-time,117000,United States,M,Data Architecture and Modeling
Senior,Full-time,145000,United States,M,Data Analysis
Senior,Full-time,110000,United States,M,Data Analysis
Senior,Full-time,125000,United States,M,Data Science and Research
Senior,Full-time,106000,United States,M,Data Science and Research
Entry-level,Full-time,75065,United States,M,Data Analysis
Entry-level,Full-time,41419,United States,M,Data Analysis
Senior,Full-time,140000,United States,M,Data Analysis
Senior,Full-time,100000,United States,M,Data Analysis
Mid-level,Full-time,80000,United States,M,Data Analysis
Mid-level,Full-time,70000,United States,M,Data Analysis
Executive,Full-time,238500,United States,M,Machine Learning and AI
Executive,Full-time,183400,United States,M,Machine Learning and AI
Mid-level,Full-time,105000,United States,M,Data Science and Research
Mid-level,Full-time,70000,United States,M,Data Science and Research
Senior,Full-time,225000,United States,M,Machine Learning and AI
Senior,Full-time,162000,United States,M,Machine Learning and AI
Senior,Full-time,278700,United States,M,Data Science and Research
Senior,Full-time,159300,United States,M,Data Science and Research
Mid-level,Full-time,180000,United States,M,Data Engineering
Mid-level,Full-time,120000,United States,M,Data Engineering
Senior,Full-time,170000,United States,M,Data Science and Research
Senior,Full-time,160000,United States,M,Data Science and Research
Entry-level,Full-time,72000,United States,M,Data Quality and Operations
Entry-level,Full-time,51375,United States,M,Data Quality and Operations
Senior,Full-time,260000,United States,L,Data Science and Research
Senior,Full-time,136000,United States,L,Data Science and Research
Mid-level,Full-time,75000,United States,M,Data Engineering
Mid-level,Full-time,60000,United States,M,Data Engineering
Mid-level,Full-time,135000,United States,M,Data Engineering
Mid-level,Full-time,113000,United States,M,Data Engineering
Senior,Full-time,150000,United States,M,Data Engineering
Senior,Full-time,130000,United States,M,Data Engineering
Mid-level,Full-time,267100,United States,M,Data Science and Research
Mid-level,Full-time,188500,United States,M,Data Science and Research
Senior,Full-time,207000,United States,M,Data Science and Research
Senior,Full-time,149800,United States,M,Data Science and Research
Senior,Full-time,155000,Canada,M,Data Analysis
Senior,Full-time,105000,Canada,M,Data Analysis
Mid-level,Full-time,270250,United States,M,Data Engineering
Mid-level,Full-time,176000,United States,M,Data Engineering
Senior,Full-time,189000,United States,M,Machine Learning and AI
Senior,Full-time,145400,United States,M,Machine Learning and AI
Mid-level,Full-time,133903,United States,M,Machine Learning and AI
Mid-level,Full-time,96411,United States,M,Machine Learning and AI
Senior,Full-time,170000,United States,M,Data Science and Research
Senior,Full-time,160000,United States,M,Data Science and Research
Senior,Full-time,172800,United States,M,BI and Visualization
Senior,Full-time,132900,United States,M,BI and Visualization
Mid-level,Full-time,165000,United States,M,Data Science and Research
Mid-level,Full-time,150000,United States,M,Data Science and Research
Senior,Full-time,145000,United States,M,Data Science and Research
Senior,Full-time,116000,United States,M,Data Science and Research
Mid-level,Full-time,98000,United States,M,Data Analysis
Mid-level,Full-time,88000,United States,M,Data Analysis
Mid-level,Full-time,150000,United States,M,Data Analysis
Mid-level,Full-time,130000,United States,M,Data Analysis
Senior,Full-time,174000,United States,M,Data Analysis
Senior,Full-time,116000,United States,M,Data Analysis
Senior,Full-time,188000,United States,M,Data Engineering
Senior,Full-time,144600,United States,M,Data Engineering
Senior,Full-time,149500,United States,M,Leadership and Management
Senior,Full-time,140000,United States,M,Leadership and Management
Entry-level,Full-time,100000,United States,M,BI and Visualization
Entry-level,Full-time,90000,United States,M,BI and Visualization
Senior,Full-time,115000,United States,M,BI and Visualization
Senior,Full-time,85000,United States,M,BI and Visualization
Entry-level,Full-time,80000,United States,M,Data Management and Strategy
Entry-level,Full-time,72000,United States,M,Data Management and Strategy
Entry-level,Full-time,85000,United States,M,Data Analysis
Entry-level,Full-time,76500,United States,M,Data Analysis
Senior,Full-time,187165,Canada,M,Data Science and Research
Senior,Full-time,150500,Canada,M,Data Science and Research
Senior,Full-time,134500,United States,M,Data Analysis
Senior,Full-time,100000,United States,M,Data Analysis
Senior,Full-time,274000,United States,M,Machine Learning and AI
Senior,Full-time,245000,United States,M,Machine Learning and AI
Mid-level,Full-time,263000,United States,M,BI and Visualization
Mid-level,Full-time,207000,United States,M,BI and Visualization
Senior,Full-time,149076,United States,M,Data Engineering
Senior,Full-time,82365,United States,M,Data Engineering
Entry-level,Full-time,90000,United States,M,Data Analysis
Entry-level,Full-time,80000,United States,M,Data Analysis
Executive,Full-time,314000,Canada,M,Data Engineering
Executive,Full-time,201000,Canada,M,Data Engineering
Senior,Full-time,200400,United States,M,Leadership and Management
Senior,Full-time,154100,United States,M,Leadership and Management
Senior,Full-time,165000,Australia,M,Data Analysis
Senior,Full-time,142500,Australia,M,Data Analysis
Mid-level,Full-time,33333,France,M,Machine Learning and AI
Senior,Full-time,310000,United States,M,Data Science and Research
Senior,Full-time,270000,United States,M,Data Science and Research
Mid-level,Full-time,115000,United States,M,Data Engineering
Mid-level,Full-time,80000,United States,M,Data Engineering
Senior,Full-time,144900,United States,M,Data Engineering
Senior,Full-time,110000,United States,M,Data Engineering
Entry-level,Full-time,84068,United States,M,Data Science and Research
Entry-level,Full-time,49452,United States,M,Data Science and Research
Senior,Full-time,188500,United States,M,Machine Learning and AI
Senior,Full-time,165100,United States,M,Machine Learning and AI
Senior,Full-time,75000,United Kingdom,M,Data Engineering
Senior,Full-time,62500,United Kingdom,M,Data Engineering
Mid-level,Full-time,132500,United States,M,Data Quality and Operations
Mid-level,Full-time,88000,United States,M,Data Quality and Operations
Mid-level,Full-time,179900,United States,M,Data Engineering
Mid-level,Full-time,142002,United States,M,Data Engineering
Senior,Full-time,287500,United States,M,Machine Learning and AI
Senior,Full-time,168000,United States,M,Machine Learning and AI
Senior,Full-time,220000,United States,M,Data Engineering
Senior,Full-time,137500,United States,M,Data Engineering
Senior,Full-time,96600,United States,M,Data Analysis
Senior,Full-time,55200,United States,M,Data Analysis
Senior,Full-time,194500,United States,M,Data Engineering
Senior,Full-time,146266,United States,M,Data Engineering
Senior,Full-time,194500,United States,M,Data Engineering
Senior,Full-time,146266,United States,M,Data Engineering
Mid-level,Full-time,146100,United States,M,Data Engineering
Mid-level,Full-time,111800,United States,M,Data Engineering
Mid-level,Full-time,145580,United States,M,Data Science and Research
Mid-level,Full-time,97060,United States,M,Data Science and Research
Senior,Full-time,108500,United States,M,BI and Visualization
Senior,Full-time,78800,United States,M,BI and Visualization
Entry-level,Full-time,95000,United States,M,Data Quality and Operations
Entry-level,Full-time,76000,United States,M,Data Quality and Operations
Mid-level,Full-time,97000,United States,M,Data Engineering
Mid-level,Full-time,62000,United States,M,Data Engineering
Senior,Full-time,234000,United States,M,Data Architecture and Modeling
Senior,Full-time,146000,United States,M,Data Architecture and Modeling
Mid-level,Full-time,177100,United States,M,Machine Learning and AI
Mid-level,Full-time,130900,United States,M,Machine Learning and AI
Mid-level,Full-time,106050,United States,M,BI and Visualization
Mid-level,Full-time,80420,United States,M,BI and Visualization
Senior,Full-time,277000,United States,M,Data Engineering
Senior,Full-time,173000,United States,M,Data Engineering
Mid-level,Full-time,42222,Spain,L,Data Analysis
Mid-level,Full-time,166000,Egypt,M,Data Science and Research
Mid-level,Full-time,73100,Egypt,M,Data Science and Research
Mid-level,Full-time,220000,United States,M,Data Science and Research
Mid-level,Full-time,137500,United States,M,Data Science and Research
Mid-level,Full-time,133000,United States,M,Data Engineering
Mid-level,Full-time,58400,United States,M,Data Engineering
Mid-level,Full-time,80000,United States,M,Leadership and Management
Mid-level,Full-time,75000,United States,M,Leadership and Management
Senior,Full-time,140000,United States,M,Data Science and Research
Senior,Full-time,125000,United States,M,Data Science and Research
Entry-level,Full-time,65000,United States,M,Data Analysis
Entry-level,Full-time,55000,United States,M,Data Analysis
Mid-level,Full-time,105000,United States,M,Data Analysis
Mid-level,Full-time,78000,United States,M,Data Analysis
Executive,Full-time,200070,Canada,M,Machine Learning and AI
Executive,Full-time,107730,Canada,M,Machine Learning and AI
Senior,Full-time,179000,United States,M,BI and Visualization
Senior,Full-time,112000,United States,M,BI and Visualization
Mid-level,Full-time,166363,United States,M,Data Engineering
Mid-level,Full-time,103977,United States,M,Data Engineering
Mid-level,Full-time,130000,United States,M,Data Science and Research
Mid-level,Full-time,95000,United States,M,Data Science and Research
Senior,Full-time,214300,United States,M,Data Engineering
Senior,Full-time,108500,United States,M,Data Engineering
Senior,Full-time,266482,United States,M,Data Science and Research
Senior,Full-time,166551,United States,M,Data Science and Research
Mid-level,Full-time,90279,United States,M,BI and Visualization
Mid-level,Full-time,67060,United States,M,BI and Visualization
Senior,Full-time,190000,United States,M,Machine Learning and AI
Senior,Full-time,160000,United States,M,Machine Learning and AI
Mid-level,Full-time,212800,United States,L,Data Science and Research
Mid-level,Full-time,111600,United States,L,Data Science and Research
Senior,Full-time,130000,United States,M,Data Architecture and Modeling
Senior,Full-time,110000,United States,M,Data Architecture and Modeling
Senior,Full-time,190100,United States,M,Data Engineering
Senior,Full-time,131414,United States,M,Data Engineering
Senior,Full-time,284400,United States,M,Machine Learning and AI
Senior,Full-time,150700,United States,M,Machine Learning and AI
Senior,Full-time,128076,Canada,M,Data Architecture and Modeling
Senior,Full-time,103846,Canada,M,Data Architecture and Modeling
Mid-level,Full-time,145000,United States,M,Leadership and Management
Mid-level,Full-time,104000,United States,M,Leadership and Management
Senior,Full-time,165000,United States,M,Data Engineering
Senior,Full-time,132000,United States,M,Data Engineering
Senior,Full-time,234000,United States,M,Data Engineering
Senior,Full-time,117000,United States,M,Data Engineering
Mid-level,Full-time,215500,United States,M,Data Engineering
Mid-level,Full-time,121800,United States,M,Data Engineering
Mid-level,Full-time,165000,United States,M,Data Engineering
Mid-level,Full-time,140250,United States,M,Data Engineering
Mid-level,Full-time,164850,United States,M,Leadership and Management
Mid-level,Full-time,112000,United States,M,Leadership and Management
Senior,Full-time,295000,United States,M,Data Engineering
Senior,Full-time,235000,United States,M,Data Engineering
Mid-level,Full-time,150000,United States,M,BI and Visualization
Mid-level,Full-time,100000,United States,M,BI and Visualization
Mid-level,Full-time,93750,United Kingdom,M,Data Management and Strategy
Mid-level,Full-time,68750,United Kingdom,M,Data Management and Strategy
Entry-level,Full-time,120000,United States,M,Data Analysis
Entry-level,Full-time,97500,United States,M,Data Analysis
Senior,Full-time,220000,United States,M,Machine Learning and AI
Senior,Full-time,183000,United States,M,Machine Learning and AI
Mid-level,Full-time,205600,United States,L,Data Engineering
Mid-level,Full-time,105700,United States,L,Data Engineering
Senior,Full-time,240500,United States,L,Data Engineering
Senior,Full-time,123700,United States,L,Data Engineering
Senior,Full-time,179900,United States,M,Data Engineering
Senior,Full-time,135920,United States,M,Data Engineering
Mid-level,Full-time,83300,United States,M,Leadership and Management
Mid-level,Full-time,47500,United States,M,Leadership and Management
Senior,Full-time,96600,United States,M,Leadership and Management
Senior,Full-time,55200,United States,M,Leadership and Management
Entry-level,Full-time,86900,United States,M,Data Science and Research
Entry-level,Full-time,60800,United States,M,Data Science and Research
Senior,Full-time,140000,United States,M,Machine Learning and AI
Senior,Full-time,90000,United States,M,Machine Learning and AI
Senior,Full-time,234000,United States,M,Data Science and Research
Senior,Full-time,146000,United States,M,Data Science and Research
Senior,Full-time,120000,Canada,M,Data Analysis
Senior,Full-time,90000,Canada,M,Data Analysis
Senior,Full-time,193000,United States,M,BI and Visualization
Senior,Full-time,119000,United States,M,BI and Visualization
Senior,Full-time,215000,United States,M,Data Science and Research
Senior,Full-time,146900,United States,M,Data Science and Research
Entry-level,Full-time,166000,United States,M,Data Science and Research
Entry-level,Full-time,104000,United States,M,Data Science and Research
Mid-level,Full-time,140000,United States,M,Data Engineering
Mid-level,Full-time,70000,United States,M,Data Engineering
Mid-level,Full-time,124000,United States,M,Data Engineering
Mid-level,Full-time,80000,United States,M,Data Engineering
Mid-level,Full-time,133000,United States,M,Data Science and Research
Mid-level,Full-time,58400,United States,M,Data Science and Research
Senior,Full-time,149000,Germany,M,Leadership and Management
Senior,Full-time,65300,Germany,M,Leadership and Management
Senior,Full-time,120000,United States,M,Data Science and Research
Senior,Full-time,100000,United States,M,Data Science and Research
Senior,Full-time,182000,United States,M,Machine Learning and AI
Senior,Full-time,164000,United States,M,Machine Learning and AI
Mid-level,Full-time,161250,United States,M,Data Engineering
Mid-level,Full-time,132974,United States,M,Data Engineering
Mid-level,Full-time,161250,United States,M,Data Engineering
Mid-level,Full-time,132974,United States,M,Data Engineering
Senior,Full-time,112500,United Kingdom,M,Data Engineering
Senior,Full-time,61875,United Kingdom,M,Data Engineering
Senior,Full-time,140000,United States,M,Data Analysis
Senior,Full-time,115000,United States,M,Data Analysis
Senior,Full-time,155000,United States,M,Data Science and Research
Senior,Full-time,100000,United States,M,Data Science and Research
Mid-level,Full-time,440000,United States,M,Data Science and Research
Mid-level,Full-time,295000,United States,M,Data Science and Research
Senior,Full-time,50000,United Kingdom,M,Data Science and Research
Senior,Full-time,31250,United Kingdom,M,Data Science and Research
Mid-level,Full-time,135000,United States,M,Data Science and Research
Mid-level,Full-time,120000,United States,M,Data Science and Research
Mid-level,Full-time,155000,United States,M,Data Science and Research
Mid-level,Full-time,139000,United States,M,Data Science and Research
Senior,Full-time,185000,United States,M,Data Analysis
Senior,Full-time,140000,United States,M,Data Analysis
Mid-level,Full-time,50000,United Kingdom,M,Data Engineering
Mid-level,Full-time,50000,United Kingdom,M,Data Engineering
Senior,Full-time,170000,United States,M,Leadership and Management
Senior,Full-time,165600,United States,L,BI and Visualization
Senior,Full-time,65800,United States,L,BI and Visualization
Mid-level,Full-time,167000,United States,M,Data Analysis
Mid-level,Full-time,121000,United States,M,Data Analysis
Senior,Full-time,208000,United States,M,Machine Learning and AI
Senior,Full-time,177000,United States,M,Machine Learning and AI
Senior,Full-time,180000,United States,M,Data Engineering
Senior,Full-time,119000,United States,M,Data Engineering
Senior,Full-time,227000,United States,M,Data Science and Research
Senior,Full-time,116000,United States,M,Data Science and Research
Mid-level,Full-time,130000,United States,M,Data Engineering
Mid-level,Full-time,110000,United States,M,Data Engineering
Mid-level,Full-time,220000,United States,M,Leadership and Management
Mid-level,Full-time,176000,United States,M,Leadership and Management
Senior,Full-time,440000,United States,M,Data Science and Research
Senior,Full-time,360000,United States,M,Data Science and Research
Mid-level,Full-time,180000,Canada,M,Machine Learning and AI
Mid-level,Full-time,117000,Canada,M,Machine Learning and AI
Mid-level,Full-time,180000,United States,M,Data Analysis
Mid-level,Full-time,140000,United States,M,Data Analysis
Senior,Full-time,155000,United States,M,Leadership and Management
Senior,Full-time,130000,United States,M,Leadership and Management
Senior,Full-time,215000,United States,M,Leadership and Management
Senior,Full-time,155000,United States,M,Leadership and Management
Senior,Full-time,130000,United States,M,Data Science and Research
Senior,Full-time,120000,United States,M,Data Science and Research
Senior,Full-time,135000,United States,M,Data Science and Research
Senior,Full-time,115000,United States,M,Data Science and Research
Executive,Full-time,448000,United States,M,Machine Learning and AI
Executive,Full-time,373000,United States,M,Machine Learning and AI
Senior,Full-time,195500,United States,M,Machine Learning and AI
Senior,Full-time,141300,United States,M,Machine Learning and AI
Mid-level,Full-time,110000,United States,M,Data Engineering
Mid-level,Full-time,90000,United States,M,Data Engineering
Entry-level,Full-time,70000,United States,M,Data Analysis
Entry-level,Full-time,57000,United States,M,Data Analysis
Mid-level,Full-time,55328,South Africa,M,Data Architecture and Modeling
Mid-level,Full-time,39245,South Africa,M,Data Architecture and Modeling
Senior,Full-time,191027,United States,M,Data Science and Research
Senior,Full-time,99445,United States,M,Data Science and Research
Senior,Full-time,130000,United States,M,Data Engineering
Senior,Full-time,110000,United States,M,Data Engineering
Mid-level,Full-time,166000,United States,M,Data Science and Research
Mid-level,Full-time,73100,United States,M,Data Science and Research
Senior,Full-time,204200,United States,M,Data Science and Research
Senior,Full-time,122600,United States,M,Data Science and Research
Entry-level,Full-time,110400,United States,M,Data Science and Research
Entry-level,Full-time,68000,United States,M,Data Science and Research
Senior,Full-time,120000,United States,M,Data Analysis
Senior,Full-time,100000,United States,M,Data Analysis
Mid-level,Full-time,179000,United States,M,Data Science and Research
Mid-level,Full-time,106500,United States,M,Data Science and Research
Entry-level,Full-time,115000,United States,M,Data Engineering
Entry-level,Full-time,87550,United States,M,Data Engineering
Senior,Full-time,398900,United States,M,Leadership and Management
Senior,Full-time,239300,United States,M,Leadership and Management
Executive,Full-time,438000,United States,M,Machine Learning and AI
Executive,Full-time,245000,United States,M,Machine Learning and AI
Senior,Full-time,190000,United States,M,Data Science and Research
Senior,Full-time,105301,United States,M,Data Science and Research
Senior,Full-time,150000,United Kingdom,M,Data Architecture and Modeling
Senior,Full-time,112500,United Kingdom,M,Data Architecture and Modeling
Senior,Full-time,340000,United States,M,Data Science and Research
Senior,Full-time,180000,United States,M,Data Science and Research
Senior,Full-time,324000,United States,M,Machine Learning and AI
Senior,Full-time,159000,United States,M,Machine Learning and AI
Mid-level,Full-time,95000,United States,M,Data Analysis
Mid-level,Full-time,65000,United States,M,Data Analysis
Senior,Full-time,157900,Canada,M,Data Science and Research
Senior,Full-time,105300,Canada,M,Data Science and Research
Senior,Full-time,120000,United States,M,Data Analysis
Senior,Full-time,110000,United States,M,Data Analysis
Entry-level,Full-time,90000,United States,M,Data Analysis
Entry-level,Full-time,70000,United States,M,Data Analysis
Senior,Full-time,175000,United States,M,Data Science and Research
Senior,Full-time,105000,United States,M,Data Science and Research
Mid-level,Full-time,166000,United States,M,Data Science and Research
Mid-level,Full-time,73100,United States,M,Data Science and Research
Mid-level,Full-time,221500,United States,M,Leadership and Management
Mid-level,Full-time,153000,United States,M,Leadership and Management
Entry-level,Full-time,68750,United Kingdom,M,Data Analysis
Entry-level,Full-time,62500,United Kingdom,M,Data Analysis
Senior,Full-time,345400,United States,M,Machine Learning and AI
Senior,Full-time,223700,United States,M,Machine Learning and AI
Senior,Full-time,180000,United States,M,Data Science and Research
Senior,Full-time,313000,United States,M,Data Engineering
Senior,Full-time,135000,United States,M,Data Engineering
Entry-level,Full-time,77000,United States,M,Data Analysis
Entry-level,Full-time,66000,United States,M,Data Analysis
Senior,Full-time,315000,United States,M,Machine Learning and AI
Senior,Full-time,250000,United States,M,Machine Learning and AI
Senior,Full-time,190000,United States,M,Machine Learning and AI
Senior,Full-time,105301,United States,M,Machine Learning and AI
Senior,Full-time,309000,United States,M,Machine Learning and AI
Senior,Full-time,142000,United States,M,Machine Learning and AI
Senior,Full-time,207300,United States,M,Data Analysis
Senior,Full-time,165900,United States,M,Data Analysis
Executive,Full-time,68750,United Kingdom,M,Data Analysis
Executive,Full-time,62500,United Kingdom,M,Data Analysis
Mid-level,Full-time,115000,United States,M,Leadership and Management
Mid-level,Full-time,100000,United States,M,Leadership and Management
Mid-level,Full-time,220000,United States,M,Data Engineering
Mid-level,Full-time,206000,United States,M,Data Engineering
Executive,Full-time,263000,United States,M,Leadership and Management
Executive,Full-time,236000,United States,M,Leadership and Management
Mid-level,Full-time,203500,United States,M,Data Engineering
Mid-level,Full-time,148000,United States,M,Data Engineering
Entry-level,Full-time,100000,United States,M,Data Analysis
Entry-level,Full-time,90000,United States,M,Data Analysis
Mid-level,Full-time,120000,United States,M,Data Engineering
Mid-level,Full-time,84000,United States,M,Data Engineering
Entry-level,Full-time,79300,United States,M,Data Science and Research
Entry-level,Full-time,42700,United States,M,Data Science and Research
Senior,Full-time,103500,United States,M,Data Science and Research
Senior,Full-time,72500,United States,M,Data Science and Research
Senior,Full-time,201000,United States,M,Data Science and Research
Senior,Full-time,103300,United States,M,Data Science and Research
Senior,Full-time,196350,United States,M,Machine Learning and AI
Senior,Full-time,127500,United States,M,Machine Learning and AI
Senior,Full-time,143706,United States,M,Data Engineering
Senior,Full-time,84533,United States,M,Data Engineering
Mid-level,Full-time,172100,United States,M,Leadership and Management
Mid-level,Full-time,97400,United States,M,Leadership and Management
Mid-level,Full-time,159000,United States,M,Data Science and Research
Mid-level,Full-time,106000,United States,M,Data Science and Research
Mid-level,Full-time,104922,United States,M,Data Science and Research
Mid-level,Full-time,72360,United States,M,Data Science and Research
Entry-level,Full-time,106000,United States,M,Data Analysis
Entry-level,Full-time,66000,United States,M,Data Analysis
Senior,Full-time,255000,United States,M,Data Science and Research
Senior,Full-time,199000,United States,M,Data Science and Research
Senior,Full-time,167500,United States,M,BI and Visualization
Senior,Full-time,106500,United States,M,BI and Visualization
Senior,Full-time,150000,United States,M,Data Science and Research
Senior,Full-time,104000,United States,M,Data Science and Research
Senior,Full-time,166000,United States,M,Data Analysis
Senior,Full-time,73100,United States,M,Data Analysis
Senior,Full-time,230000,United States,M,Machine Learning and AI
Senior,Full-time,150000,United States,M,Machine Learning and AI
Senior,Full-time,155000,United States,M,Data Science and Research
Senior,Full-time,130500,United States,M,Data Science and Research
Senior,Full-time,190000,United States,M,Data Science and Research
Senior,Full-time,158500,United States,M,Data Science and Research
Senior,Full-time,260000,United States,L,Data Science and Research
Senior,Full-time,136000,United States,L,Data Science and Research
Senior,Full-time,230000,United States,M,Data Engineering
Senior,Full-time,170000,United States,M,Data Engineering
Mid-level,Full-time,150000,United States,M,Data Engineering
Mid-level,Full-time,90800,United States,M,Data Engineering
Mid-level,Full-time,125000,United States,M,Data Engineering
Mid-level,Full-time,100000,United States,M,Data Engineering
Mid-level,Full-time,222200,United States,L,Data Science and Research
Mid-level,Full-time,136000,United States,L,Data Science and Research
Senior,Full-time,120000,United States,M,Data Analysis
Senior,Full-time,100000,United States,M,Data Analysis
Senior,Full-time,175000,United States,M,Data Architecture and Modeling
Senior,Full-time,117000,United States,M,Data Architecture and Modeling
Senior,Full-time,215000,United States,M,Machine Learning and AI
Senior,Full-time,146900,United States,M,Machine Learning and AI
Senior,Full-time,225000,United States,M,Machine Learning and AI
Senior,Full-time,166000,United States,M,Machine Learning and AI
Mid-level,Full-time,150000,United States,M,Leadership and Management
Mid-level,Full-time,135000,United States,M,Leadership and Management
Entry-level,Full-time,104500,United States,M,Data Science and Research
Entry-level,Full-time,76000,United States,M,Data Science and Research
Mid-level,Full-time,105000,United States,M,Data Engineering
Mid-level,Full-time,70000,United States,M,Data Engineering
Senior,Full-time,165000,United States,M,Data Science and Research
Senior,Full-time,115500,United States,M,Data Science and Research
Senior,Full-time,220000,United States,M,Data Science and Research
Senior,Full-time,160000,United States,M,Data Science and Research
Mid-level,Full-time,166000,United States,M,Machine Learning and AI
Mid-level,Full-time,73100,United States,M,Machine Learning and AI
Senior,Full-time,164000,United States,M,Data Science and Research
Mid-level,Full-time,144650,United States,M,Data Science and Research
Mid-level,Full-time,86800,United States,M,Data Science and Research
Senior,Full-time,170000,United States,M,Data Science and Research
Mid-level,Contract,125000,New Zealand,S,Data Analysis
Mid-level,Full-time,52500,United Kingdom,L,BI and Visualization
Entry-level,Full-time,142000,United States,M,BI and Visualization
Entry-level,Full-time,70000,United States,M,BI and Visualization
Mid-level,Full-time,146851,United States,M,BI and Visualization
Mid-level,Full-time,94000,United States,M,BI and Visualization
Senior,Full-time,260000,United States,M,BI and Visualization
Senior,Full-time,180000,United States,M,BI and Visualization
Mid-level,Full-time,150000,United States,M,BI and Visualization
Mid-level,Full-time,100000,United States,M,BI and Visualization
Senior,Full-time,105000,United States,M,BI and Visualization
Senior,Full-time,70000,United States,M,BI and Visualization
Mid-level,Full-time,155000,United States,M,BI and Visualization
Mid-level,Full-time,140000,United States,M,BI and Visualization
Senior,Full-time,342400,United States,M,Leadership and Management
Senior,Full-time,205400,United States,M,Leadership and Management
Entry-level,Full-time,77777,Germany,M,Data Science and Research
Entry-level,Full-time,72222,Germany,M,Data Science and Research
Mid-level,Full-time,138000,United States,M,Data Science and Research
Mid-level,Full-time,86000,United States,M,Data Science and Research
Senior,Full-time,398900,United States,M,Leadership and Management
Senior,Full-time,239300,United States,M,Leadership and Management
Senior,Full-time,112000,United States,M,Data Science and Research
Senior,Full-time,109000,United States,M,Data Science and Research
Senior,Full-time,250000,United States,M,Data Science and Research
Senior,Full-time,218750,United States,M,Data Science and Research
Mid-level,Full-time,212800,United States,L,Data Science and Research
Mid-level,Full-time,111600,United States,L,Data Science and Research
Senior,Full-time,250000,United States,M,Machine Learning and AI
Senior,Full-time,230000,United States,M,Machine Learning and AI
Senior,Full-time,247600,United States,L,Data Science and Research
Senior,Full-time,127300,United States,L,Data Science and Research
Mid-level,Full-time,170000,United States,M,Data Engineering
Mid-level,Full-time,120000,United States,M,Data Engineering
Mid-level,Full-time,200400,United States,M,Leadership and Management
Mid-level,Full-time,154100,United States,M,Leadership and Management
Entry-level,Full-time,33500,United Kingdom,M,Data Analysis
Entry-level,Full-time,33500,United Kingdom,M,Data Analysis
Entry-level,Full-time,75065,United States,M,Data Analysis
Entry-level,Full-time,41419,United States,M,Data Analysis
Mid-level,Full-time,180000,United States,M,Data Science and Research
Mid-level,Full-time,160000,United States,M,Data Science and Research
Mid-level,Full-time,114000,United States,M,Data Engineering
Mid-level,Full-time,68000,United States,M,Data Engineering
Mid-level,Full-time,325000,United States,M,Data Analysis
Mid-level,Full-time,80000,United States,M,Data Analysis
Mid-level,Full-time,93333,Germany,M,Machine Learning and AI
Mid-level,Full-time,222200,United States,L,Data Science and Research
Mid-level,Full-time,136000,United States,L,Data Science and Research
Mid-level,Full-time,210100,United States,M,Data Engineering
Mid-level,Full-time,210100,United States,M,Data Engineering
Senior,Full-time,260000,United States,L,Data Science and Research
Senior,Full-time,136000,United States,L,Data Science and Research
Mid-level,Full-time,222200,United States,L,Data Science and Research
Mid-level,Full-time,136000,United States,L,Data Science and Research
Senior,Full-time,260000,United States,L,Data Science and Research
Senior,Full-time,136000,United States,L,Data Science and Research
Mid-level,Full-time,171816,United States,M,Data Engineering
Mid-level,Full-time,97935,United States,M,Data Engineering
Senior,Full-time,164000,United States,M,Data Analysis
Senior,Full-time,109000,United States,M,Data Analysis
Mid-level,Full-time,127000,United States,M,Leadership and Management
Mid-level,Full-time,65000,United States,M,Leadership and Management
Senior,Full-time,143000,United States,M,Data Science and Research
Senior,Full-time,104000,United States,M,Data Science and Research
Senior,Full-time,221000,United States,M,Machine Learning and AI
Senior,Full-time,180000,United States,M,Machine Learning and AI
Senior,Full-time,157850,United States,M,Data Science and Research
Senior,Full-time,128945,United States,M,Data Science and Research
Senior,Full-time,310270,United States,M,Data Science and Research
Senior,Full-time,253430,United States,M,Data Science and Research
Senior,Full-time,200000,United States,M,Data Science and Research
Senior,Full-time,155000,United States,M,Data Science and Research
Senior,Full-time,220067,United States,M,Machine Learning and AI
Senior,Full-time,135549,United States,M,Machine Learning and AI
Senior,Full-time,258800,United States,M,Machine Learning and AI
Senior,Full-time,199200,United States,M,Machine Learning and AI
Senior,Full-time,198000,United States,M,Machine Learning and AI
Senior,Full-time,132000,United States,M,Machine Learning and AI
Senior,Full-time,180000,United States,M,Data Engineering
Senior,Full-time,162000,United States,M,Data Engineering
Senior,Full-time,170000,United States,M,Data Science and Research
Senior,Full-time,130000,United States,M,Data Science and Research
Mid-level,Full-time,145400,United States,M,Leadership and Management
Mid-level,Full-time,88000,United States,M,Leadership and Management
Mid-level,Full-time,205500,United States,M,Leadership and Management
Mid-level,Full-time,117400,United States,M,Leadership and Management
Senior,Full-time,148300,United States,M,BI and Visualization
Senior,Full-time,84700,United States,M,BI and Visualization
Senior,Full-time,105000,United States,M,Data Analysis
Senior,Full-time,85000,United States,M,Data Analysis
Mid-level,Full-time,250900,United States,M,Machine Learning and AI
Mid-level,Full-time,135200,United States,M,Machine Learning and AI
Senior,Contract,191027,United States,M,Data Science and Research
Senior,Contract,120869,United States,M,Data Science and Research
Senior,Full-time,212000,United States,M,Data Engineering
Senior,Full-time,93300,United States,M,Data Engineering
Senior,Full-time,140000,Canada,M,Data Science and Research
Senior,Full-time,110000,Canada,M,Data Science and Research
Senior,Full-time,270250,United States,M,Data Engineering
Senior,Full-time,144000,United States,M,Data Engineering
Entry-level,Full-time,44444,Italy,L,Machine Learning and AI
Mid-level,Full-time,138000,United States,M,Data Analysis
Mid-level,Full-time,86000,United States,M,Data Analysis
Mid-level,Full-time,106000,United States,M,Data Science and Research
Mid-level,Full-time,66000,United States,M,Data Science and Research
Senior,Full-time,128800,United States,M,Data Analysis
Senior,Full-time,88854,United States,M,Data Analysis
Senior,Full-time,210000,United States,M,Data Science and Research
Senior,Full-time,180000,United States,M,Data Science and Research
Mid-level,Full-time,138000,United States,M,Data Science and Research
Mid-level,Full-time,86000,United States,M,Data Science and Research
Senior,Full-time,284400,United States,M,Machine Learning and AI
Senior,Full-time,150700,United States,M,Machine Learning and AI
Mid-level,Full-time,276000,United States,M,Data Science and Research
Mid-level,Full-time,176000,United States,M,Data Science and Research
Entry-level,Contract,50000,United States,M,BI and Visualization
Entry-level,Contract,48000,United States,M,BI and Visualization
Entry-level,Full-time,179000,United States,M,Data Analysis
Entry-level,Full-time,112000,United States,M,Data Analysis
Mid-level,Full-time,160000,United States,M,Machine Learning and AI
Mid-level,Full-time,120000,United States,M,Machine Learning and AI
Senior,Full-time,145360,United States,M,Data Engineering
Senior,Full-time,101100,United States,M,Data Engineering
Senior,Full-time,299792,United States,M,Data Architecture and Modeling
Senior,Full-time,187370,United States,M,Data Architecture and Modeling
Senior,Full-time,382320,United States,M,Data Science and Research
Senior,Full-time,302840,United States,M,Data Science and Research
Senior,Full-time,258800,United States,M,Machine Learning and AI
Senior,Full-time,199200,United States,M,Machine Learning and AI
Senior,Full-time,212000,United States,M,Data Science and Research
Senior,Full-time,93300,United States,M,Data Science and Research
Senior,Full-time,154000,United States,M,Data Engineering
Senior,Full-time,103000,United States,M,Data Engineering
Senior,Full-time,150000,United States,M,Leadership and Management
Senior,Full-time,144700,United States,M,Data Analysis
Senior,Full-time,96500,United States,M,Data Analysis
Senior,Full-time,314100,United States,M,Data Science and Research
Senior,Full-time,169700,United States,M,Data Science and Research
Executive,Full-time,209700,United States,M,Machine Learning and AI
Executive,Full-time,161300,United States,M,Machine Learning and AI
Entry-level,Full-time,84000,United States,M,Data Science and Research
Entry-level,Full-time,58000,United States,M,Data Science and Research
Senior,Full-time,135000,United States,M,Data Engineering
Senior,Full-time,115000,United States,M,Data Engineering
Senior,Full-time,153000,United States,M,Data Analysis
Senior,Full-time,143000,United States,M,Data Analysis
Senior,Full-time,200000,United States,M,Data Engineering
Senior,Full-time,160000,United States,M,Data Engineering
Entry-level,Full-time,254270,United States,M,Data Science and Research
Entry-level,Full-time,254270,United States,M,Data Science and Research
Senior,Full-time,240000,United States,M,Data Engineering
Senior,Full-time,187000,United States,M,Data Engineering
Mid-level,Full-time,165000,United States,M,Leadership and Management
Mid-level,Full-time,108750,United States,M,Leadership and Management
Senior,Full-time,68750,United Kingdom,M,BI and Visualization
Senior,Full-time,50000,United Kingdom,M,BI and Visualization
Senior,Full-time,190000,United States,M,BI and Visualization
Senior,Full-time,130000,United States,M,BI and Visualization
Senior,Full-time,285200,United States,M,Data Science and Research
Senior,Full-time,168600,United States,M,Data Science and Research
Entry-level,Full-time,61111,Germany,M,Data Science and Research
Entry-level,Full-time,66000,United States,M,Leadership and Management
Mid-level,Full-time,133000,United States,M,Data Engineering
Mid-level,Full-time,58400,United States,M,Data Engineering
Senior,Full-time,163000,United States,M,Data Analysis
Senior,Full-time,77000,United States,M,Data Analysis
Senior,Full-time,146000,United States,M,Data Engineering
Senior,Full-time,78900,United States,M,Data Engineering
Mid-level,Full-time,200000,United States,L,Machine Learning and AI
Mid-level,Full-time,100000,United States,L,Machine Learning and AI
Senior,Full-time,195500,United States,M,Data Science and Research
Senior,Full-time,141300,United States,M,Data Science and Research
Mid-level,Full-time,128000,United States,M,Data Science and Research
Mid-level,Full-time,64000,United States,M,Data Science and Research
Mid-level,Full-time,85600,Latvia,M,Data Science and Research
Mid-level,Full-time,44266,Latvia,M,Data Science and Research
Mid-level,Full-time,60000,United Kingdom,M,Data Engineering
Mid-level,Full-time,46500,United Kingdom,M,Data Engineering
Executive,Full-time,204500,United States,M,Data Engineering
Executive,Full-time,130000,United States,M,Data Engineering
Senior,Full-time,81250,United Kingdom,M,Data Science and Research
Senior,Full-time,50000,United Kingdom,M,Data Science and Research
Senior,Full-time,230000,United States,M,Data Engineering
Senior,Full-time,149000,United States,M,Data Engineering
Senior,Full-time,185900,United States,M,Data Science and Research
Senior,Full-time,109400,United States,M,Data Science and Research
Senior,Full-time,145000,United States,M,Data Science and Research
Senior,Full-time,125000,United States,M,Data Science and Research
Senior,Full-time,67500,United Kingdom,M,Leadership and Management
Senior,Full-time,60000,United Kingdom,M,Leadership and Management
Senior,Full-time,195000,United States,M,Data Architecture and Modeling
Senior,Full-time,64200,United States,M,Data Architecture and Modeling
Senior,Full-time,208500,United States,M,Data Science and Research
Senior,Full-time,165000,United States,M,Data Science and Research
Senior,Full-time,59018,United Kingdom,M,Data Analysis
Senior,Full-time,52806,United Kingdom,M,Data Analysis
Mid-level,Full-time,124230,United States,M,Leadership and Management
Mid-level,Full-time,68637,United States,M,Leadership and Management
Executive,Full-time,247000,United States,M,Leadership and Management
Executive,Full-time,182000,United States,M,Leadership and Management
Senior,Full-time,278700,United States,M,Data Science and Research
Senior,Full-time,159300,United States,M,Data Science and Research
Senior,Full-time,233200,United States,M,Data Engineering
Senior,Full-time,144200,United States,M,Data Engineering
Executive,Full-time,238500,United States,M,Machine Learning and AI
Executive,Full-time,183400,United States,M,Machine Learning and AI
Senior,Full-time,205500,United States,M,Data Science and Research
Senior,Full-time,132500,United States,M,Data Science and Research
Mid-level,Full-time,134500,United States,M,Data Analysis
Mid-level,Full-time,100000,United States,M,Data Analysis
Senior,Full-time,258100,United States,M,Data Science and Research
Senior,Full-time,151900,United States,M,Data Science and Research
Executive,Full-time,300000,United States,M,Data Science and Research
Executive,Full-time,220000,United States,M,Data Science and Research
Senior,Full-time,200000,United States,M,Data Analysis
Senior,Full-time,145000,United States,M,Data Analysis
Senior,Full-time,323300,United States,M,Data Science and Research
Senior,Full-time,184700,United States,M,Data Science and Research
Senior,Full-time,253430,United States,M,Data Science and Research
Senior,Full-time,212780,United States,M,Data Science and Research
Mid-level,Full-time,130000,United States,M,Data Science and Research
Mid-level,Full-time,110000,United States,M,Data Science and Research
Senior,Full-time,300000,United States,M,Machine Learning and AI
Senior,Full-time,130000,United States,M,Machine Learning and AI
Senior,Full-time,278700,United States,M,Data Science and Research
Senior,Full-time,159300,United States,M,Data Science and Research
Entry-level,Full-time,27000,American Samoa,M,Leadership and Management
Entry-level,Part-time,93000,United States,M,Data Engineering
Entry-level,Part-time,45400,United States,M,Data Engineering
Mid-level,Full-time,119200,United States,M,Data Science and Research
Mid-level,Full-time,86600,United States,M,Data Science and Research
Mid-level,Full-time,166000,United States,M,Data Science and Research
Mid-level,Full-time,73100,United States,M,Data Science and Research
Mid-level,Full-time,212000,Egypt,M,Data Science and Research
Mid-level,Full-time,93300,Egypt,M,Data Science and Research
Senior,Full-time,96600,United States,M,Data Analysis
Senior,Full-time,55200,United States,M,Data Analysis
Mid-level,Full-time,132600,United States,M,Data Science and Research
Mid-level,Full-time,80845,United States,M,Data Science and Research
Entry-level,Full-time,144200,United States,M,Data Science and Research
Entry-level,Full-time,72100,United States,M,Data Science and Research
Mid-level,Full-time,212000,Egypt,M,Data Science and Research
Mid-level,Full-time,93300,Egypt,M,Data Science and Research
Entry-level,Full-time,100144,Canada,M,Data Science and Research
Entry-level,Full-time,78308,Canada,M,Data Science and Research
Senior,Full-time,212000,Egypt,M,Data Science and Research
Senior,Full-time,93300,Egypt,M,Data Science and Research
Entry-level,Part-time,93000,United States,M,Data Analysis
Entry-level,Part-time,45400,United States,M,Data Analysis
Senior,Full-time,66666,Lithuania,M,Data Science and Research
Senior,Full-time,53333,Lithuania,M,Data Science and Research
Senior,Full-time,112125,Canada,M,BI and Visualization
Senior,Full-time,67275,Canada,M,BI and Visualization
Mid-level,Full-time,166000,United States,M,Data Science and Research
Mid-level,Full-time,73100,United States,M,Data Science and Research
Entry-level,Full-time,114000,United States,M,Data Analysis
Entry-level,Full-time,75000,United States,M,Data Analysis
Senior,Full-time,200070,Canada,M,Data Science and Research
Senior,Full-time,107730,Canada,M,Data Science and Research
Mid-level,Full-time,220000,United States,M,Data Engineering
Mid-level,Full-time,140000,United States,M,Data Engineering
Senior,Full-time,100000,Ireland,M,Data Analysis
Senior,Full-time,80000,Ireland,M,Data Analysis
Mid-level,Full-time,287800,United States,M,Data Science and Research
Mid-level,Full-time,287800,United States,M,Data Science and Research
Senior,Full-time,166000,United States,M,Data Engineering
Senior,Full-time,73100,United States,M,Data Engineering
Senior,Full-time,187770,United States,M,Data Analysis
Senior,Full-time,109500,United States,M,Data Analysis
Entry-level,Full-time,93750,United Kingdom,M,Data Analysis
Entry-level,Full-time,68750,United Kingdom,M,Data Analysis
Senior,Full-time,177300,United States,M,Data Science and Research
Senior,Full-time,126500,United States,M,Data Science and Research
Mid-level,Full-time,145100,United States,M,Data Science and Research
Mid-level,Full-time,93900,United States,M,Data Science and Research
Senior,Full-time,245000,United States,M,Machine Learning and AI
Senior,Full-time,163000,United States,M,Machine Learning and AI
Senior,Full-time,189100,United States,M,Data Science and Research
Senior,Full-time,154360,United States,M,Data Science and Research
Mid-level,Full-time,159250,United States,M,Data Engineering
Mid-level,Full-time,85750,United States,M,Data Engineering
Senior,Full-time,152000,United States,M,Data Science and Research
Senior,Full-time,133200,United States,M,Data Science and Research
Entry-level,Full-time,83333,France,M,Data Analysis
Senior,Full-time,225000,United States,M,Data Science and Research
Senior,Full-time,156400,United States,M,Data Science and Research
Senior,Full-time,197000,United States,M,Data Engineering
Senior,Full-time,99000,United States,M,Data Engineering
Senior,Full-time,256100,United States,M,Data Science and Research
Senior,Full-time,137900,United States,M,Data Science and Research
Senior,Full-time,67993,South Africa,M,BI and Visualization
Senior,Full-time,42457,South Africa,M,BI and Visualization
Mid-level,Full-time,212800,United States,L,Data Science and Research
Mid-level,Full-time,124100,United States,L,Data Science and Research
Senior,Full-time,220000,United States,M,Data Architecture and Modeling
Senior,Full-time,200000,United States,M,Data Architecture and Modeling
Senior,Full-time,300000,United States,M,Machine Learning and AI
Senior,Full-time,235000,United States,M,Machine Learning and AI
Senior,Full-time,262269,United States,M,Machine Learning and AI
Senior,Full-time,230797,United States,M,Machine Learning and AI
Entry-level,Full-time,40000,Estonia,M,Data Science and Research
Entry-level,Full-time,40000,Estonia,M,Data Science and Research
Senior,Full-time,152000,United States,M,Data Analysis
Senior,Full-time,126667,United States,M,Data Analysis
Entry-level,Full-time,90000,United States,M,Data Analysis
Entry-level,Full-time,75000,United States,M,Data Analysis
Entry-level,Full-time,115000,United States,M,Data Analysis
Entry-level,Full-time,90000,United States,M,Data Analysis
Mid-level,Full-time,150000,United States,M,Machine Learning and AI
Senior,Full-time,247300,United States,M,Data Engineering
Senior,Full-time,139700,United States,M,Data Engineering
Mid-level,Full-time,360000,United States,M,Data Science and Research
Mid-level,Full-time,295000,United States,M,Data Science and Research
Mid-level,Full-time,200000,United States,M,Machine Learning and AI
Mid-level,Full-time,151000,United States,M,Machine Learning and AI
Senior,Full-time,170000,United States,M,Data Science and Research
Senior,Full-time,130000,United States,M,Data Science and Research
Senior,Full-time,140000,United States,M,Data Analysis
Senior,Full-time,115000,United States,M,Data Analysis
Mid-level,Full-time,105000,United States,M,Data Analysis
Mid-level,Full-time,78575,United States,M,Data Analysis
Mid-level,Full-time,130000,Germany,L,Data Engineering
Mid-level,Full-time,66666,Germany,L,Data Engineering
Senior,Full-time,175000,United States,M,Data Engineering
Senior,Full-time,140000,United States,M,Data Engineering
Senior,Full-time,276000,United States,M,Data Science and Research
Senior,Full-time,140000,United States,M,Data Science and Research
Senior,Full-time,173000,United States,M,Data Analysis
Senior,Full-time,102000,United States,M,Data Analysis
Senior,Full-time,66250,United Kingdom,M,Leadership and Management
Senior,Full-time,57000,United Kingdom,M,Leadership and Management
Mid-level,Full-time,188500,United States,M,Data Science and Research
Mid-level,Full-time,165100,United States,M,Data Science and Research
Mid-level,Full-time,166000,United States,M,Machine Learning and AI
Mid-level,Full-time,73100,United States,M,Machine Learning and AI
Senior,Full-time,414000,United States,M,Machine Learning and AI
Senior,Full-time,216000,United States,M,Machine Learning and AI
Mid-level,Full-time,96200,United States,M,Data Science and Research
Mid-level,Full-time,69800,United States,M,Data Science and Research
Mid-level,Full-time,179000,United Kingdom,M,Data Science and Research
Mid-level,Full-time,112000,United Kingdom,M,Data Science and Research
Entry-level,Full-time,118750,United States,M,Data Analysis
Entry-level,Full-time,106875,United States,M,Data Analysis
Mid-level,Full-time,212800,United States,L,Data Science and Research
Mid-level,Full-time,111600,United States,L,Data Science and Research
Mid-level,Full-time,92248,Netherlands,M,Data Engineering
Mid-level,Full-time,64574,Netherlands,M,Data Engineering
Senior,Full-time,212000,United States,M,Machine Learning and AI
Senior,Full-time,93300,United States,M,Machine Learning and AI
Entry-level,Full-time,162240,United States,M,Machine Learning and AI
Entry-level,Full-time,47840,United States,M,Machine Learning and AI
Mid-level,Full-time,222200,United States,L,Data Science and Research
Mid-level,Full-time,136000,United States,L,Data Science and Research
Senior,Full-time,170000,United States,M,Leadership and Management
Senior,Full-time,145000,United States,M,Leadership and Management
Senior,Full-time,117000,United States,M,Data Analysis
Senior,Full-time,93000,United States,M,Data Analysis
Mid-level,Full-time,81250,United Kingdom,M,Data Engineering
Mid-level,Full-time,68750,United Kingdom,M,Data Engineering
Senior,Full-time,130000,United States,M,Data Engineering
Senior,Full-time,110000,United States,M,Data Engineering
Senior,Full-time,190400,United States,M,Machine Learning and AI
Senior,Full-time,122900,United States,M,Machine Learning and AI
Senior,Full-time,221000,United States,M,Machine Learning and AI
Senior,Full-time,185000,United States,M,Machine Learning and AI
Senior,Full-time,220000,United States,M,Data Engineering
Senior,Full-time,170000,United States,M,Data Engineering
Mid-level,Full-time,210100,United States,M,Machine Learning and AI
Mid-level,Full-time,210100,United States,M,Machine Learning and AI
Senior,Full-time,130000,United States,M,BI and Visualization
Senior,Full-time,115000,United States,M,BI and Visualization
Mid-level,Full-time,170000,United States,M,Data Engineering
Mid-level,Full-time,90000,United States,M,Data Engineering
Mid-level,Full-time,280000,United States,M,Machine Learning and AI
Mid-level,Full-time,160000,United States,M,Machine Learning and AI
Senior,Full-time,255475,United States,M,Data Science and Research
Senior,Full-time,185800,United States,M,Data Science and Research
Senior,Full-time,170000,United States,M,Data Science and Research
Senior,Full-time,151000,United States,M,Data Science and Research
Senior,Full-time,130000,United States,M,Data Analysis
Senior,Full-time,100000,United States,M,Data Analysis
Senior,Full-time,185000,United States,L,BI and Visualization
Senior,Full-time,79600,United States,L,BI and Visualization
Mid-level,Full-time,95000,United States,M,Data Analysis
Mid-level,Full-time,65000,United States,M,Data Analysis
Senior,Full-time,240000,United States,M,Data Science and Research
Senior,Full-time,162000,United States,M,Data Science and Research
Entry-level,Full-time,110400,United States,M,Data Science and Research
Entry-level,Full-time,68000,United States,M,Data Science and Research
Senior,Full-time,307100,United States,M,Machine Learning and AI
Senior,Full-time,216800,United States,M,Machine Learning and AI
Entry-level,Full-time,102000,United States,M,Data Analysis
Entry-level,Full-time,92000,United States,M,Data Analysis
Mid-level,Full-time,222200,United States,L,Data Science and Research
Mid-level,Full-time,136000,United States,L,Data Science and Research
Senior,Full-time,190000,United States,M,Data Engineering
Senior,Full-time,136000,United States,M,Data Engineering
Mid-level,Full-time,165000,United States,M,Machine Learning and AI
Mid-level,Full-time,140250,United States,M,Machine Learning and AI
Senior,Full-time,160000,United States,M,Data Science and Research
Senior,Full-time,130000,United States,M,Data Science and Research
Senior,Full-time,190000,United States,M,Data Analysis
Senior,Full-time,190000,United States,M,Data Analysis
Senior,Full-time,131200,United States,M,Leadership and Management
Senior,Full-time,95300,United States,M,Leadership and Management
Mid-level,Full-time,150000,United States,M,Data Science and Research
Mid-level,Full-time,127500,United States,M,Data Science and Research
Mid-level,Full-time,51446,United Kingdom,M,Data Engineering
Mid-level,Full-time,45775,United Kingdom,M,Data Engineering
Senior,Full-time,136000,United States,M,Data Science and Research
Senior,Full-time,109000,United States,M,Data Science and Research
Mid-level,Full-time,104000,United States,M,Data Science and Research
Mid-level,Full-time,86000,United States,M,Data Science and Research
Executive,Full-time,195000,United States,M,Leadership and Management
Executive,Full-time,150000,United States,M,Leadership and Management
Senior,Full-time,237500,United States,M,Data Science and Research
Senior,Full-time,185000,United States,M,Data Science and Research
Senior,Full-time,120000,United States,M,Data Analysis
Senior,Full-time,100000,United States,M,Data Analysis
Mid-level,Full-time,165600,United States,L,BI and Visualization
Mid-level,Full-time,65800,United States,L,BI and Visualization
Senior,Full-time,245000,United States,M,Data Engineering
Senior,Full-time,194992,United States,M,Data Engineering
Entry-level,Full-time,154000,United States,M,Data Analysis
Entry-level,Full-time,105000,United States,M,Data Analysis
Senior,Full-time,250800,United States,M,Machine Learning and AI
Senior,Full-time,167200,United States,M,Machine Learning and AI
Senior,Full-time,60000,India,M,Data Analysis
Mid-level,Full-time,34549,Spain,L,Data Science and Research
Mid-level,Full-time,160000,United States,M,Data Analysis
Mid-level,Full-time,55000,United States,M,Data Analysis
Senior,Full-time,149000,United States,M,Data Engineering
Senior,Full-time,108000,United States,M,Data Engineering
Senior,Full-time,165000,United States,M,Data Science and Research
Senior,Full-time,155000,United States,M,Data Science and Research
Senior,Full-time,278700,United States,M,Data Science and Research
Senior,Full-time,159300,United States,M,Data Science and Research
Mid-level,Full-time,162500,United Kingdom,M,Leadership and Management
Mid-level,Full-time,115000,United Kingdom,M,Leadership and Management
Mid-level,Full-time,138000,United States,M,Data Science and Research
Mid-level,Full-time,86000,United States,M,Data Science and Research
Entry-level,Full-time,106960,United States,M,Data Analysis
Entry-level,Full-time,66820,United States,M,Data Analysis
Mid-level,Full-time,157900,United States,M,Data Science and Research
Mid-level,Full-time,128900,United States,M,Data Science and Research
Senior,Full-time,258450,United States,M,Machine Learning and AI
Senior,Full-time,173400,United States,M,Machine Learning and AI
Senior,Full-time,160000,United States,M,Data Science and Research
Senior,Full-time,150000,United States,M,Data Science and Research
Entry-level,Full-time,138000,United States,M,Data Analysis
Entry-level,Full-time,86000,United States,M,Data Analysis
Mid-level,Full-time,199700,United States,M,Data Science and Research
Mid-level,Full-time,114100,United States,M,Data Science and Research
Senior,Full-time,130000,United States,M,Data Science and Research
Senior,Full-time,115000,United States,M,Data Science and Research
Mid-level,Full-time,120000,United States,M,Data Analysis
Mid-level,Full-time,105000,United States,M,Data Analysis
Senior,Full-time,136000,United States,M,Data Analysis
Senior,Full-time,109000,United States,M,Data Analysis
Mid-level,Full-time,210100,United States,M,Machine Learning and AI
Mid-level,Full-time,210100,United States,M,Machine Learning and AI
Senior,Full-time,172800,United States,M,Leadership and Management
Senior,Full-time,110000,United States,M,Leadership and Management
Entry-level,Full-time,101000,United States,M,Data Analysis
Entry-level,Full-time,63000,United States,M,Data Analysis
Senior,Full-time,193000,United States,M,Data Science and Research
Senior,Full-time,172000,United States,M,Data Science and Research
Mid-level,Full-time,175000,United States,M,Machine Learning and AI
Mid-level,Full-time,152000,United States,M,Machine Learning and AI
Senior,Full-time,186153,Canada,M,Machine Learning and AI
Senior,Full-time,165384,Canada,M,Machine Learning and AI
Senior,Full-time,208500,United States,M,Data Science and Research
Senior,Full-time,165000,United States,M,Data Science and Research
Mid-level,Full-time,172200,United States,M,Data Science and Research
Mid-level,Full-time,131200,United States,M,Data Science and Research
Senior,Full-time,156000,United States,M,BI and Visualization
Senior,Full-time,105267,United States,M,BI and Visualization
Senior,Full-time,226000,United States,M,Data Engineering
Senior,Full-time,132000,United States,M,Data Engineering
Entry-level,Full-time,108000,United States,M,Data Analysis
Entry-level,Full-time,72200,United States,M,Data Analysis
Senior,Full-time,247500,United States,M,Data Engineering
Senior,Full-time,172200,United States,M,Data Engineering
Senior,Full-time,215000,United States,M,Data Science and Research
Senior,Full-time,146900,United States,M,Data Science and Research
Senior,Full-time,270250,United States,M,Data Science and Research
Senior,Full-time,144000,United States,M,Data Science and Research
Senior,Full-time,212000,United States,M,Machine Learning and AI
Senior,Full-time,93300,United States,M,Machine Learning and AI
Senior,Full-time,180000,United States,M,Data Engineering
Senior,Full-time,121056,United States,M,Data Engineering
Mid-level,Full-time,124935,United States,M,Data Management and Strategy
Mid-level,Full-time,76050,United States,M,Data Management and Strategy
Mid-level,Full-time,115500,United States,M,Data Engineering
Mid-level,Full-time,100000,United States,M,Data Engineering
Senior,Full-time,156000,United States,M,Data Engineering
Senior,Full-time,105267,United States,M,Data Engineering
Mid-level,Full-time,250000,United States,M,Data Science and Research
Mid-level,Full-time,90100,United States,M,Data Science and Research
Mid-level,Full-time,166000,United States,M,Data Science and Research
Mid-level,Full-time,73000,United States,M,Data Science and Research
Senior,Full-time,237600,United States,M,Machine Learning and AI
Senior,Full-time,146900,United States,M,Machine Learning and AI
Mid-level,Full-time,198000,United States,M,Machine Learning and AI
Mid-level,Full-time,114800,United States,M,Machine Learning and AI
Senior,Full-time,150000,United States,M,Data Analysis
Senior,Full-time,140000,United States,M,Data Analysis
Senior,Full-time,138000,United States,M,Data Science and Research
Senior,Full-time,86000,United States,M,Data Science and Research
Mid-level,Full-time,205600,United States,L,Data Engineering
Mid-level,Full-time,105700,United States,L,Data Engineering
Senior,Full-time,226000,United States,M,Data Science and Research
Senior,Full-time,132000,United States,M,Data Science and Research
Entry-level,Part-time,133000,United States,M,Data Science and Research
Entry-level,Part-time,58400,United States,M,Data Science and Research
Mid-level,Full-time,154000,United States,M,Data Analysis
Mid-level,Full-time,105000,United States,M,Data Analysis
Senior,Full-time,255800,United States,M,Machine Learning and AI
Senior,Full-time,255800,United States,M,Machine Learning and AI
Senior,Full-time,155000,United States,M,Data Science and Research
Senior,Full-time,132000,United States,M,Data Science and Research
Senior,Full-time,185000,United States,M,Data Engineering
Senior,Full-time,130000,United States,M,Data Engineering
Mid-level,Full-time,54532,United Kingdom,M,BI and Visualization
Mid-level,Full-time,43628,United Kingdom,M,BI and Visualization
Senior,Full-time,226000,United States,M,Data Engineering
Senior,Full-time,132000,United States,M,Data Engineering
Senior,Full-time,136300,United States,M,Data Science and Research
Senior,Full-time,115900,United States,M,Data Science and Research
Senior,Full-time,89000,United States,M,Data Analysis
Senior,Full-time,76000,United States,M,Data Analysis
Mid-level,Full-time,440000,United States,M,Data Science and Research
Mid-level,Full-time,245000,United States,M,Data Science and Research
Senior,Full-time,204300,United States,M,Data Engineering
Senior,Full-time,115400,United States,M,Data Engineering
Senior,Full-time,337300,United States,M,Data Science and Research
Senior,Full-time,192700,United States,M,Data Science and Research
Senior,Full-time,176000,United States,M,Data Science and Research
Senior,Full-time,151000,United States,M,Data Science and Research
Mid-level,Full-time,185000,United States,L,BI and Visualization
Mid-level,Full-time,79600,United States,L,BI and Visualization
Senior,Full-time,175000,United States,M,Data Engineering
Senior,Full-time,170000,United States,M,Data Engineering
Senior,Full-time,386100,United States,M,Machine Learning and AI
Senior,Full-time,207900,United States,M,Machine Learning and AI
Mid-level,Full-time,195500,United States,M,Data Science and Research
Mid-level,Full-time,141300,United States,M,Data Science and Research
Mid-level,Full-time,192500,United States,M,Leadership and Management
Mid-level,Full-time,148000,United States,M,Leadership and Management
Senior,Full-time,234000,United States,M,Data Science and Research
Senior,Full-time,146000,United States,M,Data Science and Research
Senior,Full-time,255800,United States,M,Machine Learning and AI
Senior,Full-time,255800,United States,M,Machine Learning and AI
Entry-level,Full-time,93750,United Kingdom,M,Data Analysis
Entry-level,Full-time,68750,United Kingdom,M,Data Analysis
Mid-level,Full-time,81650,United States,M,Data Analysis
Mid-level,Full-time,51175,United States,M,Data Analysis
Mid-level,Full-time,136000,United States,M,Data Science and Research
Mid-level,Full-time,106700,United States,M,Data Science and Research
Mid-level,Full-time,167500,United States,M,Data Engineering
Mid-level,Full-time,106500,United States,M,Data Engineering
Senior,Full-time,240500,United States,L,Data Engineering
Senior,Full-time,123700,United States,L,Data Engineering
Senior,Full-time,250000,United States,M,Data Engineering
Senior,Full-time,200000,United States,M,Data Engineering
Mid-level,Full-time,109000,United States,M,Data Engineering
Mid-level,Full-time,93500,United States,M,Data Engineering
Mid-level,Full-time,75000,United States,M,Data Science and Research
Mid-level,Full-time,70000,United States,M,Data Science and Research
Senior,Full-time,206000,United States,M,Data Science and Research
Senior,Full-time,106605,United States,M,Data Science and Research
Entry-level,Full-time,135000,United States,M,Data Engineering
Entry-level,Full-time,115000,United States,M,Data Engineering
Mid-level,Full-time,61105,United Kingdom,M,Data Science and Research
Mid-level,Full-time,53133,United Kingdom,M,Data Science and Research
Senior,Full-time,88973,United States,M,Leadership and Management
Senior,Full-time,76075,United States,M,Leadership and Management
Senior,Full-time,156000,United States,M,Data Science and Research
Senior,Full-time,95105,United States,M,Data Science and Research
Mid-level,Full-time,94415,United States,M,Data Management and Strategy
Mid-level,Full-time,69785,United States,M,Data Management and Strategy
Mid-level,Full-time,140000,United States,M,Data Engineering
Mid-level,Full-time,65000,United States,M,Data Engineering
Entry-level,Full-time,162240,United States,M,Machine Learning and AI
Entry-level,Full-time,47840,United States,M,Machine Learning and AI
Entry-level,Full-time,166000,United States,M,Data Science and Research
Entry-level,Full-time,104000,United States,M,Data Science and Research
Mid-level,Full-time,184800,United States,M,Data Science and Research
Mid-level,Full-time,107100,United States,M,Data Science and Research
Senior,Full-time,247250,United States,M,Data Science and Research
Senior,Full-time,100000,United States,M,Data Science and Research
Mid-level,Full-time,95000,United States,M,Data Management and Strategy
Mid-level,Full-time,75000,United States,M,Data Management and Strategy
Mid-level,Full-time,120000,United States,M,Data Science and Research
Mid-level,Full-time,80000,United States,M,Data Science and Research
Mid-level,Full-time,171240,United States,M,Data Science and Research
Mid-level,Full-time,81960,United States,M,Data Science and Research
Executive,Full-time,160000,United States,M,Data Science and Research
Executive,Full-time,100000,United States,M,Data Science and Research
Senior,Full-time,150000,United States,M,Data Science and Research
Senior,Full-time,80000,United States,M,Data Science and Research
Senior,Full-time,212800,United States,M,Machine Learning and AI
Senior,Full-time,177300,United States,M,Machine Learning and AI
Senior,Full-time,144000,United States,M,Data Engineering
Senior,Full-time,113000,United States,M,Data Engineering
Mid-level,Full-time,120000,United States,M,Data Science and Research
Mid-level,Full-time,80000,United States,M,Data Science and Research
Senior,Full-time,246500,United States,M,Data Architecture and Modeling
Senior,Full-time,168500,United States,M,Data Architecture and Modeling
Mid-level,Full-time,140000,United States,M,Data Science and Research
Mid-level,Full-time,125000,United States,M,Data Science and Research
Entry-level,Full-time,93000,United States,M,Data Analysis
Entry-level,Full-time,65750,United States,M,Data Analysis
Senior,Full-time,175000,United States,M,Machine Learning and AI
Senior,Full-time,140000,United States,M,Machine Learning and AI
Senior,Full-time,169200,United States,M,Data Engineering
Senior,Full-time,130100,United States,M,Data Engineering
Executive,Full-time,204500,United States,M,BI and Visualization
Executive,Full-time,130000,United States,M,BI and Visualization
Senior,Full-time,278700,United States,M,Data Science and Research
Senior,Full-time,159300,United States,M,Data Science and Research
Senior,Full-time,140000,United States,M,Data Engineering
Senior,Full-time,95000,United States,M,Data Engineering
Executive,Full-time,219650,United States,M,Data Engineering
Executive,Full-time,136000,United States,M,Data Engineering
Senior,Full-time,140000,United States,M,Data Engineering
Senior,Full-time,90000,United States,M,Data Engineering
Senior,Full-time,324000,United States,M,Data Science and Research
Senior,Full-time,220000,United States,M,Data Science and Research
Senior,Full-time,230000,United States,M,Machine Learning and AI
Senior,Full-time,175000,United States,M,Machine Learning and AI
Senior,Full-time,145360,United States,M,Data Engineering
Senior,Full-time,107440,United States,M,Data Engineering
Mid-level,Full-time,179000,United States,M,Data Science and Research
Mid-level,Full-time,106500,United States,M,Data Science and Research
Senior,Full-time,187000,United States,M,Data Engineering
Senior,Full-time,143800,United States,M,Data Engineering
Mid-level,Full-time,133903,United States,M,Machine Learning and AI
Mid-level,Full-time,96411,United States,M,Machine Learning and AI
Entry-level,Full-time,93000,United States,M,Data Analysis
Entry-level,Full-time,65750,United States,M,Data Analysis
Senior,Full-time,195000,United States,M,Data Science and Research
Senior,Full-time,165000,United States,M,Data Science and Research
Mid-level,Full-time,81650,United States,M,Data Analysis
Mid-level,Full-time,51175,United States,M,Data Analysis
Mid-level,Full-time,210000,United States,M,Data Engineering
Mid-level,Full-time,140000,United States,M,Data Engineering
Senior,Full-time,232000,United States,M,Machine Learning and AI
Senior,Full-time,208000,United States,M,Machine Learning and AI
Entry-level,Full-time,50000,Germany,M,Data Analysis
Senior,Full-time,200400,United States,M,Data Management and Strategy
Senior,Full-time,116500,United States,M,Data Management and Strategy
Senior,Full-time,188500,United States,M,Data Science and Research
Senior,Full-time,165100,United States,M,Data Science and Research
Mid-level,Full-time,166363,United States,M,Leadership and Management
Mid-level,Full-time,103977,United States,M,Leadership and Management
Mid-level,Full-time,128600,United States,M,Data Engineering
Mid-level,Full-time,100000,United States,M,Data Engineering
Senior,Full-time,133650,United States,M,Data Analysis
Senior,Full-time,68150,United States,M,Data Analysis
Senior,Full-time,210000,United States,M,Data Engineering
Senior,Full-time,181000,United States,M,Data Engineering
Senior,Full-time,257600,United States,M,Data Architecture and Modeling
Senior,Full-time,224100,United States,M,Data Architecture and Modeling
Mid-level,Full-time,144200,United States,M,Data Science and Research
Mid-level,Full-time,72100,United States,M,Data Science and Research
Mid-level,Full-time,229900,United States,M,Data Science and Research
Mid-level,Full-time,201400,United States,M,Data Science and Research
Mid-level,Full-time,212000,United States,M,Data Science and Research
Mid-level,Full-time,93300,United States,M,Data Science and Research
Senior,Full-time,135000,United States,M,Data Analysis
Senior,Full-time,90000,United States,M,Data Analysis
Senior,Full-time,107000,United States,M,Data Analysis
Senior,Full-time,68400,United States,M,Data Analysis
Senior,Full-time,145000,United States,M,Data Engineering
Senior,Full-time,95000,United States,M,Data Engineering
Senior,Full-time,230000,United States,M,Data Engineering
Senior,Full-time,200000,United States,M,Data Engineering
Mid-level,Full-time,280000,United States,M,Machine Learning and AI
Mid-level,Full-time,230000,United States,M,Machine Learning and AI
Senior,Full-time,81250,United States,M,Data Science and Research
Senior,Full-time,68750,United States,M,Data Science and Research
Senior,Full-time,267900,United States,M,Data Science and Research
Senior,Full-time,234700,United States,M,Data Science and Research
Senior,Full-time,220000,United States,M,Machine Learning and AI
Senior,Full-time,170000,United States,M,Machine Learning and AI
Mid-level,Full-time,90500,United States,M,Leadership and Management
Mid-level,Full-time,49900,United States,M,Leadership and Management
Senior,Full-time,186153,Canada,M,Machine Learning and AI
Senior,Full-time,165384,Canada,M,Machine Learning and AI
Senior,Full-time,180000,United States,M,Data Science and Research
Senior,Full-time,162000,United States,M,Data Science and Research
Senior,Full-time,165000,United States,M,Data Science and Research
Senior,Full-time,71000,United States,M,Data Science and Research
Mid-level,Full-time,280000,United States,M,Data Science and Research
Mid-level,Full-time,230000,United States,M,Data Science and Research
Senior,Full-time,155000,United States,M,Data Science and Research
Senior,Full-time,139500,United States,M,Data Science and Research
Mid-level,Full-time,166666,Germany,M,Machine Learning and AI
Mid-level,Full-time,133333,Germany,M,Machine Learning and AI
Mid-level,Full-time,94625,United States,M,Leadership and Management
Mid-level,Full-time,57500,United States,M,Leadership and Management
Mid-level,Full-time,107755,United States,M,Data Analysis
Mid-level,Full-time,79645,United States,M,Data Analysis
Senior,Full-time,195500,United States,M,Machine Learning and AI
Senior,Full-time,132600,United States,M,Machine Learning and AI
Mid-level,Full-time,167000,United States,M,Data Engineering
Mid-level,Full-time,121000,United States,M,Data Engineering
Senior,Full-time,195000,United States,M,Data Architecture and Modeling
Senior,Full-time,64200,United States,M,Data Architecture and Modeling
Senior,Full-time,185400,United States,M,Data Science and Research
Senior,Full-time,92700,United States,M,Data Science and Research
Senior,Full-time,195500,United States,M,Data Science and Research
Senior,Full-time,141300,United States,M,Data Science and Research
Senior,Full-time,110000,United States,M,Data Science and Research
Senior,Full-time,70000,United States,M,Data Science and Research
Mid-level,Full-time,222200,United States,L,Data Science and Research
Mid-level,Full-time,136000,United States,L,Data Science and Research
Senior,Full-time,150000,United States,M,Data Analysis
Senior,Full-time,220800,United States,M,Data Science and Research
Senior,Full-time,124800,United States,M,Data Science and Research
Senior,Full-time,234000,United States,M,Data Science and Research
Senior,Full-time,146000,United States,M,Data Science and Research
Senior,Full-time,254400,United States,M,Machine Learning and AI
Senior,Full-time,151600,United States,M,Machine Learning and AI
Senior,Full-time,101763,Canada,M,Data Science and Research
Senior,Full-time,81410,Canada,M,Data Science and Research
Senior,Full-time,304750,United States,M,Machine Learning and AI
Senior,Full-time,160000,United States,M,Machine Learning and AI
Mid-level,Full-time,96200,United States,M,Data Science and Research
Mid-level,Full-time,69800,United States,M,Data Science and Research
Mid-level,Full-time,179000,United States,M,Data Science and Research
Mid-level,Full-time,112000,United States,M,Data Science and Research
Senior,Full-time,67993,South Africa,M,Data Science and Research
Senior,Full-time,56981,South Africa,M,Data Science and Research
Senior,Full-time,190196,United States,M,Data Architecture and Modeling
Senior,Full-time,155615,United States,M,Data Architecture and Modeling
Senior,Full-time,131200,United States,M,Leadership and Management
Senior,Full-time,95300,United States,M,Leadership and Management
Senior,Full-time,190196,United States,M,Data Engineering
Senior,Full-time,155615,United States,M,Data Engineering
Entry-level,Full-time,158100,United States,M,Data Engineering
Entry-level,Full-time,138500,United States,M,Data Engineering
Senior,Full-time,418000,United States,M,Machine Learning and AI
Senior,Full-time,141000,United States,M,Machine Learning and AI
Senior,Full-time,67993,South Africa,M,Data Science and Research
Senior,Full-time,56981,South Africa,M,Data Science and Research
Senior,Full-time,189000,United States,M,Machine Learning and AI
Senior,Full-time,145400,United States,M,Machine Learning and AI
Senior,Full-time,175000,United States,M,Data Engineering
Senior,Full-time,150000,United States,M,Data Engineering
Senior,Full-time,147000,United States,M,Leadership and Management
Senior,Full-time,92000,United States,M,Leadership and Management
Mid-level,Full-time,154000,United States,M,Data Engineering
Mid-level,Full-time,102000,United States,M,Data Engineering
Mid-level,Full-time,158500,United States,M,Data Science and Research
Mid-level,Full-time,105646,United States,M,Data Science and Research
Senior,Full-time,155000,United States,M,Data Science and Research
Senior,Full-time,139000,United States,M,Data Science and Research
Mid-level,Full-time,34973,South Africa,M,Leadership and Management
Mid-level,Full-time,32177,South Africa,M,Leadership and Management
Senior,Full-time,251000,United States,M,Machine Learning and AI
Senior,Full-time,157000,United States,M,Machine Learning and AI
Senior,Full-time,300000,United States,M,Machine Learning and AI
Senior,Full-time,235000,United States,M,Machine Learning and AI
Senior,Full-time,100000,United States,M,Data Engineering
Senior,Full-time,81500,United States,M,Data Engineering
Senior,Full-time,240000,United States,M,Data Science and Research
Senior,Full-time,200000,United States,M,Data Science and Research
Mid-level,Full-time,222200,United States,L,Data Science and Research
Mid-level,Full-time,136000,United States,L,Data Science and Research
Senior,Full-time,240000,United States,M,Machine Learning and AI
Senior,Full-time,200000,United States,M,Machine Learning and AI
Entry-level,Full-time,95000,United States,M,Data Analysis
Entry-level,Full-time,75000,United States,M,Data Analysis
Mid-level,Full-time,170200,United States,M,Data Science and Research
Mid-level,Full-time,68400,United States,M,Data Science and Research
Mid-level,Full-time,210100,United States,M,Data Engineering
Mid-level,Full-time,210100,United States,M,Data Engineering
Senior,Full-time,164000,United States,M,Data Architecture and Modeling
Senior,Full-time,117000,United States,M,Data Architecture and Modeling
Mid-level,Full-time,175000,United States,M,Data Engineering
Mid-level,Full-time,152000,United States,M,Data Engineering
Mid-level,Full-time,186846,United States,M,BI and Visualization
Mid-level,Full-time,186846,United States,M,BI and Visualization
Mid-level,Full-time,153000,United States,M,Data Engineering
Mid-level,Full-time,106800,United States,M,Data Engineering
Mid-level,Full-time,80000,Australia,L,Machine Learning and AI
Senior,Full-time,110000,Ukraine,M,Data Science and Research
Senior,Full-time,60000,Ukraine,M,Data Science and Research
Entry-level,Full-time,86600,United States,M,Data Analysis
Entry-level,Full-time,57700,United States,M,Data Analysis
Senior,Full-time,134200,United States,M,Data Analysis
Senior,Full-time,94800,United States,M,Data Analysis
Senior,Full-time,329200,Canada,M,Leadership and Management
Senior,Full-time,259900,Canada,M,Leadership and Management
Senior,Full-time,260000,United States,L,Data Science and Research
Senior,Full-time,136000,United States,L,Data Science and Research
Mid-level,Full-time,120800,United States,M,Data Science and Research
Mid-level,Full-time,80500,United States,M,Data Science and Research
Entry-level,Full-time,28750,United Kingdom,M,Data Analysis
Entry-level,Full-time,28750,United Kingdom,M,Data Analysis
Senior,Full-time,200000,United States,M,Machine Learning and AI
Senior,Full-time,170000,United States,M,Machine Learning and AI
Mid-level,Full-time,210100,United States,M,Machine Learning and AI
Mid-level,Full-time,210100,United States,M,Machine Learning and AI
Senior,Full-time,255800,United States,M,Machine Learning and AI
Senior,Full-time,255800,United States,M,Machine Learning and AI
Mid-level,Full-time,176000,United States,M,Data Science and Research
Mid-level,Full-time,158000,United States,M,Data Science and Research
Senior,Full-time,296400,United States,M,Machine Learning and AI
Senior,Full-time,148594,United States,M,Machine Learning and AI
Senior,Full-time,145000,United States,M,BI and Visualization
Senior,Full-time,106500,United States,M,BI and Visualization
Executive,Full-time,120000,United States,M,BI and Visualization
Executive,Full-time,96000,United States,M,BI and Visualization
Senior,Full-time,165000,United States,M,Data Architecture and Modeling
Senior,Full-time,150000,United States,M,Data Architecture and Modeling
Entry-level,Full-time,150000,United States,M,Data Analysis
Entry-level,Full-time,103000,United States,M,Data Analysis
Senior,Full-time,170000,United States,M,Leadership and Management
Senior,Full-time,145000,United States,M,Leadership and Management
Senior,Full-time,195500,United States,M,Machine Learning and AI
Senior,Full-time,141300,United States,M,Machine Learning and AI
Senior,Full-time,255800,United States,M,Machine Learning and AI
Senior,Full-time,255800,United States,M,Machine Learning and AI
Mid-level,Full-time,222200,United States,L,Data Science and Research
Mid-level,Full-time,136000,United States,L,Data Science and Research
Mid-level,Full-time,210100,United States,M,Machine Learning and AI
Mid-level,Full-time,210100,United States,M,Machine Learning and AI
Mid-level,Full-time,85000,United States,M,Data Science and Research
Mid-level,Full-time,75000,United States,M,Data Science and Research
Mid-level,Full-time,168000,United States,M,BI and Visualization
Mid-level,Full-time,112000,United States,M,BI and Visualization
Mid-level,Full-time,105000,United States,M,Data Science and Research
Mid-level,Full-time,70000,United States,M,Data Science and Research
Senior,Full-time,110000,United States,L,Data Analysis
Mid-level,Full-time,100000,United States,M,Data Management and Strategy
Mid-level,Full-time,88000,United States,M,Data Management and Strategy
Senior,Full-time,215000,United States,M,Machine Learning and AI
Senior,Full-time,146900,United States,M,Machine Learning and AI
Senior,Full-time,237600,United States,M,Data Science and Research
Senior,Full-time,146900,United States,M,Data Science and Research
Mid-level,Full-time,134500,United States,M,Data Analysis
Mid-level,Full-time,100000,United States,M,Data Analysis
Senior,Full-time,188000,United States,M,Data Engineering
Senior,Full-time,118000,United States,M,Data Engineering
Senior,Full-time,210000,United States,M,Machine Learning and AI
Senior,Full-time,132000,United States,M,Machine Learning and AI
Mid-level,Full-time,147000,United States,M,Data Engineering
Mid-level,Full-time,92000,United States,M,Data Engineering
Mid-level,Full-time,116000,United States,M,Data Engineering
Mid-level,Full-time,97800,United States,M,Data Engineering
Mid-level,Full-time,60000,United States,M,Data Management and Strategy
Mid-level,Full-time,54000,United States,M,Data Management and Strategy
Senior,Full-time,187500,United States,M,Data Architecture and Modeling
Senior,Full-time,120000,United States,M,Data Architecture and Modeling
Senior,Full-time,108500,United States,M,BI and Visualization
Senior,Full-time,78800,United States,M,BI and Visualization
Mid-level,Full-time,195200,United States,M,Data Engineering
Mid-level,Full-time,83900,United States,M,Data Engineering
Mid-level,Full-time,89500,United States,M,BI and Visualization
Mid-level,Full-time,65000,United States,M,BI and Visualization
Entry-level,Full-time,124000,United States,M,Data Science and Research
Entry-level,Full-time,74000,United States,M,Data Science and Research
Entry-level,Full-time,78800,Malta,M,Leadership and Management
Entry-level,Full-time,44100,Malta,M,Leadership and Management
Mid-level,Full-time,188500,United States,M,Data Science and Research
Mid-level,Full-time,165100,United States,M,Data Science and Research
Senior,Full-time,206000,United States,M,Data Science and Research
Senior,Full-time,106605,United States,M,Data Science and Research
Senior,Full-time,100000,United States,M,Data Analysis
Senior,Full-time,90000,United States,M,Data Analysis
Senior,Full-time,160000,United States,M,Data Engineering
Senior,Full-time,128000,United States,M,Data Engineering
Mid-level,Full-time,229900,United States,M,Data Science and Research
Mid-level,Full-time,201400,United States,M,Data Science and Research
Senior,Full-time,198000,United States,M,Data Engineering
Senior,Full-time,132000,United States,M,Data Engineering
Mid-level,Full-time,240000,United States,M,Machine Learning and AI
Mid-level,Full-time,160000,United States,M,Machine Learning and AI
Senior,Full-time,140726,United States,M,Data Analysis
Senior,Full-time,107197,United States,M,Data Analysis
Senior,Full-time,180000,United States,M,Data Science and Research
Senior,Full-time,139000,United States,M,Data Science and Research
Senior,Full-time,331640,United States,M,Machine Learning and AI
Senior,Full-time,283780,United States,M,Machine Learning and AI
Mid-level,Full-time,145000,United States,M,Data Engineering
Mid-level,Full-time,120000,United States,M,Data Engineering
Senior,Full-time,230000,United States,M,Machine Learning and AI
Senior,Full-time,175000,United States,M,Machine Learning and AI
Mid-level,Full-time,180000,United States,M,Data Science and Research
Mid-level,Full-time,162000,United States,M,Data Science and Research
Mid-level,Full-time,90000,United States,M,Data Science and Research
Mid-level,Full-time,80000,United States,M,Data Science and Research
Senior,Full-time,243000,United States,M,Data Science and Research
Senior,Full-time,162000,United States,M,Data Science and Research
Senior,Full-time,152375,United States,M,Data Engineering
Senior,Full-time,94000,United States,M,Data Engineering
Senior,Full-time,218500,United States,M,Data Engineering
Senior,Full-time,161500,United States,M,Data Engineering
Senior,Full-time,240000,United States,M,Machine Learning and AI
Senior,Full-time,190000,United States,M,Machine Learning and AI
Mid-level,Full-time,160000,United States,M,Data Science and Research
Mid-level,Full-time,100000,United States,M,Data Science and Research
Executive,Full-time,300000,United States,M,Data Science and Research
Executive,Full-time,220000,United States,M,Data Science and Research
Mid-level,Full-time,226844,United States,M,BI and Visualization
Mid-level,Full-time,120672,United States,M,BI and Visualization
Entry-level,Full-time,95000,United States,M,Data Quality and Operations
Entry-level,Full-time,80000,United States,M,Data Quality and Operations
Mid-level,Full-time,82000,United States,M,Data Analysis
Mid-level,Full-time,77000,United States,M,Data Analysis
Mid-level,Full-time,124935,United States,M,Data Management and Strategy
Mid-level,Full-time,76050,United States,M,Data Management and Strategy
Senior,Full-time,296980,United States,M,Data Science and Research
Senior,Full-time,123740,United States,M,Data Science and Research
Mid-level,Full-time,130000,United States,M,Leadership and Management
Mid-level,Full-time,122500,United States,M,Leadership and Management
Senior,Full-time,66666,Spain,M,Data Science and Research
Senior,Full-time,42222,Spain,M,Data Science and Research
Senior,Full-time,133504,United States,M,Data Analysis
Senior,Full-time,83576,United States,M,Data Analysis
Mid-level,Full-time,106050,United States,M,Machine Learning and AI
Mid-level,Full-time,80420,United States,M,Machine Learning and AI
Senior,Full-time,160000,United States,M,Data Science and Research
Senior,Full-time,150000,United States,M,Data Science and Research
Mid-level,Full-time,160000,United States,M,Data Science and Research
Mid-level,Full-time,70000,United States,M,Data Science and Research
Mid-level,Full-time,196000,United States,M,Data Science and Research
Mid-level,Full-time,140000,United States,M,Data Science and Research
Senior,Full-time,140000,United States,M,Data Analysis
Senior,Full-time,125000,United States,M,Data Analysis
Senior,Full-time,220600,United States,M,Machine Learning and AI
Senior,Full-time,140100,United States,M,Machine Learning and AI
Mid-level,Full-time,440000,United States,M,Data Science and Research
Mid-level,Full-time,295000,United States,M,Data Science and Research
Senior,Full-time,227700,United States,M,Machine Learning and AI
Senior,Full-time,135482,United States,M,Machine Learning and AI
Senior,Full-time,75000,United Kingdom,M,BI and Visualization
Senior,Full-time,50000,United Kingdom,M,BI and Visualization
Executive,Full-time,326000,United States,M,Data Science and Research
Executive,Full-time,237500,United States,M,Data Science and Research
Senior,Full-time,187000,United States,M,Data Engineering
Senior,Full-time,143800,United States,M,Data Engineering
Senior,Full-time,110000,United States,M,Data Science and Research
Senior,Full-time,70000,United States,M,Data Science and Research
Senior,Full-time,324000,United States,M,Machine Learning and AI
Senior,Full-time,159000,United States,M,Machine Learning and AI
Mid-level,Full-time,160000,United States,M,Data Science and Research
Mid-level,Full-time,70000,United States,M,Data Science and Research
Mid-level,Full-time,113500,United States,M,Data Analysis
Mid-level,Full-time,96475,United States,M,Data Analysis
Senior,Full-time,190000,United States,M,Data Engineering
Senior,Full-time,105301,United States,M,Data Engineering
Senior,Full-time,164640,United States,M,Data Analysis
Senior,Full-time,131712,United States,M,Data Analysis
Senior,Full-time,170000,United States,M,Data Science and Research
Senior,Full-time,130000,United States,M,Data Science and Research
Executive,Full-time,290000,United States,M,Leadership and Management
Executive,Full-time,207000,United States,M,Leadership and Management
Senior,Full-time,221000,United States,M,Data Engineering
Senior,Full-time,185000,United States,M,Data Engineering
Mid-level,Full-time,176000,United States,M,Data Science and Research
Mid-level,Full-time,151000,United States,M,Data Science and Research
Senior,Full-time,164000,Canada,M,Data Analysis
Senior,Full-time,115000,Canada,M,Data Analysis
Senior,Full-time,165000,United States,M,Data Engineering
Senior,Full-time,100000,United States,M,Data Engineering
Mid-level,Full-time,240960,United States,M,Machine Learning and AI
Mid-level,Full-time,200800,United States,M,Machine Learning and AI
Mid-level,Full-time,110000,United States,M,Data Science and Research
Mid-level,Full-time,95000,United States,M,Data Science and Research
Senior,Full-time,322000,United States,M,Machine Learning and AI
Senior,Full-time,230000,United States,M,Machine Learning and AI
Senior,Full-time,316900,United States,M,Data Engineering
Senior,Full-time,181100,United States,M,Data Engineering
Executive,Full-time,212000,United States,M,Data Science and Research
Executive,Full-time,190000,United States,M,Data Science and Research
Senior,Full-time,105000,United States,M,BI and Visualization
Senior,Full-time,80000,United States,M,BI and Visualization
Senior,Full-time,212000,United States,M,Data Science and Research
Senior,Full-time,93300,United States,M,Data Science and Research
Senior,Full-time,250900,United States,M,Machine Learning and AI
Senior,Full-time,135200,United States,M,Machine Learning and AI
Executive,Full-time,381500,United States,M,Data Science and Research
Executive,Full-time,221000,United States,M,Data Science and Research
Mid-level,Full-time,179000,United States,M,Data Architecture and Modeling
Mid-level,Full-time,112000,United States,M,Data Architecture and Modeling
Entry-level,Full-time,110000,United States,M,Data Engineering
Entry-level,Full-time,90000,United States,M,Data Engineering
Senior,Full-time,234000,United States,M,Data Architecture and Modeling
Senior,Full-time,146000,United States,M,Data Architecture and Modeling
Senior,Full-time,234000,United States,M,Data Science and Research
Senior,Full-time,146000,United States,M,Data Science and Research
Senior,Full-time,200000,United States,M,Data Science and Research
Senior,Full-time,175000,United States,M,Data Science and Research
Senior,Full-time,243500,United States,M,Machine Learning and AI
Senior,Full-time,146100,United States,M,Machine Learning and AI
Mid-level,Full-time,140000,United States,M,Data Engineering
Mid-level,Full-time,65000,United States,M,Data Engineering
Mid-level,Full-time,80400,Latvia,M,Data Science and Research
Mid-level,Full-time,41600,Latvia,M,Data Science and Research
Mid-level,Full-time,100000,United States,M,Data Analysis
Mid-level,Full-time,70000,United States,M,Data Analysis
Entry-level,Full-time,105000,United States,M,Data Analysis
Entry-level,Full-time,75000,United States,M,Data Analysis
Senior,Full-time,130000,United States,M,Leadership and Management
Senior,Full-time,126500,United States,M,Data Science and Research
Senior,Full-time,78000,United States,M,Data Science and Research
Senior,Full-time,145000,United States,M,Data Engineering
Senior,Full-time,120000,United States,M,Data Engineering
Entry-level,Full-time,115000,United States,M,Data Analysis
Entry-level,Full-time,90000,United States,M,Data Analysis
Senior,Full-time,135000,United States,M,Leadership and Management
Senior,Full-time,110000,United States,M,Leadership and Management
Senior,Full-time,140000,United States,M,Data Analysis
Senior,Full-time,115000,United States,M,Data Analysis
Senior,Full-time,150000,United States,M,Data Architecture and Modeling
Senior,Full-time,140000,United States,M,Data Architecture and Modeling
Senior,Full-time,185000,United States,M,Data Science and Research
Senior,Full-time,120000,United States,M,Data Science and Research
Senior,Full-time,199700,United States,M,Data Engineering
Senior,Full-time,165100,United States,M,Data Engineering
Mid-level,Full-time,179000,United States,M,Data Engineering
Mid-level,Full-time,112000,United States,M,Data Engineering
Executive,Full-time,179000,United States,M,Data Engineering
Executive,Full-time,112000,United States,M,Data Engineering
Senior,Full-time,170000,United States,M,Data Science and Research
Senior,Full-time,130000,United States,M,Data Science and Research
Mid-level,Full-time,123600,United States,M,Data Analysis
Mid-level,Full-time,79900,United States,M,Data Analysis
Senior,Full-time,152375,United States,M,Data Engineering
Senior,Full-time,94000,United States,M,Data Engineering
Senior,Full-time,365100,United States,M,Machine Learning and AI
Senior,Full-time,260800,United States,M,Machine Learning and AI
Senior,Full-time,81250,United Kingdom,M,Data Science and Research
Senior,Full-time,56250,United Kingdom,M,Data Science and Research
Mid-level,Full-time,120000,United States,M,Data Science and Research
Mid-level,Full-time,94400,United States,M,Data Science and Research
Senior,Full-time,130000,United States,M,Leadership and Management
Senior,Full-time,240500,United States,M,Machine Learning and AI
Senior,Full-time,192500,United States,M,Machine Learning and AI
Senior,Full-time,100000,United States,M,Data Analysis
Senior,Full-time,80000,United States,M,Data Analysis
Senior,Full-time,179000,United States,M,Data Architecture and Modeling
Senior,Full-time,112000,United States,M,Data Architecture and Modeling
Entry-level,Full-time,260100,United States,M,Machine Learning and AI
Entry-level,Full-time,185800,United States,M,Machine Learning and AI
Senior,Full-time,138000,United States,M,Data Architecture and Modeling
Senior,Full-time,86000,United States,M,Data Architecture and Modeling
Executive,Full-time,143297,Canada,M,Data Science and Research
Executive,Full-time,114638,Canada,M,Data Science and Research
Entry-level,Full-time,28888,Spain,M,Data Analysis
Entry-level,Full-time,23333,Spain,M,Data Analysis
Entry-level,Full-time,157900,Canada,M,Machine Learning and AI
Entry-level,Full-time,105300,Canada,M,Machine Learning and AI
Entry-level,Full-time,180700,United States,M,Data Analysis
Entry-level,Full-time,97000,United States,M,Data Analysis
Mid-level,Full-time,206000,United States,M,BI and Visualization
Mid-level,Full-time,134000,United States,M,BI and Visualization
Mid-level,Full-time,170000,United States,M,Machine Learning and AI
Mid-level,Full-time,125100,United States,M,Machine Learning and AI
Executive,Full-time,209700,United States,M,Data Science and Research
Executive,Full-time,161300,United States,M,Data Science and Research
Senior,Full-time,250000,United States,M,Data Engineering
Senior,Full-time,200000,United States,M,Data Engineering
Senior,Full-time,300000,United States,M,Machine Learning and AI
Senior,Full-time,185000,United States,M,Machine Learning and AI
Entry-level,Full-time,83646,Canada,M,Data Analysis
Entry-level,Full-time,65407,Canada,M,Data Analysis
Senior,Full-time,195000,United States,M,Data Engineering
Senior,Full-time,160000,United States,M,Data Engineering
Senior,Full-time,179000,United States,M,Data Science and Research
Senior,Full-time,112000,United States,M,Data Science and Research
Senior,Full-time,169200,United States,M,Data Engineering
Senior,Full-time,130100,United States,M,Data Engineering
Mid-level,Full-time,166000,United States,M,Data Science and Research
Mid-level,Full-time,73100,United States,M,Data Science and Research
Mid-level,Full-time,130000,United States,M,Data Science and Research
Mid-level,Full-time,100000,United States,M,Data Science and Research
Senior,Full-time,184000,United States,M,Data Engineering
Senior,Full-time,123000,United States,M,Data Engineering
Entry-level,Full-time,144650,United States,M,Data Science and Research
Entry-level,Full-time,86800,United States,M,Data Science and Research
Senior,Full-time,140000,United States,M,Machine Learning and AI
Senior,Full-time,120000,United States,M,Machine Learning and AI
Mid-level,Full-time,260100,United States,M,Machine Learning and AI
Mid-level,Full-time,185800,United States,M,Machine Learning and AI
Senior,Full-time,125000,United States,M,Data Science and Research
Senior,Full-time,97000,United States,M,Data Science and Research
Senior,Full-time,303400,United States,M,Machine Learning and AI
Senior,Full-time,216700,United States,M,Machine Learning and AI
Senior,Full-time,119786,Canada,M,Machine Learning and AI
Senior,Full-time,95828,Canada,M,Machine Learning and AI
Mid-level,Full-time,66666,Germany,M,Data Quality and Operations
Mid-level,Full-time,55555,Germany,M,Data Quality and Operations
Senior,Full-time,104000,United States,M,Data Science and Research
Senior,Full-time,80000,United States,M,Data Science and Research
Senior,Full-time,294000,United States,M,Data Science and Research
Senior,Full-time,204000,United States,M,Data Science and Research
Senior,Full-time,272400,United States,M,Data Science and Research
Senior,Full-time,155600,United States,M,Data Science and Research
Mid-level,Full-time,184000,United States,M,Data Engineering
Mid-level,Full-time,123000,United States,M,Data Engineering
Senior,Full-time,303400,United States,M,Machine Learning and AI
Senior,Full-time,216700,United States,M,Machine Learning and AI
Mid-level,Full-time,187000,United States,M,Data Engineering
Mid-level,Full-time,125000,United States,M,Data Engineering
Senior,Full-time,49333,Latvia,M,BI and Visualization
Senior,Full-time,34666,Latvia,M,BI and Visualization
Senior,Full-time,144000,United States,M,Data Engineering
Senior,Full-time,113000,United States,M,Data Engineering
Senior,Full-time,143500,United States,M,Data Engineering
Senior,Full-time,77000,United States,M,Data Engineering
Senior,Full-time,88000,Canada,M,Leadership and Management
Senior,Full-time,71000,Canada,M,Leadership and Management
Entry-level,Full-time,50000,United Kingdom,M,Data Management and Strategy
Entry-level,Full-time,41750,United Kingdom,M,Data Management and Strategy
Senior,Full-time,137500,United Kingdom,S,Machine Learning and AI
Senior,Full-time,108750,United Kingdom,S,Machine Learning and AI
Senior,Full-time,190000,United States,M,Data Engineering
Senior,Full-time,135000,United States,M,Data Engineering
Senior,Full-time,68750,United Kingdom,M,Data Engineering
Senior,Full-time,65000,United Kingdom,M,Data Engineering
Senior,Full-time,260000,United States,L,Data Science and Research
Senior,Full-time,136000,United States,L,Data Science and Research
Mid-level,Contract,63333,Hungary,S,Data Science and Research
Senior,Full-time,250000,United States,M,Machine Learning and AI
Senior,Full-time,184900,United States,M,Machine Learning and AI
Mid-level,Full-time,148100,United States,M,Data Engineering
Mid-level,Full-time,98700,United States,M,Data Engineering
Senior,Full-time,140032,United States,M,Data Science and Research
Senior,Full-time,100022,United States,M,Data Science and Research
Mid-level,Full-time,120000,United States,M,BI and Visualization
Mid-level,Full-time,62100,United States,M,BI and Visualization
Entry-level,Full-time,250000,United States,M,Data Science and Research
Entry-level,Full-time,150000,United States,M,Data Science and Research
Executive,Full-time,219650,United States,M,Data Engineering
Executive,Full-time,136000,United States,M,Data Engineering
Mid-level,Full-time,87800,United States,M,BI and Visualization
Mid-level,Full-time,76300,United States,M,BI and Visualization
Mid-level,Full-time,148100,United States,M,Data Science and Research
Mid-level,Full-time,98700,United States,M,Data Science and Research
Mid-level,Full-time,145500,United States,M,Data Engineering
Mid-level,Full-time,93000,United States,M,Data Engineering
Mid-level,Full-time,85000,United States,M,Data Science and Research
Mid-level,Full-time,75000,United States,M,Data Science and Research
Mid-level,Full-time,105000,United States,M,Data Science and Research
Mid-level,Full-time,70000,United States,M,Data Science and Research
Senior,Full-time,204662,United States,M,Data Engineering
Senior,Full-time,184662,United States,M,Data Engineering
Mid-level,Full-time,179000,United States,M,Data Science and Research
Mid-level,Full-time,112000,United States,M,Data Science and Research
Entry-level,Full-time,115000,United States,M,Data Analysis
Entry-level,Full-time,85000,United States,M,Data Analysis
Executive,Full-time,225000,United States,M,Data Science and Research
Executive,Full-time,180000,United States,M,Data Science and Research
Senior,Full-time,175000,United States,M,Machine Learning and AI
Senior,Full-time,110000,United States,M,Machine Learning and AI
Senior,Full-time,252000,United States,M,Machine Learning and AI
Senior,Full-time,157500,United States,M,Machine Learning and AI
Senior,Full-time,267900,United States,M,Machine Learning and AI
Senior,Full-time,234700,United States,M,Machine Learning and AI
Entry-level,Full-time,195500,United States,M,Data Analysis
Entry-level,Full-time,68000,United States,M,Data Analysis
Senior,Full-time,120000,United States,M,Data Science and Research
Senior,Full-time,90000,United States,M,Data Science and Research
Senior,Full-time,242000,United States,M,Data Science and Research
Senior,Full-time,106200,United States,M,Data Science and Research
Senior,Full-time,171210,Canada,M,Data Engineering
Senior,Full-time,92190,Canada,M,Data Engineering
Senior,Full-time,215000,United States,M,Machine Learning and AI
Senior,Full-time,146900,United States,M,Machine Learning and AI
Mid-level,Full-time,222200,United States,L,Data Science and Research
Mid-level,Full-time,136000,United States,L,Data Science and Research
Mid-level,Full-time,246000,United States,M,Data Science and Research
Mid-level,Full-time,190000,United States,M,Data Science and Research
Mid-level,Full-time,165000,United States,M,Data Engineering
Mid-level,Full-time,129600,United States,M,Data Engineering
Mid-level,Full-time,200400,United States,M,BI and Visualization
Mid-level,Full-time,126900,United States,M,BI and Visualization
Senior,Full-time,322000,United States,M,Machine Learning and AI
Senior,Full-time,230000,United States,M,Machine Learning and AI
Senior,Full-time,175520,United States,M,Data Analysis
Senior,Full-time,103786,United States,M,Data Analysis
Senior,Full-time,170000,United States,M,Leadership and Management
Senior,Full-time,130000,United States,M,Leadership and Management
Senior,Full-time,195000,United States,M,Data Science and Research
Senior,Full-time,146900,United States,M,Data Science and Research
Mid-level,Full-time,170400,United States,M,Data Science and Research
Mid-level,Full-time,106500,United States,M,Data Science and Research
Mid-level,Full-time,64105,United Kingdom,M,Data Management and Strategy
Mid-level,Full-time,51283,United Kingdom,M,Data Management and Strategy
Mid-level,Full-time,134500,United States,M,Data Analysis
Mid-level,Full-time,100000,United States,M,Data Analysis
Mid-level,Full-time,159000,United States,M,Data Engineering
Mid-level,Full-time,111300,United States,M,Data Engineering
Mid-level,Full-time,173400,United States,M,Machine Learning and AI
Mid-level,Full-time,99100,United States,M,Machine Learning and AI
Senior,Full-time,185000,United States,L,BI and Visualization
Senior,Full-time,79600,United States,L,BI and Visualization
Executive,Full-time,323700,United States,M,Data Science and Research
Executive,Full-time,190500,United States,M,Data Science and Research
Mid-level,Full-time,139777,Spain,M,Machine Learning and AI
Mid-level,Full-time,93222,Spain,M,Machine Learning and AI
Senior,Full-time,218000,United States,M,Data Science and Research
Senior,Full-time,145000,United States,M,Data Science and Research
Senior,Full-time,258100,United States,M,Data Science and Research
Senior,Full-time,151900,United States,M,Data Science and Research
Mid-level,Full-time,179000,United States,M,Data Science and Research
Mid-level,Full-time,106500,United States,M,Data Science and Research
Mid-level,Full-time,212800,United States,L,Data Science and Research
Mid-level,Full-time,111600,United States,L,Data Science and Research
Senior,Full-time,166700,United States,M,Machine Learning and AI
Senior,Full-time,150000,United States,M,Machine Learning and AI
Senior,Full-time,220000,United States,M,Machine Learning and AI
Senior,Full-time,170000,United States,M,Machine Learning and AI
Senior,Full-time,418000,United States,M,Machine Learning and AI
Senior,Full-time,141000,United States,M,Machine Learning and AI
Senior,Full-time,440000,United States,M,Data Science and Research
Senior,Full-time,100000,United States,M,Data Science and Research
Executive,Full-time,260000,United States,L,Data Science and Research
Executive,Full-time,246100,United States,M,Data Science and Research
Executive,Full-time,181900,United States,M,Data Science and Research
Senior,Full-time,130000,Canada,M,Leadership and Management
Senior,Full-time,110000,Canada,M,Leadership and Management
Mid-level,Full-time,133000,Australia,M,Data Engineering
Mid-level,Full-time,58300,Australia,M,Data Engineering
Entry-level,Full-time,91000,United States,M,Machine Learning and AI
Entry-level,Full-time,70000,United States,M,Machine Learning and AI
Senior,Full-time,212000,Germany,M,Machine Learning and AI
Senior,Full-time,93300,Germany,M,Machine Learning and AI
Executive,Full-time,177500,United States,M,BI and Visualization
Executive,Full-time,117500,United States,M,BI and Visualization
Mid-level,Full-time,137930,Canada,M,Data Science and Research
Mid-level,Full-time,74270,Canada,M,Data Science and Research
Entry-level,Full-time,95000,United States,M,BI and Visualization
Entry-level,Full-time,70000,United States,M,BI and Visualization
Senior,Full-time,258720,United States,M,Data Science and Research
Senior,Full-time,160000,United States,M,Data Science and Research
Entry-level,Full-time,85000,Lebanon,M,Data Quality and Operations
Entry-level,Full-time,58500,Lebanon,M,Data Quality and Operations
Mid-level,Full-time,154800,United States,M,BI and Visualization
Mid-level,Full-time,76300,United States,M,BI and Visualization
Mid-level,Full-time,170200,United States,M,Machine Learning and AI
Mid-level,Full-time,83900,United States,M,Machine Learning and AI
Senior,Full-time,205000,United States,M,Data Engineering
Senior,Full-time,165000,United States,M,Data Engineering
Mid-level,Full-time,250000,United States,M,Data Science and Research
Mid-level,Full-time,131600,United States,M,Data Science and Research
Senior,Full-time,240000,United States,M,Data Science and Research
Senior,Full-time,187000,United States,M,Data Science and Research
Mid-level,Full-time,134600,United States,M,Data Engineering
Mid-level,Full-time,103000,United States,M,Data Engineering
Senior,Full-time,324000,United States,M,Machine Learning and AI
Senior,Full-time,159000,United States,M,Machine Learning and AI
Mid-level,Full-time,74276,Australia,M,Data Science and Research
Mid-level,Full-time,70230,Australia,M,Data Science and Research
Senior,Full-time,385000,United States,M,Data Engineering
Senior,Full-time,245000,United States,M,Data Engineering
Mid-level,Full-time,385000,United States,M,Data Science and Research
Mid-level,Full-time,245000,United States,M,Data Science and Research
Mid-level,Full-time,214300,United States,M,Data Engineering
Mid-level,Full-time,108500,United States,M,Data Engineering
Senior,Full-time,245700,United States,M,Machine Learning and AI
Senior,Full-time,132300,United States,M,Machine Learning and AI
Mid-level,Full-time,80000,United States,M,Data Management and Strategy
Mid-level,Full-time,73000,United States,M,Data Management and Strategy
Senior,Full-time,263500,United States,M,Machine Learning and AI
Senior,Full-time,189360,United States,M,Machine Learning and AI
Senior,Full-time,175000,United States,M,Data Architecture and Modeling
Senior,Full-time,125000,United States,M,Data Architecture and Modeling
Executive,Full-time,175762,United States,M,Data Science and Research
Executive,Full-time,97254,United States,M,Data Science and Research
Senior,Full-time,218213,United States,M,Data Science and Research
Senior,Full-time,178538,United States,M,Data Science and Research
Mid-level,Full-time,440000,United States,M,Data Science and Research
Mid-level,Full-time,295000,United States,M,Data Science and Research
Mid-level,Full-time,118600,United States,M,Data Science and Research
Mid-level,Full-time,96800,United States,M,Data Science and Research
Mid-level,Full-time,198800,United States,M,Data Science and Research
Mid-level,Full-time,90700,United States,M,Data Science and Research
Senior,Full-time,145000,United States,M,Data Engineering
Senior,Full-time,115000,United States,M,Data Engineering
Senior,Full-time,269100,United States,M,Data Engineering
Senior,Full-time,131300,United States,M,Data Engineering
Mid-level,Full-time,440000,United States,M,Data Science and Research
Mid-level,Full-time,245000,United States,M,Data Science and Research
Entry-level,Full-time,99900,United States,M,Data Analysis
Entry-level,Full-time,83000,United States,M,Data Analysis
Mid-level,Full-time,240960,United States,M,Data Science and Research
Mid-level,Full-time,190000,United States,M,Data Science and Research
Senior,Full-time,178600,United States,M,Data Architecture and Modeling
Senior,Full-time,67200,United States,M,Data Architecture and Modeling
Mid-level,Full-time,170200,United States,M,BI and Visualization
Mid-level,Full-time,83900,United States,M,BI and Visualization
Senior,Full-time,169000,United States,M,Data Analysis
Senior,Full-time,120000,United States,M,Data Analysis
Senior,Full-time,225000,Canada,M,Data Science and Research
Senior,Full-time,153000,Canada,M,Data Science and Research
Senior,Full-time,450000,United States,M,Data Science and Research
Senior,Full-time,245000,United States,M,Data Science and Research
Senior,Full-time,99500,United States,M,Data Engineering
Senior,Full-time,53300,United States,M,Data Engineering
Senior,Full-time,240960,United States,M,Data Science and Research
Senior,Full-time,200800,United States,M,Data Science and Research
Mid-level,Full-time,170200,United States,M,Data Science and Research
Mid-level,Full-time,83900,United States,M,Data Science and Research
Mid-level,Full-time,125000,United States,M,Data Engineering
Mid-level,Full-time,115000,United States,M,Data Engineering
Senior,Full-time,261050,United States,M,Data Science and Research
Senior,Full-time,187000,United States,M,Data Science and Research
Senior,Full-time,331640,United States,M,Machine Learning and AI
Senior,Full-time,283780,United States,M,Machine Learning and AI
Senior,Full-time,146500,United States,M,Data Analysis
Senior,Full-time,96000,United States,M,Data Analysis
Senior,Full-time,235000,United States,M,Machine Learning and AI
Senior,Full-time,185000,United States,M,Machine Learning and AI
Mid-level,Full-time,140400,United States,M,Data Science and Research
Mid-level,Full-time,90000,United States,M,Data Science and Research
Senior,Full-time,440000,United States,M,Data Science and Research
Senior,Full-time,245000,United States,M,Data Science and Research
Mid-level,Full-time,179000,United States,M,Data Science and Research
Mid-level,Full-time,112000,United States,M,Data Science and Research
Senior,Full-time,178600,United States,M,Data Architecture and Modeling
Senior,Full-time,76300,United States,M,Data Architecture and Modeling
Senior,Full-time,260000,United States,M,Data Engineering
Senior,Full-time,225000,United States,M,Data Engineering
Senior,Full-time,165000,United States,M,Data Engineering
Senior,Full-time,137000,United States,M,Data Engineering
Senior,Full-time,260000,United States,L,Data Science and Research
Senior,Full-time,136000,United States,L,Data Science and Research
Senior,Full-time,296100,United States,M,Data Science and Research
Senior,Full-time,144500,United States,M,Data Science and Research
Senior,Full-time,278700,United States,M,Data Science and Research
Senior,Full-time,159300,United States,M,Data Science and Research
Senior,Full-time,206000,United States,M,Data Science and Research
Senior,Full-time,140250,United States,M,Data Science and Research
Mid-level,Full-time,100000,United States,M,Leadership and Management
Mid-level,Full-time,75000,United States,M,Leadership and Management
Senior,Full-time,180000,United States,M,Leadership and Management
Senior,Full-time,140000,United States,M,Leadership and Management
Senior,Full-time,235000,Canada,M,Machine Learning and AI
Senior,Full-time,153000,Canada,M,Machine Learning and AI
Senior,Full-time,440000,United States,M,Data Science and Research
Senior,Full-time,245000,United States,M,Data Science and Research
Senior,Full-time,116800,United States,M,Data Analysis
Senior,Full-time,87600,United States,M,Data Analysis
Senior,Full-time,170000,United States,M,Data Science and Research
Senior,Full-time,125000,United States,M,Data Science and Research
Senior,Full-time,283500,United States,M,Data Architecture and Modeling
Senior,Full-time,149000,United States,M,Data Architecture and Modeling
Entry-level,Full-time,26000,Romania,L,Data Science and Research
Senior,Full-time,357900,United States,M,Machine Learning and AI
Senior,Full-time,189400,United States,M,Machine Learning and AI
Senior,Full-time,212000,United States,M,Data Science and Research
Senior,Full-time,93400,United States,M,Data Science and Research
Senior,Full-time,128656,United States,M,Data Engineering
Senior,Full-time,103330,United States,M,Data Engineering
Senior,Full-time,250900,United States,M,Machine Learning and AI
Senior,Full-time,135200,United States,M,Machine Learning and AI
Senior,Full-time,414000,United States,M,Data Science and Research
Senior,Full-time,216000,United States,M,Data Science and Research
Mid-level,Full-time,69000,United States,M,Data Management and Strategy
Mid-level,Full-time,51000,United States,M,Data Management and Strategy
Senior,Full-time,109000,United States,M,Data Analysis
Senior,Full-time,62300,United States,M,Data Analysis
Mid-level,Full-time,134160,United States,M,Leadership and Management
Mid-level,Full-time,72240,United States,M,Leadership and Management
Mid-level,Full-time,90500,United States,M,Data Analysis
Mid-level,Full-time,42400,United States,M,Data Analysis
Senior,Full-time,381500,United States,M,Data Architecture and Modeling
Senior,Full-time,202500,United States,M,Data Architecture and Modeling
Senior,Full-time,257000,United States,M,Machine Learning and AI
Senior,Full-time,129000,United States,M,Machine Learning and AI
Entry-level,Full-time,120000,United States,M,Data Analysis
Entry-level,Full-time,100000,United States,M,Data Analysis
Senior,Full-time,209990,Canada,M,Leadership and Management
Senior,Full-time,140000,Canada,M,Leadership and Management
Entry-level,Full-time,80000,United States,M,Data Analysis
Entry-level,Full-time,45700,United States,M,Data Analysis
Senior,Full-time,138000,United States,M,Data Science and Research
Senior,Full-time,86000,United States,M,Data Science and Research
Senior,Full-time,152000,United States,M,Data Science and Research
Senior,Full-time,133200,United States,M,Data Science and Research
Senior,Full-time,135000,United States,M,Data Analysis
Senior,Full-time,120000,United States,M,Data Analysis
Senior,Full-time,175000,United States,M,Data Engineering
Senior,Full-time,150000,United States,M,Data Engineering
Mid-level,Full-time,100000,United States,M,Leadership and Management
Mid-level,Full-time,95000,United States,M,Leadership and Management
Senior,Full-time,134200,United States,M,Data Analysis
Senior,Full-time,117000,United States,M,Data Analysis
Mid-level,Full-time,179000,United States,M,Data Science and Research
Mid-level,Full-time,112000,United States,M,Data Science and Research
Senior,Full-time,234000,United States,M,Data Architecture and Modeling
Senior,Full-time,146000,United States,M,Data Architecture and Modeling
Entry-level,Full-time,75065,United States,M,Data Analysis
Entry-level,Full-time,41419,United States,M,Data Analysis
Mid-level,Full-time,107800,United States,M,Data Engineering
Mid-level,Full-time,61600,United States,M,Data Engineering
Senior,Full-time,324000,United States,M,Machine Learning and AI
Senior,Full-time,159000,United States,M,Machine Learning and AI
Entry-level,Full-time,80000,United States,M,Data Analysis
Entry-level,Full-time,75000,United States,M,Data Analysis
Senior,Full-time,303400,Canada,M,Machine Learning and AI
Senior,Full-time,216700,Canada,M,Machine Learning and AI
Senior,Full-time,179000,United States,M,Data Science and Research
Senior,Full-time,112000,United States,M,Data Science and Research
Senior,Full-time,247300,United States,M,Data Engineering
Senior,Full-time,139700,United States,M,Data Engineering
Entry-level,Full-time,93000,United States,M,Data Analysis
Entry-level,Full-time,65750,United States,M,Data Analysis
Mid-level,Full-time,222200,United States,L,Data Science and Research
Mid-level,Full-time,136000,United States,L,Data Science and Research
Senior,Full-time,234000,United States,M,Data Science and Research
Senior,Full-time,146000,United States,M,Data Science and Research
Mid-level,Full-time,130000,United States,M,Data Engineering
Mid-level,Full-time,90800,United States,M,Data Engineering
Entry-level,Full-time,93000,United States,M,Data Analysis
Entry-level,Full-time,65750,United States,M,Data Analysis
Entry-level,Part-time,16666,Germany,M,Data Science and Research
Mid-level,Full-time,166000,United States,M,Data Engineering
Mid-level,Full-time,73100,United States,M,Data Engineering
Mid-level,Full-time,166000,United States,M,Data Science and Research
Mid-level,Full-time,73100,United States,M,Data Science and Research
Senior,Full-time,179000,United States,M,Data Science and Research
Senior,Full-time,112000,United States,M,Data Science and Research
Senior,Full-time,186754,United States,M,Machine Learning and AI
Senior,Full-time,101000,United States,M,Machine Learning and AI
Senior,Full-time,80000,United States,M,Data Science and Research
Senior,Full-time,67500,United States,M,Data Science and Research
Senior,Full-time,212000,Egypt,M,Machine Learning and AI
Senior,Full-time,93300,Egypt,M,Machine Learning and AI
Senior,Full-time,138000,United States,M,Data Engineering
Senior,Full-time,86000,United States,M,Data Engineering
Mid-level,Full-time,106050,United States,M,Data Engineering
Mid-level,Full-time,80420,United States,M,Data Engineering
Senior,Full-time,234000,United States,M,Data Science and Research
Senior,Full-time,146000,United States,M,Data Science and Research
Entry-level,Full-time,179000,United States,M,Data Analysis
Entry-level,Full-time,112000,United States,M,Data Analysis
Senior,Full-time,171210,Canada,M,Data Architecture and Modeling
Senior,Full-time,92190,Canada,M,Data Architecture and Modeling
Mid-level,Full-time,110630,Canada,M,Data Science and Research
Mid-level,Full-time,59570,Canada,M,Data Science and Research
Senior,Full-time,234000,United States,M,Data Science and Research
Senior,Full-time,146000,United States,M,Data Science and Research
Senior,Full-time,186000,United States,M,Data Architecture and Modeling
Senior,Full-time,81800,United States,M,Data Architecture and Modeling
Senior,Full-time,95000,India,M,BI and Visualization
Senior,Full-time,80000,India,M,BI and Visualization
Senior,Full-time,160000,United States,M,Data Engineering
Senior,Full-time,94100,United States,M,Data Engineering
Entry-level,Full-time,50000,United Kingdom,M,Data Engineering
Entry-level,Full-time,37500,United Kingdom,M,Data Engineering
Executive,Full-time,225000,United States,M,Data Engineering
Executive,Full-time,215000,United States,M,Data Engineering
Senior,Full-time,303400,United States,M,Machine Learning and AI
Senior,Full-time,216700,United States,M,Machine Learning and AI
Entry-level,Full-time,56250,United Kingdom,M,BI and Visualization
Entry-level,Full-time,56250,United Kingdom,M,BI and Visualization
Entry-level,Full-time,179000,United States,M,Data Analysis
Entry-level,Full-time,112000,United States,M,Data Analysis
Mid-level,Full-time,166000,United States,M,Machine Learning and AI
Mid-level,Full-time,73100,United States,M,Machine Learning and AI
Senior,Full-time,130000,United States,M,Data Architecture and Modeling
Senior,Full-time,110000,United States,M,Data Architecture and Modeling
Mid-level,Full-time,115000,United States,M,Data Engineering
Mid-level,Full-time,80000,United States,M,Data Engineering
Mid-level,Full-time,179000,United States,M,Data Science and Research
Mid-level,Full-time,112000,United States,M,Data Science and Research
Senior,Full-time,195000,United States,M,Machine Learning and AI
Senior,Full-time,170000,United States,M,Machine Learning and AI
Mid-level,Full-time,78000,Canada,M,Data Analysis
Mid-level,Full-time,54000,Canada,M,Data Analysis
Mid-level,Full-time,179000,United States,M,Data Science and Research
Mid-level,Full-time,112000,United States,M,Data Science and Research
Senior,Full-time,440000,United States,M,Data Science and Research
Senior,Full-time,295000,United States,M,Data Science and Research
Senior,Full-time,130000,Canada,M,Data Science and Research
Senior,Full-time,120000,Canada,M,Data Science and Research
Senior,Full-time,152375,United States,M,Data Engineering
Senior,Full-time,94000,United States,M,Data Engineering
Senior,Full-time,180000,United States,M,Leadership and Management
Senior,Full-time,130000,United States,M,Leadership and Management
Senior,Full-time,195000,United States,M,Leadership and Management
Senior,Full-time,165000,United States,M,Leadership and Management
Mid-level,Full-time,218000,United States,M,Data Science and Research
Mid-level,Full-time,152600,United States,M,Data Science and Research
Mid-level,Full-time,150000,United States,M,Machine Learning and AI
Senior,Full-time,136197,United States,M,Data Science and Research
Senior,Full-time,100000,United States,M,Data Science and Research
Senior,Full-time,440000,United States,M,Data Science and Research
Senior,Full-time,295000,United States,M,Data Science and Research
Executive,Full-time,179000,United States,M,Data Engineering
Executive,Full-time,112000,United States,M,Data Engineering
Mid-level,Full-time,175100,United States,M,Data Science and Research
Mid-level,Full-time,82915,United States,M,Data Science and Research
Senior,Full-time,112000,United States,M,Data Science and Research
Senior,Full-time,109000,United States,M,Data Science and Research
Mid-level,Full-time,116550,United States,M,Leadership and Management
Mid-level,Full-time,79200,United States,M,Leadership and Management
Mid-level,Full-time,168000,United States,M,Data Science and Research
Mid-level,Full-time,120000,United States,M,Data Science and Research
Mid-level,Full-time,193000,United Kingdom,M,Data Science and Research
Mid-level,Full-time,96125,United Kingdom,M,Data Science and Research
Senior,Full-time,210000,United States,M,Machine Learning and AI
Senior,Full-time,160000,United States,M,Machine Learning and AI
Senior,Full-time,116000,United States,M,Data Engineering
Senior,Full-time,90000,United States,M,Data Engineering
Senior,Full-time,247600,United States,L,Data Science and Research
Senior,Full-time,127300,United States,L,Data Science and Research
Mid-level,Full-time,50000,United Kingdom,M,Data Analysis
Mid-level,Full-time,43750,United Kingdom,M,Data Analysis
Senior,Full-time,190600,United States,M,Data Science and Research
Senior,Full-time,94400,United States,M,Data Science and Research
Senior,Full-time,258100,United States,M,Machine Learning and AI
Senior,Full-time,151900,United States,M,Machine Learning and AI
Mid-level,Full-time,100000,United States,M,Data Science and Research
Senior,Full-time,175000,United Kingdom,M,Data Engineering
Senior,Full-time,125000,United Kingdom,M,Data Engineering
Senior,Full-time,171000,United States,M,Data Analysis
Senior,Full-time,93000,United States,M,Data Analysis
Senior,Full-time,104000,United States,M,Data Science and Research
Senior,Full-time,80000,United States,M,Data Science and Research
Mid-level,Full-time,158000,United States,M,Data Analysis
Mid-level,Full-time,106000,United States,M,Data Analysis
Mid-level,Full-time,100000,United States,M,Data Science and Research
Senior,Full-time,140130,United States,M,Data Analysis
Senior,Full-time,84870,United States,M,Data Analysis
Mid-level,Full-time,100000,United States,M,Data Science and Research
Senior,Full-time,278700,United States,M,Data Science and Research
Senior,Full-time,159300,United States,M,Data Science and Research
Senior,Full-time,220000,United States,M,Data Science and Research
Senior,Full-time,170000,United States,M,Data Science and Research
Mid-level,Full-time,117750,United States,M,BI and Visualization
Mid-level,Full-time,70650,United States,M,BI and Visualization
Senior,Full-time,233200,United States,M,Data Engineering
Senior,Full-time,144200,United States,M,Data Engineering
Senior,Full-time,247500,United States,M,Machine Learning and AI
Senior,Full-time,172200,United States,M,Machine Learning and AI
Mid-level,Full-time,138000,United States,M,Data Engineering
Mid-level,Full-time,86000,United States,M,Data Engineering
Entry-level,Full-time,179000,United States,M,Data Analysis
Entry-level,Full-time,112000,United States,M,Data Analysis
Mid-level,Full-time,92000,United States,M,BI and Visualization
Mid-level,Full-time,80000,United States,M,BI and Visualization
Senior,Full-time,90000,United States,M,BI and Visualization
Senior,Full-time,70000,United States,M,BI and Visualization
Senior,Full-time,127000,United States,M,BI and Visualization
Senior,Full-time,72600,United States,M,BI and Visualization
Entry-level,Full-time,70000,United States,M,Leadership and Management
Entry-level,Full-time,50000,United States,M,Leadership and Management
Entry-level,Full-time,83000,United States,M,Data Analysis
Entry-level,Full-time,71000,United States,M,Data Analysis
Senior,Full-time,198650,United States,M,Machine Learning and AI
Senior,Full-time,137000,United States,M,Machine Learning and AI
Senior,Full-time,160000,United States,M,Data Architecture and Modeling
Senior,Full-time,100000,United States,M,Data Architecture and Modeling
Entry-level,Full-time,92700,United States,M,Data Analysis
Entry-level,Full-time,64900,United States,M,Data Analysis
Mid-level,Full-time,166000,United States,M,Data Science and Research
Mid-level,Full-time,73000,United States,M,Data Science and Research
Mid-level,Full-time,81713,United States,M,Data Analysis
Mid-level,Full-time,48067,United States,M,Data Analysis
Mid-level,Full-time,179000,United States,M,Machine Learning and AI
Mid-level,Full-time,112000,United States,M,Machine Learning and AI
Senior,Full-time,111800,United States,M,Data Science and Research
Senior,Full-time,68195,United States,M,Data Science and Research
Senior,Full-time,132000,United States,M,BI and Visualization
Senior,Full-time,82500,United States,M,BI and Visualization
Mid-level,Full-time,140000,United States,M,Data Science and Research
Mid-level,Full-time,100000,United States,M,Data Science and Research
Mid-level,Full-time,85000,United States,M,Data Analysis
Mid-level,Full-time,61800,United States,M,Data Analysis
Mid-level,Full-time,129118,United States,M,Data Analysis
Mid-level,Full-time,86078,United States,M,Data Analysis
Senior,Full-time,140000,Canada,M,Data Analysis
Senior,Full-time,107000,Canada,M,Data Analysis
Mid-level,Full-time,97000,United States,M,Data Science and Research
Mid-level,Full-time,62000,United States,M,Data Science and Research
Mid-level,Full-time,237000,United States,M,Data Science and Research
Mid-level,Full-time,201450,United States,M,Data Science and Research
Executive,Full-time,219650,United States,M,Data Engineering
Executive,Full-time,136000,United States,M,Data Engineering
Entry-level,Full-time,92700,United States,M,Data Analysis
Entry-level,Full-time,64900,United States,M,Data Analysis
Mid-level,Full-time,87800,United States,M,BI and Visualization
Mid-level,Full-time,76300,United States,M,BI and Visualization
Senior,Full-time,97000,United States,M,Data Science and Research
Senior,Full-time,62000,United States,M,Data Science and Research
Senior,Full-time,253000,United States,M,Machine Learning and AI
Senior,Full-time,187000,United States,M,Machine Learning and AI
Senior,Full-time,250000,United States,M,Machine Learning and AI
Senior,Full-time,150000,United States,M,Machine Learning and AI
Mid-level,Full-time,184000,United States,M,Data Engineering
Mid-level,Full-time,123000,United States,M,Data Engineering
Senior,Full-time,245000,United States,M,Data Science and Research
Senior,Full-time,180000,United States,M,Data Science and Research
Senior,Full-time,184000,United States,M,Data Engineering
Senior,Full-time,123000,United States,M,Data Engineering
Senior,Full-time,317000,United States,M,Machine Learning and AI
Senior,Full-time,266000,United States,M,Machine Learning and AI
Senior,Full-time,229000,United States,M,Machine Learning and AI
Senior,Full-time,221000,United States,M,Machine Learning and AI
Mid-level,Full-time,184000,United States,M,Data Engineering
Mid-level,Full-time,123000,United States,M,Data Engineering
Mid-level,Full-time,120000,United States,M,BI and Visualization
Mid-level,Full-time,62100,United States,M,BI and Visualization
Senior,Full-time,210000,United States,M,Data Engineering
Senior,Full-time,162000,United States,M,Data Engineering
Senior,Full-time,198000,United States,M,Machine Learning and AI
Senior,Full-time,162000,United States,M,Machine Learning and AI
Senior,Full-time,300000,United States,M,Machine Learning and AI
Senior,Full-time,180000,United States,M,Machine Learning and AI
Mid-level,Full-time,68088,United States,M,Data Science and Research
Mid-level,Full-time,54552,United States,M,Data Science and Research
Senior,Full-time,324000,United States,M,Data Science and Research
Senior,Full-time,159000,United States,M,Data Science and Research
Mid-level,Full-time,99000,United States,M,Leadership and Management
Mid-level,Full-time,70000,United States,M,Leadership and Management
Senior,Full-time,220000,United States,M,Machine Learning and AI
Senior,Full-time,146000,United States,M,Machine Learning and AI
Mid-level,Full-time,105000,United States,M,Data Science and Research
Mid-level,Full-time,70000,United States,M,Data Science and Research
Mid-level,Full-time,110000,United States,M,Data Engineering
Mid-level,Full-time,90000,United States,M,Data Engineering
Mid-level,Full-time,60000,United States,M,Data Science and Research
Mid-level,Full-time,55000,United States,M,Data Science and Research
Entry-level,Full-time,116013,United States,M,Data Analysis
Entry-level,Full-time,92810,United States,M,Data Analysis
Senior,Full-time,200000,United States,M,Data Science and Research
Senior,Full-time,150000,United States,M,Data Science and Research
Senior,Full-time,221000,United States,M,Data Engineering
Senior,Full-time,138000,United States,M,Data Engineering
Mid-level,Full-time,146100,United States,M,Data Engineering
Mid-level,Full-time,86500,United States,M,Data Engineering
Senior,Full-time,159300,United States,M,Data Science and Research
Senior,Full-time,96600,United States,M,Data Science and Research
Senior,Full-time,209300,United States,M,Data Engineering
Senior,Full-time,118300,United States,M,Data Engineering
Senior,Full-time,170000,United States,M,Data Science and Research
Senior,Full-time,130000,United States,M,Data Science and Research
Senior,Full-time,140000,United States,M,Data Engineering
Senior,Full-time,97200,United States,M,Data Engineering
Mid-level,Full-time,179000,United States,M,Data Science and Research
Mid-level,Full-time,112000,United States,M,Data Science and Research
Senior,Full-time,140000,United States,M,Data Analysis
Senior,Full-time,120000,United States,M,Data Analysis
Mid-level,Full-time,308000,United States,M,Data Engineering
Mid-level,Full-time,193000,United States,M,Data Engineering
Senior,Full-time,240000,United States,M,Data Engineering
Senior,Full-time,180000,United States,M,Data Engineering
Senior,Full-time,126480,United States,M,Data Analysis
Senior,Full-time,82620,United States,M,Data Analysis
Senior,Full-time,324000,United States,M,Machine Learning and AI
Senior,Full-time,159000,United States,M,Machine Learning and AI
Mid-level,Full-time,140025,United States,M,Data Science and Research
Mid-level,Full-time,102300,United States,M,Data Science and Research
Senior,Full-time,180000,United States,M,Data Engineering
Senior,Full-time,150000,United States,M,Data Engineering
Mid-level,Full-time,224000,Canada,M,Data Science and Research
Mid-level,Full-time,146000,Canada,M,Data Science and Research
Senior,Full-time,150000,United Kingdom,M,Machine Learning and AI
Senior,Full-time,112500,United Kingdom,M,Machine Learning and AI
Mid-level,Full-time,81500,United States,M,Data Science and Research
Mid-level,Full-time,75000,United States,M,Data Science and Research
Senior,Full-time,106875,United States,M,Data Science and Research
Senior,Full-time,71250,United States,M,Data Science and Research
Mid-level,Full-time,245000,United States,M,Data Science and Research
Mid-level,Full-time,135000,United States,M,Data Science and Research
Senior,Full-time,144138,United States,M,BI and Visualization
Senior,Full-time,104828,United States,M,BI and Visualization
Senior,Full-time,161000,United States,M,Data Science and Research
Senior,Full-time,133200,United States,M,Data Science and Research
Mid-level,Full-time,161875,United States,M,Data Science and Research
Mid-level,Full-time,97125,United States,M,Data Science and Research
Senior,Full-time,196350,United States,M,Machine Learning and AI
Senior,Full-time,127500,United States,M,Machine Learning and AI
Mid-level,Full-time,135450,United States,M,Data Science and Research
Mid-level,Full-time,72870,United States,M,Data Science and Research
Senior,Full-time,237200,United States,M,Data Science and Research
Senior,Full-time,172500,United States,M,Data Science and Research
Senior,Full-time,184800,United States,M,Data Science and Research
Senior,Full-time,161900,United States,M,Data Science and Research
Senior,Full-time,146800,United States,M,Data Science and Research
Senior,Full-time,117400,United States,M,Data Science and Research
Entry-level,Full-time,90000,United States,M,Data Analysis
Entry-level,Full-time,60000,United States,M,Data Analysis
Senior,Full-time,227200,United States,M,Leadership and Management
Senior,Full-time,199100,United States,M,Leadership and Management
Mid-level,Full-time,310000,United States,M,Data Science and Research
Mid-level,Full-time,245000,United States,M,Data Science and Research
Senior,Full-time,140000,United States,M,Data Engineering
Senior,Full-time,125000,United States,M,Data Engineering
Mid-level,Full-time,223000,United States,M,Machine Learning and AI
Mid-level,Full-time,171600,United States,M,Machine Learning and AI
Senior,Full-time,192500,United States,M,Data Analysis
Senior,Full-time,122500,United States,M,Data Analysis
Senior,Full-time,162900,United States,M,Data Analysis
Senior,Full-time,117725,United States,M,Data Analysis
Entry-level,Full-time,140000,United States,M,Data Analysis
Entry-level,Full-time,100000,United States,M,Data Analysis
Mid-level,Full-time,170000,United States,M,Data Engineering
Mid-level,Full-time,105000,United States,M,Data Engineering
Senior,Full-time,180000,United States,M,Data Science and Research
Senior,Full-time,139000,United States,M,Data Science and Research
Senior,Full-time,234200,United States,M,Leadership and Management
Senior,Full-time,124000,United States,M,Leadership and Management
Mid-level,Full-time,153700,United States,M,Data Science and Research
Mid-level,Full-time,87300,United States,M,Data Science and Research
Senior,Full-time,282000,United States,M,Data Engineering
Senior,Full-time,208000,United States,M,Data Engineering
Senior,Full-time,77777,Portugal,M,Data Science and Research
Senior,Full-time,66666,Portugal,M,Data Science and Research
Mid-level,Full-time,162000,United States,M,Data Engineering
Mid-level,Full-time,129000,United States,M,Data Engineering
Senior,Full-time,138000,United States,M,Data Science and Research
Senior,Full-time,86000,United States,M,Data Science and Research
Mid-level,Full-time,100000,Ireland,M,Machine Learning and AI
Mid-level,Full-time,94444,Ireland,M,Machine Learning and AI
Entry-level,Full-time,110000,United States,M,Data Science and Research
Entry-level,Full-time,90000,United States,M,Data Science and Research
Senior,Full-time,255800,United States,M,Data Engineering
Senior,Full-time,176000,United States,M,Data Engineering
Entry-level,Full-time,120000,United States,M,Data Science and Research
Entry-level,Full-time,105000,United States,M,Data Science and Research
Senior,Full-time,130943,United Kingdom,M,Leadership and Management
Senior,Full-time,104220,United Kingdom,M,Leadership and Management
Entry-level,Full-time,50000,United Kingdom,M,Data Analysis
Entry-level,Full-time,43750,United Kingdom,M,Data Analysis
Mid-level,Full-time,210000,United States,M,Data Engineering
Mid-level,Full-time,140000,United States,M,Data Engineering
Mid-level,Full-time,46250,United Kingdom,M,Data Engineering
Mid-level,Full-time,30000,United Kingdom,M,Data Engineering
Senior,Full-time,165000,United States,M,Data Engineering
Senior,Full-time,150000,United States,M,Data Engineering
Senior,Full-time,160000,United States,M,Data Architecture and Modeling
Senior,Full-time,130000,United States,M,Data Architecture and Modeling
Entry-level,Full-time,156000,United States,M,Data Analysis
Entry-level,Full-time,124000,United States,M,Data Analysis
Senior,Full-time,189000,United States,M,Leadership and Management
Senior,Full-time,140000,United States,M,Leadership and Management
Senior,Full-time,158494,United States,M,Data Analysis
Senior,Full-time,88052,United States,M,Data Analysis
Senior,Full-time,175000,United States,M,Data Engineering
Senior,Full-time,140000,United States,M,Data Engineering
Mid-level,Full-time,111000,United States,M,Data Management and Strategy
Mid-level,Full-time,79200,United States,M,Data Management and Strategy
Senior,Full-time,220000,United States,M,Data Analysis
Senior,Full-time,170000,United States,M,Data Analysis
Senior,Full-time,195500,United States,M,Data Science and Research
Senior,Full-time,141300,United States,M,Data Science and Research
Senior,Full-time,139810,United States,M,Data Engineering
Senior,Full-time,95325,United States,M,Data Engineering
Senior,Full-time,258700,United States,M,Data Architecture and Modeling
Senior,Full-time,146600,United States,M,Data Architecture and Modeling
Mid-level,Full-time,190000,United States,M,Data Science and Research
Mid-level,Full-time,160000,United States,M,Data Science and Research
Entry-level,Full-time,90000,United States,M,Data Science and Research
Entry-level,Full-time,65000,United States,M,Data Science and Research
Mid-level,Full-time,160000,United States,M,Data Engineering
Mid-level,Full-time,130000,United States,M,Data Engineering
Mid-level,Full-time,85000,United States,M,Data Analysis
Mid-level,Full-time,65000,United States,M,Data Analysis
Senior,Full-time,143800,United States,M,Data Engineering
Senior,Full-time,95800,United States,M,Data Engineering
Mid-level,Full-time,166000,United States,M,Machine Learning and AI
Mid-level,Full-time,73100,United States,M,Machine Learning and AI
Mid-level,Full-time,114000,United States,M,Data Engineering
Mid-level,Full-time,72000,United States,M,Data Engineering
Mid-level,Full-time,102500,United States,M,Data Analysis
Mid-level,Full-time,65000,United States,M,Data Analysis
Senior,Full-time,258700,United States,M,Machine Learning and AI
Senior,Full-time,160000,United States,M,Machine Learning and AI
Senior,Full-time,203649,United States,M,Data Science and Research
Senior,Full-time,183284,United States,M,Data Science and Research
Mid-level,Full-time,60462,Germany,L,Data Science and Research
Entry-level,Full-time,33220,United Kingdom,M,Data Analysis
Entry-level,Full-time,33220,United Kingdom,M,Data Analysis
Mid-level,Full-time,81800,United States,M,Data Management and Strategy
Mid-level,Full-time,70800,United States,M,Data Management and Strategy
Senior,Full-time,130000,United States,M,Data Analysis
Senior,Full-time,80850,United States,M,Data Analysis
Senior,Full-time,215000,United States,M,Machine Learning and AI
Senior,Full-time,146900,United States,M,Machine Learning and AI
Senior,Full-time,242000,United States,M,Data Architecture and Modeling
Senior,Full-time,106200,United States,M,Data Architecture and Modeling
Mid-level,Full-time,165000,United States,M,Machine Learning and AI
Mid-level,Full-time,135000,United States,M,Machine Learning and AI
Entry-level,Full-time,75065,United States,M,Data Analysis
Entry-level,Full-time,41419,United States,M,Data Analysis
Senior,Full-time,145000,United States,M,Data Engineering
Senior,Full-time,120000,United States,M,Data Engineering
Senior,Full-time,184000,United States,M,Machine Learning and AI
Senior,Full-time,112000,United States,M,Machine Learning and AI
Senior,Full-time,275000,United States,M,Machine Learning and AI
Senior,Full-time,170000,United States,M,Machine Learning and AI
Entry-level,Full-time,100000,United States,M,Data Science and Research
Entry-level,Full-time,70000,United States,M,Data Science and Research
Mid-level,Full-time,55368,United Kingdom,M,BI and Visualization
Mid-level,Full-time,30760,United Kingdom,M,BI and Visualization
Mid-level,Full-time,135700,United States,M,Data Science and Research
Mid-level,Full-time,108560,United States,M,Data Science and Research
Senior,Full-time,300000,United States,M,Data Science and Research
Senior,Full-time,180000,United States,M,Data Science and Research
Senior,Full-time,189000,United States,M,BI and Visualization
Senior,Full-time,118100,United States,M,BI and Visualization
Senior,Full-time,148300,United States,M,Data Science and Research
Senior,Full-time,84700,United States,M,Data Science and Research
Entry-level,Full-time,40581,South Africa,M,Data Science and Research
Entry-level,Full-time,38629,South Africa,M,Data Science and Research
Senior,Full-time,275000,Germany,M,Machine Learning and AI
Senior,Full-time,121200,Germany,M,Machine Learning and AI
Mid-level,Full-time,149925,United States,M,Leadership and Management
Mid-level,Full-time,91260,United States,M,Leadership and Management
Senior,Full-time,86128,United Kingdom,M,BI and Visualization
Senior,Full-time,74562,United Kingdom,M,BI and Visualization
Senior,Full-time,277000,United States,M,Data Science and Research
Senior,Full-time,173000,United States,M,Data Science and Research
Senior,Full-time,242000,Australia,M,Data Science and Research
Senior,Full-time,106200,Australia,M,Data Science and Research
Mid-level,Full-time,68902,United Kingdom,M,Data Quality and Operations
Mid-level,Full-time,49216,United Kingdom,M,Data Quality and Operations
Senior,Full-time,250900,United States,M,Data Science and Research
Senior,Full-time,135200,United States,M,Data Science and Research
Senior,Full-time,187415,United States,M,Data Science and Research
Senior,Full-time,114080,United States,M,Data Science and Research
Mid-level,Full-time,220000,United States,M,Data Science and Research
Mid-level,Full-time,137500,United States,M,Data Science and Research
Mid-level,Full-time,119000,United States,M,Data Analysis
Mid-level,Full-time,52100,United States,M,Data Analysis
Senior,Full-time,120000,United States,M,BI and Visualization
Senior,Full-time,102000,United States,M,BI and Visualization
Entry-level,Full-time,64000,United States,M,Data Analysis
Entry-level,Full-time,60000,United States,M,Data Analysis
Mid-level,Full-time,179000,United States,M,Data Engineering
Mid-level,Full-time,112000,United States,M,Data Engineering
Entry-level,Full-time,65000,United States,M,Data Analysis
Entry-level,Full-time,54000,United States,M,Data Analysis
Mid-level,Full-time,119000,United States,M,BI and Visualization
Mid-level,Full-time,52100,United States,M,BI and Visualization
Mid-level,Full-time,152000,Canada,M,Data Engineering
Mid-level,Full-time,99000,Canada,M,Data Engineering
Executive,Full-time,110736,United Kingdom,M,Leadership and Management
Executive,Full-time,92280,United Kingdom,M,Leadership and Management
Senior,Full-time,250000,United States,M,Machine Learning and AI
Senior,Full-time,140000,United States,M,Machine Learning and AI
Entry-level,Full-time,113800,United States,M,Data Science and Research
Entry-level,Full-time,63200,United States,M,Data Science and Research
Senior,Full-time,210000,United States,M,Data Science and Research
Senior,Full-time,160000,United States,M,Data Science and Research
Mid-level,Full-time,170000,United States,M,Data Engineering
Mid-level,Full-time,130000,United States,M,Data Engineering
Senior,Full-time,247600,United States,L,Data Science and Research
Senior,Full-time,127300,United States,L,Data Science and Research
Mid-level,Full-time,85000,United States,M,Data Analysis
Mid-level,Full-time,65000,United States,M,Data Analysis
Mid-level,Full-time,125000,United States,M,Machine Learning and AI
Mid-level,Full-time,100000,United States,M,Machine Learning and AI
Senior,Full-time,160000,United States,M,Data Science and Research
Senior,Full-time,140000,United States,M,Data Science and Research
Senior,Full-time,247300,United States,M,Data Engineering
Senior,Full-time,139700,United States,M,Data Engineering
Senior,Full-time,192000,United States,M,Data Analysis
Senior,Full-time,138240,United States,M,Data Analysis
Senior,Full-time,170000,United States,M,Data Science and Research
Senior,Full-time,130000,United States,M,Data Science and Research
Senior,Full-time,100000,United States,M,Data Architecture and Modeling
Senior,Full-time,90000,United States,M,Data Architecture and Modeling
Senior,Full-time,170000,United States,M,Data Analysis
Senior,Full-time,130000,United States,M,Data Analysis
Mid-level,Full-time,186000,United States,M,Data Engineering
Mid-level,Full-time,81800,United States,M,Data Engineering
Senior,Full-time,180514,United Kingdom,M,Data Engineering
Senior,Full-time,108308,United Kingdom,M,Data Engineering
Senior,Full-time,166000,United States,M,Data Engineering
Senior,Full-time,73100,United States,M,Data Engineering
Mid-level,Full-time,115950,United States,M,Data Analysis
Mid-level,Full-time,69570,United States,M,Data Analysis
Senior,Full-time,142300,United States,M,Data Science and Research
Senior,Full-time,71200,United States,M,Data Science and Research
Mid-level,Full-time,179000,United States,M,Data Science and Research
Mid-level,Full-time,106500,United States,M,Data Science and Research
Senior,Full-time,119200,United States,M,Data Analysis
Senior,Full-time,86600,United States,M,Data Analysis
Senior,Full-time,140544,United States,M,Data Engineering
Senior,Full-time,82673,United States,M,Data Engineering
Senior,Full-time,108350,United States,M,BI and Visualization
Senior,Full-time,78800,United States,M,BI and Visualization
Senior,Full-time,162540,United States,M,Data Engineering
Senior,Full-time,87570,United States,M,Data Engineering
Senior,Full-time,213600,United States,M,Data Architecture and Modeling
Senior,Full-time,103200,United States,M,Data Architecture and Modeling
Mid-level,Full-time,140000,United States,M,Data Engineering
Mid-level,Full-time,90000,United States,M,Data Engineering
Mid-level,Full-time,212000,United States,M,Data Science and Research
Mid-level,Full-time,93300,United States,M,Data Science and Research
Mid-level,Full-time,222200,United States,L,Data Science and Research
Mid-level,Full-time,136000,United States,L,Data Science and Research
Mid-level,Full-time,157000,United States,M,Data Science and Research
Mid-level,Full-time,144000,United States,M,Data Science and Research
Senior,Full-time,210000,Canada,M,Data Engineering
Senior,Full-time,160000,Canada,M,Data Engineering
Senior,Full-time,179000,United States,M,Data Science and Research
Senior,Full-time,112000,United States,M,Data Science and Research
Senior,Full-time,221300,United States,M,Leadership and Management
Senior,Full-time,147500,United States,M,Leadership and Management
Senior,Full-time,179000,United States,M,Data Engineering
Senior,Full-time,112000,United States,M,Data Engineering
Senior,Full-time,116000,United States,M,Data Science and Research
Senior,Full-time,90000,United States,M,Data Science and Research
Mid-level,Full-time,222200,United States,L,Data Science and Research
Mid-level,Full-time,136000,United States,L,Data Science and Research
Mid-level,Full-time,130400,United States,M,Data Engineering
Mid-level,Full-time,74500,United States,M,Data Engineering
Senior,Full-time,207700,Canada,M,Machine Learning and AI
Senior,Full-time,133700,Canada,M,Machine Learning and AI
Senior,Full-time,120000,United States,M,Data Analysis
Senior,Full-time,100000,United States,M,Data Analysis
Senior,Full-time,247500,United States,M,Machine Learning and AI
Senior,Full-time,172200,United States,M,Machine Learning and AI
Mid-level,Full-time,179000,United States,M,Data Engineering
Mid-level,Full-time,112000,United States,M,Data Engineering
Mid-level,Full-time,140000,United States,M,Data Architecture and Modeling
Mid-level,Full-time,90000,United States,M,Data Architecture and Modeling
Senior,Full-time,260000,United States,M,Data Science and Research
Senior,Full-time,230000,United States,M,Data Science and Research
Senior,Full-time,130000,United States,M,Data Architecture and Modeling
Senior,Full-time,110000,United States,M,Data Architecture and Modeling
Mid-level,Full-time,110000,United States,M,Data Science and Research
Mid-level,Full-time,90000,United States,M,Data Science and Research
Mid-level,Full-time,310000,United States,M,Data Science and Research
Mid-level,Full-time,245000,United States,M,Data Science and Research
Mid-level,Full-time,210000,United States,M,Data Science and Research
Mid-level,Full-time,160000,United States,M,Data Science and Research
Mid-level,Full-time,85000,United States,M,Data Management and Strategy
Mid-level,Full-time,75000,United States,M,Data Management and Strategy
Senior,Full-time,280000,United States,M,Machine Learning and AI
Senior,Full-time,196000,United States,M,Machine Learning and AI
Mid-level,Full-time,212000,United States,M,Machine Learning and AI
Mid-level,Full-time,93300,United States,M,Machine Learning and AI
Senior,Full-time,230000,United States,M,Data Science and Research
Senior,Full-time,115000,United States,M,Data Science and Research
Mid-level,Full-time,75000,United States,M,Data Science and Research
Mid-level,Full-time,70000,United States,M,Data Science and Research
Senior,Full-time,233500,United States,M,Machine Learning and AI
Senior,Full-time,137500,United States,M,Machine Learning and AI
Mid-level,Full-time,166000,United States,M,Data Science and Research
Mid-level,Full-time,73100,United States,M,Data Science and Research
Senior,Full-time,176875,United States,M,Data Science and Research
Senior,Full-time,84750,United States,M,Data Science and Research
Senior,Full-time,251250,United States,M,Data Engineering
Senior,Full-time,120750,United States,M,Data Engineering
Mid-level,Full-time,106050,United States,M,Data Engineering
Mid-level,Full-time,80420,United States,M,Data Engineering
Mid-level,Full-time,120000,United States,M,Data Science and Research
Mid-level,Full-time,90000,United States,M,Data Science and Research
Mid-level,Full-time,147400,United States,M,Data Science and Research
Mid-level,Full-time,107682,United States,M,Data Science and Research
Senior,Full-time,145000,United States,M,Data Analysis
Senior,Full-time,95000,United States,M,Data Analysis
Entry-level,Full-time,80000,United States,M,Data Science and Research
Entry-level,Full-time,50000,United States,M,Data Science and Research
Senior,Full-time,175000,United States,M,Leadership and Management
Senior,Full-time,150000,United States,M,Leadership and Management
Entry-level,Full-time,32974,United Kingdom,M,Data Science and Research
Entry-level,Full-time,32974,United Kingdom,M,Data Science and Research
Senior,Full-time,178600,United States,M,Data Architecture and Modeling
Senior,Full-time,67200,United States,M,Data Architecture and Modeling
Entry-level,Full-time,118750,United States,M,Data Analysis
Entry-level,Full-time,106875,United States,M,Data Analysis
Senior,Full-time,186000,United States,M,Data Engineering
Senior,Full-time,81800,United States,M,Data Engineering
Mid-level,Full-time,142000,United States,M,Data Analysis
Mid-level,Full-time,128000,United States,M,Data Analysis
Senior,Full-time,140130,United States,M,Data Analysis
Senior,Full-time,84870,United States,M,Data Analysis
Senior,Full-time,262000,United States,M,Machine Learning and AI
Senior,Full-time,186000,United States,M,Machine Learning and AI
Senior,Full-time,247600,United States,L,Data Science and Research
Senior,Full-time,127300,United States,L,Data Science and Research
Mid-level,Full-time,85000,United States,M,Data Analysis
Mid-level,Full-time,58500,United States,M,Data Analysis
Entry-level,Full-time,59059,United States,M,Data Analysis
Entry-level,Full-time,47985,United States,M,Data Analysis
Senior,Full-time,93918,United States,M,Data Analysis
Senior,Full-time,51962,United States,M,Data Analysis
Mid-level,Full-time,120000,United States,M,BI and Visualization
Mid-level,Full-time,100000,United States,M,BI and Visualization
Senior,Full-time,205670,New Zealand,M,Data Science and Research
Senior,Full-time,124233,New Zealand,M,Data Science and Research
Senior,Full-time,173000,United States,M,Data Engineering
Senior,Full-time,140000,United States,M,Data Engineering
Senior,Full-time,291500,United States,M,Machine Learning and AI
Senior,Full-time,180200,United States,M,Machine Learning and AI
Entry-level,Full-time,28299,United Kingdom,M,Data Analysis
Entry-level,Full-time,28299,United Kingdom,M,Data Analysis
Senior,Full-time,185000,Canada,M,Data Science and Research
Senior,Full-time,152000,Canada,M,Data Science and Research
Senior,Full-time,255800,United States,M,Machine Learning and AI
Senior,Full-time,170600,United States,M,Machine Learning and AI
Senior,Full-time,146850,United States,M,Data Engineering
Senior,Full-time,106800,United States,M,Data Engineering
Mid-level,Full-time,200000,United States,M,Data Engineering
Mid-level,Full-time,117000,United States,M,Data Engineering
Mid-level,Full-time,151700,United States,L,Leadership and Management
Mid-level,Full-time,63000,United States,L,Leadership and Management
Entry-level,Full-time,43000,Hungary,L,Leadership and Management
Senior,Full-time,239900,United States,M,Data Science and Research
Senior,Full-time,159900,United States,M,Data Science and Research
Entry-level,Full-time,162240,United States,M,Data Analysis
Entry-level,Full-time,47840,United States,M,Data Analysis
Senior,Full-time,130410,United States,M,Data Engineering
Senior,Full-time,92000,United States,M,Data Engineering
Senior,Full-time,270250,United States,M,Data Science and Research
Senior,Full-time,144000,United States,M,Data Science and Research
Senior,Full-time,176875,United States,M,BI and Visualization
Senior,Full-time,84750,United States,M,BI and Visualization
Mid-level,Full-time,92000,United States,M,Data Analysis
Mid-level,Full-time,69000,United States,M,Data Analysis
Senior,Full-time,184800,United States,M,Data Science and Research
Senior,Full-time,107100,United States,M,Data Science and Research
Senior,Full-time,130410,United States,M,Data Engineering
Senior,Full-time,92000,United States,M,Data Engineering
Senior,Full-time,333500,United States,M,Data Engineering
Senior,Full-time,176000,United States,M,Data Engineering
Senior,Full-time,257400,United States,M,Data Science and Research
Senior,Full-time,138600,United States,M,Data Science and Research
Mid-level,Full-time,242100,United States,M,Leadership and Management
Mid-level,Full-time,116200,United States,M,Leadership and Management
Senior,Full-time,230000,United States,M,Data Science and Research
Senior,Full-time,210000,United States,M,Data Science and Research
Senior,Full-time,114300,United States,M,Data Engineering
Senior,Full-time,89600,United States,M,Data Engineering
Entry-level,Full-time,85000,United States,M,BI and Visualization
Entry-level,Full-time,65000,United States,M,BI and Visualization
Senior,Full-time,266875,United States,M,Machine Learning and AI
Senior,Full-time,128250,United States,M,Machine Learning and AI
Mid-level,Full-time,280000,United States,M,Data Science and Research
Mid-level,Full-time,200000,United States,M,Data Science and Research
Mid-level,Full-time,180000,United States,M,Data Engineering
Mid-level,Full-time,130000,United States,M,Data Engineering
Senior,Full-time,178492,United States,M,Data Engineering
Senior,Full-time,89246,United States,M,Data Engineering
Senior,Full-time,245000,United States,M,Data Engineering
Senior,Full-time,150000,United States,M,Data Engineering
Senior,Full-time,155000,United States,M,Leadership and Management
Senior,Full-time,145000,United States,M,Leadership and Management
Senior,Full-time,165000,United States,M,Machine Learning and AI
Senior,Full-time,130000,United States,M,Machine Learning and AI
Senior,Full-time,247600,United States,L,Data Science and Research
Senior,Full-time,127300,United States,L,Data Science and Research
Senior,Full-time,280889,United States,M,Data Science and Research
Senior,Full-time,187259,United States,M,Data Science and Research
Mid-level,Full-time,130000,United States,M,BI and Visualization
Mid-level,Full-time,120000,United States,M,BI and Visualization
Mid-level,Full-time,185000,United States,M,Data Engineering
Mid-level,Full-time,125000,United States,M,Data Engineering
Senior,Full-time,196900,United States,M,Data Engineering
Senior,Full-time,186700,United States,M,Data Engineering
Entry-level,Full-time,75065,United States,M,Data Analysis
Entry-level,Full-time,41419,United States,M,Data Analysis
Senior,Full-time,260000,United States,M,Data Science and Research
Senior,Full-time,192000,United States,M,Data Science and Research
Mid-level,Full-time,205600,United States,L,Data Engineering
Mid-level,Full-time,105700,United States,L,Data Engineering
Mid-level,Full-time,75000,United States,M,Data Analysis
Mid-level,Full-time,65000,United States,M,Data Analysis
Senior,Full-time,230000,United States,M,Machine Learning and AI
Senior,Full-time,140000,United States,M,Machine Learning and AI
Entry-level,Full-time,149800,United States,M,Leadership and Management
Entry-level,Full-time,85600,United States,M,Leadership and Management
Senior,Full-time,218000,United States,M,Data Science and Research
Senior,Full-time,152600,United States,M,Data Science and Research
Mid-level,Full-time,185000,United States,M,BI and Visualization
Mid-level,Full-time,165000,United States,M,BI and Visualization
Senior,Full-time,224880,United States,M,Machine Learning and AI
Senior,Full-time,121500,United States,M,Machine Learning and AI
Senior,Full-time,129000,United States,M,Data Analysis
Senior,Full-time,46200,United States,M,Data Analysis
Senior,Full-time,272400,United States,M,Data Science and Research
Senior,Full-time,155600,United States,M,Data Science and Research
Mid-level,Full-time,150000,United States,M,Machine Learning and AI
Senior,Full-time,93918,United States,M,Data Analysis
Senior,Full-time,51962,United States,M,Data Analysis
Entry-level,Full-time,115000,United States,M,Data Analysis
Entry-level,Full-time,95000,United States,M,Data Analysis
Mid-level,Full-time,150000,United States,M,Machine Learning and AI
Senior,Full-time,351000,United States,M,Machine Learning and AI
Senior,Full-time,171000,United States,M,Machine Learning and AI
Senior,Full-time,272000,United States,M,Data Science and Research
Senior,Full-time,170000,United States,M,Data Science and Research
Senior,Full-time,176000,United States,M,Data Science and Research
Senior,Full-time,158000,United States,M,Data Science and Research
Senior,Full-time,135000,United States,M,Data Analysis
Senior,Full-time,125000,United States,M,Data Analysis
Mid-level,Full-time,110000,United States,M,Data Science and Research
Mid-level,Full-time,80000,United States,M,Data Science and Research
Senior,Full-time,270000,United States,M,Machine Learning and AI
Senior,Full-time,232200,United States,M,Machine Learning and AI
Mid-level,Full-time,107000,United States,M,Data Science and Research
Mid-level,Full-time,87300,United States,M,Data Science and Research
Senior,Full-time,230000,United States,M,Machine Learning and AI
Senior,Full-time,140000,United States,M,Machine Learning and AI
Mid-level,Full-time,85000,United States,M,Data Analysis
Mid-level,Full-time,61800,United States,M,Data Analysis
Senior,Full-time,300000,United States,M,Data Engineering
Senior,Full-time,195000,United States,M,Data Engineering
Senior,Full-time,204500,United States,M,Machine Learning and AI
Senior,Full-time,142200,United States,M,Machine Learning and AI
Mid-level,Full-time,107500,United States,M,Data Analysis
Mid-level,Full-time,96750,United States,M,Data Analysis
Mid-level,Full-time,153800,United States,M,BI and Visualization
Mid-level,Full-time,96000,United States,M,BI and Visualization
Senior,Full-time,204500,United States,M,Data Science and Research
Senior,Full-time,142200,United States,M,Data Science and Research
Senior,Full-time,190100,United States,M,Data Engineering
Senior,Full-time,131414,United States,M,Data Engineering
Senior,Full-time,195500,United States,M,Data Science and Research
Senior,Full-time,141300,United States,M,Data Science and Research
Senior,Full-time,165500,United States,M,Data Science and Research
Senior,Full-time,119600,United States,M,Data Science and Research
Senior,Full-time,235000,United States,M,Data Science and Research
Senior,Full-time,169900,United States,M,Data Science and Research
Mid-level,Full-time,235000,United States,M,Data Science and Research
Mid-level,Full-time,169900,United States,M,Data Science and Research
Senior,Full-time,200000,United States,M,Machine Learning and AI
Senior,Full-time,135000,United States,M,Machine Learning and AI
Senior,Full-time,210000,United States,M,Data Analysis
Senior,Full-time,151800,United States,M,Data Analysis
Senior,Full-time,210000,United States,M,Data Analysis
Senior,Full-time,151800,United States,M,Data Analysis
Senior,Full-time,215500,United States,M,Leadership and Management
Senior,Full-time,155800,United States,M,Leadership and Management
Senior,Full-time,305600,United States,M,Data Science and Research
Senior,Full-time,188200,United States,M,Data Science and Research
Senior,Full-time,180500,United States,M,Data Engineering
Senior,Full-time,96200,United States,M,Data Engineering
Senior,Full-time,166000,United States,M,Data Engineering
Senior,Full-time,73100,United States,M,Data Engineering
Entry-level,Full-time,75000,United States,M,Data Analysis
Entry-level,Full-time,47500,United States,M,Data Analysis
Senior,Full-time,201700,United States,M,Data Science and Research
Senior,Full-time,146600,United States,M,Data Science and Research
Mid-level,Full-time,133000,United States,M,Data Engineering
Mid-level,Full-time,58400,United States,M,Data Engineering
Senior,Full-time,120000,India,L,Machine Learning and AI
Senior,Full-time,144300,United States,M,Leadership and Management
Senior,Full-time,104800,United States,M,Leadership and Management
Senior,Full-time,115920,United States,M,Leadership and Management
Senior,Full-time,84000,United States,M,Leadership and Management
Senior,Full-time,146850,United States,M,Data Analysis
Senior,Full-time,106800,United States,M,Data Analysis
Entry-level,Full-time,92280,United Kingdom,M,Data Engineering
Entry-level,Full-time,79976,United Kingdom,M,Data Engineering
Mid-level,Full-time,133000,United States,M,Data Analysis
Mid-level,Full-time,58300,United States,M,Data Analysis
Senior,Full-time,137300,United States,M,Data Science and Research
Senior,Full-time,59200,United States,M,Data Science and Research
Mid-level,Full-time,165000,United States,M,Data Engineering
Mid-level,Full-time,147500,United States,M,Data Engineering
Senior,Full-time,130410,United States,M,Data Science and Research
Senior,Full-time,92000,United States,M,Data Science and Research
Senior,Full-time,156150,United States,M,Machine Learning and AI
Senior,Full-time,113400,United States,M,Machine Learning and AI
Senior,Full-time,226000,United States,M,Data Science and Research
Senior,Full-time,211000,United States,M,Data Science and Research
Senior,Full-time,197500,United States,M,Data Science and Research
Senior,Full-time,132500,United States,M,Data Science and Research
Mid-level,Full-time,109000,United States,M,Data Analysis
Mid-level,Full-time,62000,United States,M,Data Analysis
Senior,Full-time,110000,United States,M,Data Engineering
Senior,Full-time,70000,United States,M,Data Engineering
Senior,Full-time,238000,United States,M,Machine Learning and AI
Senior,Full-time,176000,United States,M,Machine Learning and AI
Mid-level,Full-time,179000,United States,M,Data Engineering
Mid-level,Full-time,112000,United States,M,Data Engineering
Senior,Full-time,238000,United States,M,Machine Learning and AI
Senior,Full-time,176000,United States,M,Machine Learning and AI
Senior,Full-time,151250,United States,M,Data Engineering
Senior,Full-time,96800,United States,M,Data Engineering
Mid-level,Full-time,109000,United States,M,Data Management and Strategy
Mid-level,Full-time,62000,United States,M,Data Management and Strategy
Mid-level,Full-time,162000,United States,M,Data Science and Research
Mid-level,Full-time,108000,United States,M,Data Science and Research
Senior,Full-time,238000,United States,M,Machine Learning and AI
Senior,Full-time,176000,United States,M,Machine Learning and AI
Mid-level,Full-time,189000,United States,M,BI and Visualization
Mid-level,Full-time,118100,United States,M,BI and Visualization
Entry-level,Full-time,126000,United States,M,Machine Learning and AI
Entry-level,Full-time,93000,United States,M,Machine Learning and AI
Senior,Full-time,160000,United States,M,Data Science and Research
Senior,Full-time,150000,United States,M,Data Science and Research
Executive,Full-time,237500,United States,M,Data Science and Research
Executive,Full-time,157500,United States,M,Data Science and Research
Senior,Full-time,145000,United States,M,Data Science and Research
Senior,Full-time,115000,United States,M,Data Science and Research
Senior,Full-time,140000,United States,M,Data Science and Research
Senior,Full-time,100000,United States,M,Data Science and Research
Senior,Full-time,89000,United States,M,Data Analysis
Senior,Full-time,76000,United States,M,Data Analysis
Senior,Full-time,238000,United States,M,Machine Learning and AI
Senior,Full-time,176000,United States,M,Machine Learning and AI
Senior,Full-time,263100,United States,M,Data Architecture and Modeling
Senior,Full-time,126300,United States,M,Data Architecture and Modeling
Senior,Full-time,319000,United States,M,Machine Learning and AI
Senior,Full-time,221000,United States,M,Machine Learning and AI
Senior,Full-time,200000,United States,M,Data Engineering
Senior,Full-time,150000,United States,M,Data Engineering
Mid-level,Full-time,220000,Canada,M,Data Engineering
Mid-level,Full-time,190000,Canada,M,Data Engineering
Mid-level,Full-time,86128,United Kingdom,M,Leadership and Management
Mid-level,Full-time,55926,United Kingdom,M,Leadership and Management
Senior,Full-time,116700,United States,M,Data Analysis
Senior,Full-time,93400,United States,M,Data Analysis
Mid-level,Full-time,100000,United States,M,Leadership and Management
Mid-level,Full-time,95000,United States,M,Leadership and Management
Senior,Full-time,151000,Canada,M,Data Engineering
Senior,Full-time,95000,Canada,M,Data Engineering
Senior,Full-time,247000,United States,M,Machine Learning and AI
Senior,Full-time,152000,United States,M,Machine Learning and AI
Senior,Full-time,268000,United States,M,Data Science and Research
Senior,Full-time,137500,United States,M,Data Science and Research
Senior,Full-time,150000,United States,M,Data Science and Research
Senior,Full-time,80000,United States,M,Data Science and Research
Senior,Full-time,187100,United States,M,Data Engineering
Senior,Full-time,107600,United States,M,Data Engineering
Senior,Full-time,184800,United States,M,Data Science and Research
Senior,Full-time,161900,United States,M,Data Science and Research
Senior,Full-time,212000,United States,M,Data Science and Research
Senior,Full-time,93300,United States,M,Data Science and Research
Senior,Full-time,184000,United States,M,Data Architecture and Modeling
Senior,Full-time,96000,United States,M,Data Architecture and Modeling
Mid-level,Full-time,127900,Canada,M,Data Engineering
Mid-level,Full-time,85300,Canada,M,Data Engineering
Mid-level,Full-time,204000,United States,M,Leadership and Management
Mid-level,Full-time,112500,United States,M,Leadership and Management
Mid-level,Full-time,166000,United States,M,Data Science and Research
Mid-level,Full-time,73100,United States,M,Data Science and Research
Senior,Full-time,220000,United States,M,Leadership and Management
Senior,Full-time,137500,United States,M,Leadership and Management
Mid-level,Full-time,204500,United States,M,Machine Learning and AI
Mid-level,Full-time,142200,United States,M,Machine Learning and AI
Senior,Full-time,170000,United States,M,Data Science and Research
Senior,Full-time,140000,United States,M,Data Science and Research
Mid-level,Full-time,150000,United States,M,Data Science and Research
Mid-level,Full-time,80000,United States,M,Data Science and Research
Senior,Full-time,175000,Canada,M,Leadership and Management
Senior,Full-time,150000,Canada,M,Leadership and Management
Senior,Full-time,116000,United States,M,Data Analysis
Senior,Full-time,110000,United States,M,Data Analysis
Entry-level,Full-time,132000,United States,M,Data Analysis
Entry-level,Full-time,104000,United States,M,Data Analysis
Senior,Full-time,175000,United States,M,Machine Learning and AI
Senior,Full-time,141000,United States,M,Machine Learning and AI
Senior,Full-time,198000,United States,M,Leadership and Management
Senior,Full-time,151000,United States,M,Leadership and Management
Entry-level,Full-time,104000,United States,M,Data Analysis
Entry-level,Full-time,83000,United States,M,Data Analysis
Entry-level,Full-time,150000,United States,M,Data Science and Research
Entry-level,Full-time,100000,United States,M,Data Science and Research
Mid-level,Full-time,204500,United States,M,Data Science and Research
Mid-level,Full-time,142200,United States,M,Data Science and Research
Senior,Full-time,185000,United States,M,Data Engineering
Senior,Full-time,130000,United States,M,Data Engineering
Senior,Full-time,250000,United States,M,Data Science and Research
Senior,Full-time,125000,United States,M,Data Science and Research
Senior,Full-time,100000,United States,M,Data Science and Research
Senior,Full-time,81500,United States,M,Data Science and Research
Senior,Full-time,192000,United States,M,Data Analysis
Senior,Full-time,120500,United States,M,Data Analysis
Senior,Full-time,247300,United States,M,Data Engineering
Senior,Full-time,139700,United States,M,Data Engineering
Senior,Full-time,64781,Spain,M,Data Science and Research
Senior,Full-time,41027,Spain,M,Data Science and Research
Executive,Full-time,218000,United States,M,Data Science and Research
Executive,Full-time,168000,United States,M,Data Science and Research
Mid-level,Full-time,119200,United States,M,Data Science and Research
Mid-level,Full-time,86600,United States,M,Data Science and Research
Senior,Full-time,184800,United States,M,Machine Learning and AI
Senior,Full-time,161900,United States,M,Machine Learning and AI
Mid-level,Full-time,128600,United States,M,Data Engineering
Mid-level,Full-time,100000,United States,M,Data Engineering
Entry-level,Full-time,162240,United States,M,Machine Learning and AI
Entry-level,Full-time,47840,United States,M,Machine Learning and AI
Senior,Full-time,205500,United States,M,Data Science and Research
Senior,Full-time,128500,United States,M,Data Science and Research
Senior,Full-time,164000,United States,M,Data Architecture and Modeling
Senior,Full-time,117000,United States,M,Data Architecture and Modeling
Senior,Full-time,142352,United States,M,Machine Learning and AI
Senior,Full-time,95325,United States,M,Machine Learning and AI
Mid-level,Full-time,47238,United Kingdom,M,BI and Visualization
Mid-level,Full-time,42030,United Kingdom,M,BI and Visualization
Mid-level,Full-time,247500,United States,M,Machine Learning and AI
Mid-level,Full-time,172200,United States,M,Machine Learning and AI
Entry-level,Full-time,47238,Australia,M,Data Analysis
Entry-level,Full-time,42030,Australia,M,Data Analysis
Senior,Full-time,61520,United Kingdom,M,BI and Visualization
Senior,Full-time,40603,United Kingdom,M,BI and Visualization
Mid-level,Full-time,134000,United States,M,Data Analysis
Mid-level,Full-time,90000,United States,M,Data Analysis
Senior,Full-time,204000,United States,M,Data Engineering
Senior,Full-time,163200,United States,M,Data Engineering
Senior,Full-time,168000,United States,M,Data Architecture and Modeling
Senior,Full-time,143000,United States,M,Data Architecture and Modeling
Senior,Full-time,142352,United States,M,Data Science and Research
Senior,Full-time,95325,United States,M,Data Science and Research
Senior,Full-time,105000,United States,M,Data Analysis
Senior,Full-time,100000,United States,M,Data Analysis
Mid-level,Full-time,179000,United States,M,Data Engineering
Mid-level,Full-time,112000,United States,M,Data Engineering
Senior,Full-time,150000,United States,M,Data Engineering
Senior,Full-time,125000,United States,M,Data Engineering
Entry-level,Full-time,131000,United States,L,Data Science and Research
Entry-level,Full-time,54400,United States,L,Data Science and Research
Entry-level,Full-time,120000,United States,M,Data Management and Strategy
Entry-level,Full-time,50000,United States,M,Data Management and Strategy
Senior,Full-time,170000,United States,M,Data Engineering
Senior,Full-time,120000,United States,M,Data Engineering
Senior,Full-time,359170,United States,M,Data Science and Research
Senior,Full-time,295490,United States,M,Data Science and Research
Entry-level,Full-time,102000,United States,M,Data Analysis
Entry-level,Full-time,92000,United States,M,Data Analysis
Entry-level,Full-time,132567,United States,M,BI and Visualization
Entry-level,Full-time,96412,United States,M,BI and Visualization
Mid-level,Full-time,222200,United States,L,Data Science and Research
Mid-level,Full-time,136000,United States,L,Data Science and Research
Senior,Full-time,230000,United States,M,Data Engineering
Senior,Full-time,170000,United States,M,Data Engineering
Mid-level,Full-time,110000,United States,M,Data Engineering
Mid-level,Full-time,90000,United States,M,Data Engineering
Senior,Full-time,172800,United States,M,Data Science and Research
Senior,Full-time,110000,United States,M,Data Science and Research
Senior,Full-time,135842,United States,M,Data Science and Research
Senior,Full-time,98794,United States,M,Data Science and Research
Senior,Full-time,331640,United States,M,Machine Learning and AI
Senior,Full-time,267720,United States,M,Machine Learning and AI
Senior,Full-time,266450,United States,M,Data Science and Research
Senior,Full-time,177700,United States,M,Data Science and Research
Entry-level,Full-time,350000,United States,M,Data Science and Research
Entry-level,Full-time,250000,United States,M,Data Science and Research
Mid-level,Full-time,155000,United States,M,Machine Learning and AI
Mid-level,Full-time,125000,United States,M,Machine Learning and AI
Senior,Full-time,278700,United States,M,Data Science and Research
Senior,Full-time,159300,United States,M,Data Science and Research
Mid-level,Full-time,171000,United States,M,Machine Learning and AI
Mid-level,Full-time,151000,United States,M,Machine Learning and AI
Senior,Full-time,266450,United States,M,Data Science and Research
Senior,Full-time,177700,United States,M,Data Science and Research
Mid-level,Full-time,100000,United States,M,BI and Visualization
Mid-level,Full-time,80000,United States,M,BI and Visualization
Senior,Full-time,174990,United States,M,Data Engineering
Senior,Full-time,132624,United States,M,Data Engineering
Mid-level,Full-time,166000,United States,M,BI and Visualization
Mid-level,Full-time,73100,United States,M,BI and Visualization
Senior,Full-time,212000,United States,M,Machine Learning and AI
Senior,Full-time,93300,United States,M,Machine Learning and AI
Senior,Full-time,210100,United States,M,Data Architecture and Modeling
Senior,Full-time,95500,United States,M,Data Architecture and Modeling
Senior,Full-time,184600,United States,M,Data Engineering
Senior,Full-time,99400,United States,M,Data Engineering
Senior,Full-time,184800,United States,M,Data Science and Research
Senior,Full-time,107100,United States,M,Data Science and Research
Senior,Full-time,205000,United States,M,BI and Visualization
Senior,Full-time,155400,United States,M,BI and Visualization
Entry-level,Full-time,75065,United States,M,Data Analysis
Entry-level,Full-time,41419,United States,M,Data Analysis
Mid-level,Full-time,169000,United States,M,Data Science and Research
Mid-level,Full-time,105500,United States,M,Data Science and Research
Mid-level,Full-time,113563,Australia,M,Data Science and Research
Mid-level,Full-time,102927,Australia,M,Data Science and Research
Mid-level,Full-time,90500,United States,M,Data Analysis
Mid-level,Full-time,42400,United States,M,Data Analysis
Senior,Full-time,234000,United States,M,Data Science and Research
Senior,Full-time,146000,United States,M,Data Science and Research
Mid-level,Full-time,212000,United States,M,Data Science and Research
Mid-level,Full-time,93300,United States,M,Data Science and Research
Senior,Full-time,140000,United States,M,Data Science and Research
Senior,Full-time,100000,United States,M,Data Science and Research
Mid-level,Full-time,128167,United States,M,Data Science and Research
Mid-level,Full-time,85445,United States,M,Data Science and Research
Senior,Full-time,212000,United States,M,Data Science and Research
Senior,Full-time,93400,United States,M,Data Science and Research
Mid-level,Full-time,172300,United States,M,BI and Visualization
Mid-level,Full-time,86100,United States,M,BI and Visualization
Mid-level,Full-time,138000,United States,M,Data Engineering
Mid-level,Full-time,86000,United States,M,Data Engineering
Entry-level,Full-time,179000,United States,M,Data Science and Research
Entry-level,Full-time,112000,United States,M,Data Science and Research
Senior,Full-time,150000,United States,M,Leadership and Management
Senior,Full-time,179000,United States,M,Data Science and Research
Senior,Full-time,112000,United States,M,Data Science and Research
Senior,Full-time,122000,United States,M,Data Analysis
Senior,Full-time,94000,United States,M,Data Analysis
Senior,Full-time,122000,United States,M,Data Science and Research
Senior,Full-time,94000,United States,M,Data Science and Research
Senior,Full-time,140130,United States,M,Data Analysis
Senior,Full-time,84870,United States,M,Data Analysis
Senior,Full-time,225000,United States,M,BI and Visualization
Senior,Full-time,180000,United States,M,BI and Visualization
Senior,Full-time,165000,United States,M,Data Engineering
Senior,Full-time,122445,United States,M,Data Engineering
Senior,Full-time,154101,Canada,M,Data Architecture and Modeling
Senior,Full-time,100758,Canada,M,Data Architecture and Modeling
Mid-level,Full-time,84000,Viet Nam,M,Machine Learning and AI
Mid-level,Full-time,48000,Viet Nam,M,Machine Learning and AI
Senior,Full-time,275000,United States,M,Machine Learning and AI
Senior,Full-time,187000,United States,M,Machine Learning and AI
Mid-level,Full-time,212800,United States,L,Data Science and Research
Mid-level,Full-time,124100,United States,L,Data Science and Research
Entry-level,Full-time,130000,United States,M,Data Science and Research
Entry-level,Full-time,80000,United States,M,Data Science and Research
Senior,Full-time,160000,United States,M,Data Science and Research
Senior,Full-time,130000,United States,M,Data Science and Research
Senior,Full-time,240810,United States,M,Machine Learning and AI
Senior,Full-time,126800,United States,M,Machine Learning and AI
Senior,Full-time,145000,United States,M,Data Science and Research
Senior,Full-time,135000,United States,M,Data Science and Research
Senior,Full-time,222000,United States,M,Data Architecture and Modeling
Senior,Full-time,132000,United States,M,Data Architecture and Modeling
Senior,Full-time,250000,United States,M,Data Science and Research
Senior,Full-time,170000,United States,M,Data Science and Research
Senior,Full-time,250000,United States,M,Machine Learning and AI
Senior,Full-time,150000,United States,M,Machine Learning and AI
Senior,Full-time,222000,United States,M,Data Architecture and Modeling
Senior,Full-time,132000,United States,M,Data Architecture and Modeling
Entry-level,Full-time,49216,United Kingdom,M,BI and Visualization
Entry-level,Full-time,43064,United Kingdom,M,BI and Visualization
Senior,Full-time,94000,United States,L,Data Analysis
Senior,Full-time,110000,United States,M,Data Science and Research
Senior,Full-time,70000,United States,M,Data Science and Research
Senior,Full-time,245000,United States,M,Data Science and Research
Senior,Full-time,185000,United States,M,Data Science and Research
Senior,Full-time,207900,United States,M,Data Science and Research
Senior,Full-time,158400,United States,M,Data Science and Research
Senior,Full-time,138000,United States,M,Data Science and Research
Senior,Full-time,86000,United States,M,Data Science and Research
Senior,Full-time,135800,United States,M,Data Science and Research
Senior,Full-time,95100,United States,M,Data Science and Research
Senior,Full-time,135800,United States,M,Data Science and Research
Senior,Full-time,95100,United States,M,Data Science and Research
Senior,Full-time,190000,United States,M,Data Engineering
Senior,Full-time,160000,United States,M,Data Engineering
Senior,Full-time,260000,United States,L,Data Science and Research
Senior,Full-time,136000,United States,L,Data Science and Research
Senior,Full-time,180000,United States,M,Data Architecture and Modeling
Senior,Full-time,166375,United States,M,Data Architecture and Modeling
Senior,Full-time,212800,United States,L,Data Science and Research
Senior,Full-time,115100,United States,L,Data Science and Research
Mid-level,Full-time,60000,United States,M,Data Management and Strategy
Mid-level,Full-time,48000,United States,M,Data Management and Strategy
Mid-level,Full-time,60000,United States,M,Data Science and Research
Mid-level,Full-time,55000,United States,M,Data Science and Research
Senior,Full-time,205500,United States,M,Data Science and Research
Senior,Full-time,132500,United States,M,Data Science and Research
Senior,Full-time,122000,United States,M,Data Analysis
Senior,Full-time,94000,United States,M,Data Analysis
Mid-level,Full-time,223600,United States,L,Data Science and Research
Mid-level,Full-time,115000,United States,L,Data Science and Research
Mid-level,Full-time,165000,United States,M,Data Science and Research
Mid-level,Full-time,150000,United States,M,Data Science and Research
Entry-level,Full-time,62000,United States,M,Data Science and Research
Entry-level,Full-time,49000,United States,M,Data Science and Research
Senior,Full-time,160000,United States,M,Machine Learning and AI
Senior,Full-time,140000,United States,M,Machine Learning and AI
Entry-level,Full-time,106100,United States,M,Data Analysis
Entry-level,Full-time,74300,United States,M,Data Analysis
Entry-level,Full-time,54137,United Kingdom,M,Data Analysis
Entry-level,Full-time,43925,United Kingdom,M,Data Analysis
Senior,Full-time,245000,United States,M,Data Science and Research
Senior,Full-time,185000,United States,M,Data Science and Research
Mid-level,Full-time,132300,United States,M,Leadership and Management
Mid-level,Full-time,93000,United States,M,Leadership and Management
Senior,Full-time,234000,United States,M,Data Architecture and Modeling
Senior,Full-time,146000,United States,M,Data Architecture and Modeling
Senior,Full-time,96600,United States,M,Leadership and Management
Senior,Full-time,55200,United States,M,Leadership and Management
Entry-level,Full-time,83300,United States,M,Data Analysis
Entry-level,Full-time,47500,United States,M,Data Analysis
Entry-level,Full-time,99300,United States,M,BI and Visualization
Entry-level,Full-time,82800,United States,M,BI and Visualization
Senior,Full-time,145000,United States,M,Data Architecture and Modeling
Senior,Full-time,110841,United States,M,Data Architecture and Modeling
Mid-level,Full-time,101000,United States,M,Data Analysis
Mid-level,Full-time,50000,United States,M,Data Analysis
Senior,Full-time,182500,United States,M,Data Engineering
Senior,Full-time,121700,United States,M,Data Engineering
Senior,Full-time,134500,United States,M,Data Analysis
Senior,Full-time,91460,United States,M,Data Analysis
Senior,Full-time,150000,United States,M,Data Science and Research
Senior,Full-time,130000,United States,M,Data Science and Research
Entry-level,Full-time,41827,United Kingdom,M,Data Analysis
Entry-level,Full-time,37944,United Kingdom,M,Data Analysis
Entry-level,Full-time,75753,United States,M,Data Science and Research
Entry-level,Full-time,47423,United States,M,Data Science and Research
Senior,Full-time,130000,Canada,M,Leadership and Management
Senior,Full-time,110000,Canada,M,Leadership and Management
Senior,Full-time,124935,United States,M,Data Engineering
Senior,Full-time,76050,United States,M,Data Engineering
Senior,Full-time,286000,United States,M,Data Engineering
Senior,Full-time,143000,United States,M,Data Engineering
Mid-level,Full-time,106400,United States,M,Data Engineering
Mid-level,Full-time,70000,United States,M,Data Engineering
Mid-level,Full-time,133000,United States,M,Data Engineering
Mid-level,Full-time,58400,United States,M,Data Engineering
Senior,Full-time,243600,United States,M,Data Engineering
Senior,Full-time,148200,United States,M,Data Engineering
Entry-level,Full-time,131600,United States,M,Data Analysis
Entry-level,Full-time,82400,United States,M,Data Analysis
Senior,Full-time,245700,United States,M,Machine Learning and AI
Senior,Full-time,132300,United States,M,Machine Learning and AI
Entry-level,Full-time,155750,United States,M,Data Analysis
Entry-level,Full-time,79350,United States,M,Data Analysis
Senior,Full-time,234000,United States,M,Data Engineering
Senior,Full-time,117000,United States,M,Data Engineering
Senior,Full-time,242000,United States,M,Machine Learning and AI
Senior,Full-time,106200,United States,M,Machine Learning and AI
Senior,Full-time,123900,United States,M,Data Analysis
Senior,Full-time,75000,United States,M,Data Analysis
Mid-level,Full-time,136500,United States,M,Data Engineering
Mid-level,Full-time,123500,United States,M,Data Engineering
Senior,Full-time,227500,United States,M,Data Engineering
Senior,Full-time,145600,United States,M,Data Engineering
Senior,Full-time,186754,United States,M,Machine Learning and AI
Senior,Full-time,101000,United States,M,Machine Learning and AI
Entry-level,Full-time,149800,United States,M,Data Science and Research
Entry-level,Full-time,70800,United States,M,Data Science and Research
Mid-level,Full-time,132000,United States,M,Data Engineering
Mid-level,Full-time,111000,United States,M,Data Engineering
Mid-level,Full-time,180000,United States,M,Data Engineering
Mid-level,Full-time,162000,United States,M,Data Engineering
Senior,Full-time,150000,United States,M,Data Analysis
Senior,Full-time,135000,United States,M,Data Analysis
Senior,Full-time,172700,India,M,Data Engineering
Senior,Full-time,82900,India,M,Data Engineering
Senior,Full-time,115000,United States,M,Leadership and Management
Senior,Full-time,95000,United States,M,Leadership and Management
Mid-level,Full-time,238000,United States,M,Data Science and Research
Mid-level,Full-time,144500,United States,M,Data Science and Research
Senior,Full-time,145000,United States,M,Machine Learning and AI
Senior,Full-time,98500,United States,M,Machine Learning and AI
Mid-level,Full-time,209300,United States,M,Data Science and Research
Mid-level,Full-time,123800,United States,M,Data Science and Research
Entry-level,Full-time,18000,Nigeria,S,Data Analysis
Entry-level,Full-time,130400,United States,M,Machine Learning and AI
Entry-level,Full-time,70800,United States,M,Machine Learning and AI
Mid-level,Full-time,160000,United States,M,Data Engineering
Mid-level,Full-time,75000,United States,M,Data Engineering
Senior,Full-time,247300,United States,M,Data Engineering
Senior,Full-time,139700,United States,M,Data Engineering
Senior,Full-time,300000,United States,M,Machine Learning and AI
Senior,Full-time,200000,United States,M,Machine Learning and AI
Senior,Full-time,278700,United States,M,Data Science and Research
Senior,Full-time,159300,United States,M,Data Science and Research
Senior,Full-time,254900,United States,M,Data Science and Research
Senior,Full-time,203920,United States,M,Data Science and Research
Senior,Full-time,191200,United States,M,Data Science and Research
Senior,Full-time,170186,United States,M,Data Science and Research
Senior,Full-time,300000,United States,M,Machine Learning and AI
Senior,Full-time,200000,United States,M,Machine Learning and AI
Senior,Full-time,150000,United States,M,Data Analysis
Senior,Full-time,125000,United States,M,Data Analysis
Executive,Full-time,200000,United States,M,Machine Learning and AI
Executive,Full-time,150000,United States,M,Machine Learning and AI
Mid-level,Full-time,100000,United States,M,Leadership and Management
Mid-level,Full-time,95000,United States,M,Leadership and Management
Senior,Full-time,278700,United States,M,Data Science and Research
Senior,Full-time,159300,United States,M,Data Science and Research
Senior,Full-time,247300,United States,M,Machine Learning and AI
Senior,Full-time,139700,United States,M,Machine Learning and AI
Mid-level,Full-time,212800,United States,L,Data Science and Research
Mid-level,Full-time,124100,United States,L,Data Science and Research
Senior,Full-time,90000,United States,L,Data Science and Research
Senior,Full-time,198000,United States,M,Data Architecture and Modeling
Senior,Full-time,94000,United States,M,Data Architecture and Modeling
Senior,Full-time,219100,United States,M,Data Science and Research
Senior,Full-time,118500,United States,M,Data Science and Research
Senior,Full-time,160000,United States,M,Data Engineering
Senior,Full-time,128000,United States,M,Data Engineering
Entry-level,Full-time,60000,United States,M,Data Engineering
Entry-level,Full-time,48000,United States,M,Data Engineering
Executive,Full-time,234000,United States,M,Data Engineering
Executive,Full-time,146000,United States,M,Data Engineering
Senior,Full-time,179000,United States,M,Data Science and Research
Senior,Full-time,112000,United States,M,Data Science and Research
Mid-level,Full-time,130100,United States,M,Data Analysis
Mid-level,Full-time,75000,United States,M,Data Analysis
Mid-level,Full-time,166500,United States,M,BI and Visualization
Mid-level,Full-time,104000,United States,M,BI and Visualization
Mid-level,Full-time,166000,United States,M,Machine Learning and AI
Mid-level,Full-time,73100,United States,M,Machine Learning and AI
Entry-level,Full-time,98000,United States,M,Data Science and Research
Entry-level,Full-time,73000,United States,M,Data Science and Research
Mid-level,Full-time,247500,United States,M,Machine Learning and AI
Mid-level,Full-time,172200,United States,M,Machine Learning and AI
Senior,Full-time,183540,United States,M,Leadership and Management
Senior,Full-time,132000,United States,M,Leadership and Management
Mid-level,Full-time,240000,United States,M,Data Science and Research
Mid-level,Full-time,133000,United States,M,Data Science and Research
Senior,Full-time,273500,United States,M,Data Science and Research
Senior,Full-time,182500,United States,M,Data Science and Research
Entry-level,Full-time,92280,United Kingdom,M,Data Analysis
Entry-level,Full-time,67672,United Kingdom,M,Data Analysis
Senior,Full-time,240960,United States,M,Data Science and Research
Senior,Full-time,176000,United States,M,Data Science and Research
Mid-level,Full-time,150000,United States,M,Data Science and Research
Mid-level,Full-time,130000,United States,M,Data Science and Research
Senior,Full-time,150000,United States,M,Data Engineering
Senior,Full-time,130000,United States,M,Data Engineering
Senior,Full-time,123040,United Kingdom,M,Data Analysis
Senior,Full-time,92280,United Kingdom,M,Data Analysis
Entry-level,Full-time,162240,United States,M,Data Science and Research
Entry-level,Full-time,47840,United States,M,Data Science and Research
Entry-level,Full-time,162240,United States,M,Data Analysis
Entry-level,Full-time,47840,United States,M,Data Analysis
Mid-level,Full-time,296980,United States,M,Data Science and Research
Mid-level,Full-time,123740,United States,M,Data Science and Research
Senior,Full-time,247250,United States,M,Machine Learning and AI
Senior,Full-time,160000,United States,M,Machine Learning and AI
Entry-level,Full-time,91875,Canada,M,BI and Visualization
Entry-level,Full-time,55125,Canada,M,BI and Visualization
Senior,Full-time,220000,United States,M,Machine Learning and AI
Senior,Full-time,146000,United States,M,Machine Learning and AI
Senior,Full-time,200000,United States,M,Data Architecture and Modeling
Senior,Full-time,115000,United States,M,Data Architecture and Modeling
Senior,Full-time,370000,United States,M,Machine Learning and AI
Senior,Full-time,220000,United States,M,Machine Learning and AI
Mid-level,Full-time,72000,Viet Nam,M,Machine Learning and AI
Mid-level,Full-time,48000,Viet Nam,M,Machine Learning and AI
Mid-level,Full-time,185000,United States,L,BI and Visualization
Mid-level,Full-time,79600,United States,L,BI and Visualization
Senior,Full-time,125000,United States,M,Data Science and Research
Senior,Full-time,122000,United States,M,Data Science and Research
Senior,Full-time,250000,United States,M,Data Science and Research
Senior,Full-time,175000,United States,M,Data Science and Research
Senior,Full-time,260000,United States,L,Data Science and Research
Senior,Full-time,136000,United States,L,Data Science and Research
Senior,Full-time,235000,United States,M,Data Science and Research
Senior,Full-time,175000,United States,M,Data Science and Research
Senior,Full-time,185000,United States,M,Machine Learning and AI
Senior,Full-time,128000,United States,M,Machine Learning and AI
Executive,Full-time,350000,United States,M,Data Engineering
Executive,Full-time,268000,United States,M,Data Engineering
Mid-level,Full-time,222200,United States,L,Data Science and Research
Mid-level,Full-time,136000,United States,L,Data Science and Research
Senior,Full-time,180000,United States,M,Data Architecture and Modeling
Senior,Full-time,115000,United States,M,Data Architecture and Modeling
Entry-level,Full-time,100000,United States,M,BI and Visualization
Entry-level,Full-time,80000,United States,M,BI and Visualization
Senior,Full-time,234485,United States,M,Data Analysis
Senior,Full-time,112655,United States,M,Data Analysis
Senior,Full-time,234000,United States,M,Data Engineering
Senior,Full-time,146000,United States,M,Data Engineering
Mid-level,Full-time,199700,United States,M,Data Science and Research
Mid-level,Full-time,70800,United States,M,Data Science and Research
Entry-level,Full-time,179000,United States,M,Data Science and Research
Entry-level,Full-time,112000,United States,M,Data Science and Research
Entry-level,Full-time,99900,United States,M,Data Analysis
Entry-level,Full-time,83000,United States,M,Data Analysis
Senior,Full-time,158000,United States,M,Data Engineering
Senior,Full-time,90300,United States,M,Data Engineering
Senior,Full-time,266500,United States,M,Machine Learning and AI
Senior,Full-time,152000,United States,M,Machine Learning and AI
Entry-level,Full-time,70000,United States,M,Data Science and Research
Entry-level,Full-time,60000,United States,M,Data Science and Research
Senior,Full-time,187200,United States,M,Data Science and Research
Senior,Full-time,140400,United States,M,Data Science and Research
Senior,Full-time,225000,United States,M,BI and Visualization
Senior,Full-time,156400,United States,M,BI and Visualization
Senior,Full-time,190900,United States,M,Data Architecture and Modeling
Senior,Full-time,109100,United States,M,Data Architecture and Modeling
Senior,Full-time,145000,United States,M,Data Engineering
Senior,Full-time,98500,United States,M,Data Engineering
Entry-level,Full-time,195200,United States,L,Data Science and Research
Entry-level,Full-time,100400,United States,L,Data Science and Research
Mid-level,Full-time,125000,United States,M,Data Analysis
Mid-level,Full-time,100000,United States,M,Data Analysis
Entry-level,Full-time,75065,United States,M,Data Analysis
Entry-level,Full-time,41419,United States,M,Data Analysis
Mid-level,Full-time,181700,United States,M,Data Engineering
Mid-level,Full-time,64300,United States,M,Data Engineering
Senior,Full-time,185900,United States,M,Data Science and Research
Senior,Full-time,129300,United States,M,Data Science and Research
Entry-level,Full-time,85000,United States,M,Data Analysis
Entry-level,Full-time,80000,United States,M,Data Analysis
Senior,Full-time,120000,United States,M,Data Science and Research
Senior,Full-time,52100,United States,M,Data Science and Research
Senior,Full-time,219000,United States,M,Machine Learning and AI
Senior,Full-time,152000,United States,M,Machine Learning and AI
Senior,Full-time,204500,United States,M,Machine Learning and AI
Senior,Full-time,142200,United States,M,Machine Learning and AI
Mid-level,Full-time,158000,United States,M,BI and Visualization
Mid-level,Full-time,90300,United States,M,BI and Visualization
Senior,Full-time,170000,United States,M,Data Engineering
Senior,Full-time,130000,United States,M,Data Engineering
Senior,Full-time,175000,United States,M,Data Engineering
Senior,Full-time,130000,United States,M,Data Engineering
Mid-level,Full-time,222200,United States,L,Data Science and Research
Mid-level,Full-time,136000,United States,L,Data Science and Research
Senior,Full-time,225000,United States,M,BI and Visualization
Senior,Full-time,180000,United States,M,BI and Visualization
Mid-level,Full-time,260000,United States,L,Data Science and Research
Mid-level,Full-time,136000,United States,L,Data Science and Research
Senior,Full-time,152375,United States,M,Data Engineering
Senior,Full-time,94000,United States,M,Data Engineering
Senior,Full-time,82000,United States,M,Data Analysis
Senior,Full-time,77000,United States,M,Data Analysis
Senior,Full-time,196000,United States,M,Data Engineering
Senior,Full-time,94000,United States,M,Data Engineering
Senior,Full-time,264846,United States,M,Data Science and Research
Senior,Full-time,143060,United States,M,Data Science and Research
Entry-level,Full-time,203000,United States,M,Data Analysis
Entry-level,Full-time,89030,United States,M,Data Analysis
Senior,Full-time,64781,Spain,M,Data Science and Research
Senior,Full-time,41027,Spain,M,Data Science and Research
Entry-level,Full-time,160800,United States,M,Data Analysis
Entry-level,Full-time,92700,United States,M,Data Analysis
Senior,Full-time,62000,United States,M,Data Analysis
Senior,Full-time,51000,United States,M,Data Analysis
Entry-level,Full-time,137500,United States,M,Data Analysis
Entry-level,Full-time,100000,United States,M,Data Analysis
Mid-level,Full-time,128167,United States,M,Data Science and Research
Mid-level,Full-time,85445,United States,M,Data Science and Research
Senior,Full-time,73824,United Kingdom,M,BI and Visualization
Senior,Full-time,49216,United Kingdom,M,BI and Visualization
Entry-level,Full-time,65000,United States,M,Data Analysis
Entry-level,Full-time,50000,United States,M,Data Analysis
Mid-level,Full-time,154800,United States,M,BI and Visualization
Mid-level,Full-time,76300,United States,M,BI and Visualization
Senior,Full-time,240000,United States,M,Data Science and Research
Senior,Full-time,200000,United States,M,Data Science and Research
Mid-level,Full-time,55368,United Kingdom,M,Data Science and Research
Mid-level,Full-time,49216,United Kingdom,M,Data Science and Research
Senior,Full-time,110000,United States,M,Data Engineering
Senior,Full-time,70000,United States,M,Data Engineering
Senior,Full-time,240000,United States,M,Machine Learning and AI
Senior,Full-time,200000,United States,M,Machine Learning and AI
Mid-level,Full-time,190000,Canada,M,Leadership and Management
Mid-level,Full-time,150000,Canada,M,Leadership and Management
Executive,Full-time,385000,United States,M,Data Engineering
Mid-level,Full-time,240000,United States,M,Data Engineering
Mid-level,Full-time,200000,United States,M,Data Engineering
Senior,Full-time,116300,United States,M,BI and Visualization
Senior,Full-time,84600,United States,M,BI and Visualization
Senior,Full-time,129700,United States,M,Machine Learning and AI
Senior,Full-time,86500,United States,M,Machine Learning and AI
Senior,Full-time,150000,United States,M,Data Analysis
Senior,Full-time,120000,United States,M,Data Analysis
Entry-level,Full-time,73824,United Kingdom,M,Data Analysis
Entry-level,Full-time,61520,United Kingdom,M,Data Analysis
Senior,Full-time,225300,United States,M,Machine Learning and AI
Senior,Full-time,197400,United States,M,Machine Learning and AI
Senior,Full-time,212000,United States,M,Data Science and Research
Senior,Full-time,93300,United States,M,Data Science and Research
Senior,Full-time,140130,United States,M,Data Analysis
Senior,Full-time,84870,United States,M,Data Analysis
Mid-level,Full-time,55368,United Kingdom,M,Data Analysis
Mid-level,Full-time,30760,United Kingdom,M,Data Analysis
Senior,Full-time,266000,United States,M,Data Engineering
Senior,Full-time,152000,United States,M,Data Engineering
Senior,Full-time,224000,United States,M,Data Science and Research
Senior,Full-time,165000,United States,M,Data Science and Research
Senior,Full-time,255000,United States,M,Machine Learning and AI
Senior,Full-time,169000,United States,M,Machine Learning and AI
Mid-level,Full-time,169000,United States,M,Data Engineering
Mid-level,Full-time,91000,United States,M,Data Engineering
Senior,Full-time,197500,United States,M,Data Science and Research
Senior,Full-time,136500,United States,M,Data Science and Research
Senior,Full-time,248100,United States,M,Machine Learning and AI
Senior,Full-time,145900,United States,M,Machine Learning and AI
Senior,Full-time,185100,United States,M,Data Analysis
Senior,Full-time,133300,United States,M,Data Analysis
Mid-level,Full-time,95000,Philippines,M,Data Analysis
Mid-level,Full-time,70000,Philippines,M,Data Analysis
Mid-level,Full-time,130000,United States,M,Data Engineering
Mid-level,Full-time,115000,United States,M,Data Engineering
Senior,Full-time,220000,United States,M,Data Science and Research
Senior,Full-time,160000,United States,M,Data Science and Research
Entry-level,Full-time,79976,United Kingdom,M,Data Analysis
Entry-level,Full-time,67672,United Kingdom,M,Data Analysis
Mid-level,Full-time,95012,Germany,L,Data Engineering
Senior,Full-time,186000,United States,M,Data Architecture and Modeling
Senior,Full-time,81800,United States,M,Data Architecture and Modeling
Senior,Full-time,212000,United States,M,Data Science and Research
Senior,Full-time,93300,United States,M,Data Science and Research
Senior,Full-time,130000,United States,M,Data Science and Research
Senior,Full-time,100000,United States,M,Data Science and Research
Mid-level,Full-time,224400,United States,M,Machine Learning and AI
Mid-level,Full-time,138700,United States,M,Machine Learning and AI
Executive,Full-time,210000,United States,M,Data Engineering
Executive,Full-time,168000,United States,M,Data Engineering
Senior,Full-time,224400,United States,M,Machine Learning and AI
Senior,Full-time,138700,United States,M,Machine Learning and AI
Mid-level,Full-time,43064,United Kingdom,M,Data Science and Research
Mid-level,Full-time,36912,United Kingdom,M,Data Science and Research
Entry-level,Full-time,95000,United States,M,Data Analysis
Entry-level,Full-time,75000,United States,M,Data Analysis
Senior,Full-time,300000,United States,M,Data Science and Research
Senior,Full-time,234000,United States,M,Data Science and Research
Mid-level,Full-time,140000,United States,M,Leadership and Management
Mid-level,Full-time,120000,United States,M,Leadership and Management
Mid-level,Full-time,204500,United States,M,Machine Learning and AI
Mid-level,Full-time,142200,United States,M,Machine Learning and AI
Mid-level,Full-time,155000,United States,M,Data Analysis
Mid-level,Full-time,110000,United States,M,Data Analysis
Senior,Full-time,266500,United States,M,Machine Learning and AI
Senior,Full-time,152000,United States,M,Machine Learning and AI
Mid-level,Full-time,222200,United States,L,Data Science and Research
Mid-level,Full-time,136000,United States,L,Data Science and Research
Senior,Full-time,273400,United States,M,Machine Learning and AI
Senior,Full-time,182200,United States,M,Machine Learning and AI
Senior,Full-time,167500,United States,M,BI and Visualization
Senior,Full-time,106500,United States,M,BI and Visualization
Senior,Full-time,185900,United States,M,Data Engineering
Senior,Full-time,129300,United States,M,Data Engineering
Mid-level,Full-time,185000,United States,L,BI and Visualization
Mid-level,Full-time,79600,United States,L,BI and Visualization
Senior,Full-time,122000,United States,M,Data Engineering
Senior,Full-time,94500,United States,M,Data Engineering
Senior,Full-time,247300,United States,M,Data Engineering
Senior,Full-time,139700,United States,M,Data Engineering
Senior,Full-time,176000,United States,M,Data Analysis
Senior,Full-time,100000,United States,M,Data Analysis
Senior,Full-time,204500,United States,M,Machine Learning and AI
Senior,Full-time,142200,United States,M,Machine Learning and AI
Senior,Full-time,247600,United States,L,Data Science and Research
Senior,Full-time,127300,United States,L,Data Science and Research
Senior,Full-time,223400,United States,M,Data Science and Research
Senior,Full-time,186200,United States,M,Data Science and Research
Senior,Full-time,167500,United States,M,Data Engineering
Senior,Full-time,106500,United States,M,Data Engineering
Senior,Full-time,185900,United States,M,Data Science and Research
Senior,Full-time,129300,United States,M,Data Science and Research
Entry-level,Full-time,72000,United States,M,Data Science and Research
Entry-level,Full-time,64000,United States,M,Data Science and Research
Senior,Full-time,179820,United States,M,Leadership and Management
Senior,Full-time,143860,United States,M,Leadership and Management
Senior,Full-time,283050,United States,M,Data Science and Research
Senior,Full-time,188700,United States,M,Data Science and Research
Mid-level,Full-time,133000,United States,M,Data Engineering
Mid-level,Full-time,58400,United States,M,Data Engineering
Senior,Full-time,141298,United States,M,Data Science and Research
Senior,Full-time,115607,United States,M,Data Science and Research
Entry-level,Full-time,100000,United States,M,Data Analysis
Entry-level,Full-time,75000,United States,M,Data Analysis
Senior,Full-time,266500,Canada,M,Machine Learning and AI
Senior,Full-time,144400,Canada,M,Machine Learning and AI
Senior,Full-time,71363,United Kingdom,M,Data Engineering
Senior,Full-time,55368,United Kingdom,M,Data Engineering
Senior,Full-time,287500,United States,M,Data Science and Research
Senior,Full-time,156000,United States,M,Data Science and Research
Mid-level,Full-time,90000,United States,M,Data Analysis
Mid-level,Full-time,70000,United States,M,Data Analysis
Senior,Full-time,199000,United States,M,Data Engineering
Senior,Full-time,162000,United States,M,Data Engineering
Mid-level,Full-time,170884,United States,M,Data Engineering
Mid-level,Full-time,113923,United States,M,Data Engineering
Mid-level,Full-time,184000,United States,M,Data Engineering
Mid-level,Full-time,123000,United States,M,Data Engineering
Senior,Full-time,235750,United States,M,Data Science and Research
Senior,Full-time,174250,United States,M,Data Science and Research
Mid-level,Full-time,165000,United States,M,Data Science and Research
Mid-level,Full-time,118800,United States,M,Data Science and Research
Senior,Full-time,225000,United States,M,Data Engineering
Senior,Full-time,150000,United States,M,Data Engineering
Mid-level,Full-time,213900,United States,M,Machine Learning and AI
Mid-level,Full-time,116800,United States,M,Machine Learning and AI
Senior,Full-time,220000,United States,M,Data Science and Research
Senior,Full-time,150000,United States,M,Data Science and Research
Mid-level,Full-time,150000,United States,M,Data Science and Research
Mid-level,Full-time,100000,United States,M,Data Science and Research
Mid-level,Full-time,247500,United States,M,Machine Learning and AI
Mid-level,Full-time,172200,United States,M,Machine Learning and AI
Mid-level,Full-time,155000,United States,M,Data Engineering
Mid-level,Full-time,120000,United States,M,Data Engineering
Senior,Full-time,226700,United States,M,Data Engineering
Senior,Full-time,133300,United States,M,Data Engineering
Senior,Full-time,184000,United States,M,Data Engineering
Senior,Full-time,123000,United States,M,Data Engineering
Senior,Full-time,130000,United States,M,Data Science and Research
Senior,Full-time,117000,United States,M,Data Science and Research
Senior,Full-time,160000,United States,M,Data Science and Research
Senior,Full-time,140000,United States,M,Data Science and Research
Mid-level,Full-time,166000,United States,M,Data Science and Research
Mid-level,Full-time,73000,United States,M,Data Science and Research
Senior,Full-time,185900,United States,M,Data Science and Research
Senior,Full-time,129300,United States,M,Data Science and Research
Mid-level,Full-time,130000,United States,M,Data Engineering
Mid-level,Full-time,104000,United States,M,Data Engineering
Senior,Full-time,143000,United States,M,Data Engineering
Senior,Full-time,116000,United States,M,Data Engineering
Mid-level,Full-time,165000,United States,M,Data Science and Research
Mid-level,Full-time,118800,United States,M,Data Science and Research
Mid-level,Full-time,220000,United States,M,Data Science and Research
Mid-level,Full-time,180000,United States,M,Data Science and Research
Mid-level,Full-time,184000,United States,M,Data Engineering
Mid-level,Full-time,123000,United States,M,Data Engineering
Senior,Full-time,215000,United States,M,Data Engineering
Senior,Full-time,200000,United States,M,Data Engineering
Mid-level,Full-time,253000,United States,M,Data Science and Research
Mid-level,Full-time,131000,United States,M,Data Science and Research
Senior,Full-time,220000,United States,M,Machine Learning and AI
Senior,Full-time,176000,United States,M,Machine Learning and AI
Entry-level,Full-time,49216,United Kingdom,M,Data Quality and Operations
Entry-level,Full-time,36912,United Kingdom,M,Data Quality and Operations
Senior,Full-time,210000,United States,M,Data Science and Research
Senior,Full-time,147000,United States,M,Data Science and Research
Mid-level,Full-time,186000,United States,M,Leadership and Management
Mid-level,Full-time,161000,United States,M,Leadership and Management
Senior,Full-time,205000,United States,M,Machine Learning and AI
Senior,Full-time,152000,United States,M,Machine Learning and AI
Mid-level,Full-time,220000,Canada,M,Data Engineering
Mid-level,Full-time,190000,Canada,M,Data Engineering
Senior,Full-time,205000,United States,M,Machine Learning and AI
Senior,Full-time,152000,United States,M,Machine Learning and AI
Senior,Full-time,137000,United States,M,Data Analysis
Senior,Full-time,110000,United States,M,Data Analysis
Senior,Full-time,172000,United States,M,Data Science and Research
Senior,Full-time,146000,United States,M,Data Science and Research
Mid-level,Full-time,148000,United States,M,Data Engineering
Mid-level,Full-time,99000,United States,M,Data Engineering
Senior,Full-time,150000,United States,M,Data Science and Research
Senior,Full-time,130000,United States,M,Data Science and Research
Entry-level,Full-time,105000,United States,M,Data Analysis
Senior,Full-time,99000,United States,M,Data Engineering
Senior,Full-time,52500,United States,M,Data Engineering
Senior,Full-time,180514,United States,M,Machine Learning and AI
Senior,Full-time,108308,United States,M,Machine Learning and AI
Senior,Full-time,210000,United States,M,Machine Learning and AI
Senior,Full-time,147000,United States,M,Machine Learning and AI
Senior,Full-time,290300,United States,M,Data Engineering
Senior,Full-time,196685,United States,M,Data Engineering
Senior,Full-time,220000,United States,M,Machine Learning and AI
Senior,Full-time,176000,United States,M,Machine Learning and AI
Mid-level,Full-time,175000,United States,M,Machine Learning and AI
Mid-level,Full-time,130000,United States,M,Machine Learning and AI
Senior,Full-time,185000,United States,M,Data Architecture and Modeling
Senior,Full-time,150000,United States,M,Data Architecture and Modeling
Senior,Full-time,145000,United States,M,Data Engineering
Senior,Full-time,115000,United States,M,Data Engineering
Entry-level,Full-time,133000,United States,M,Machine Learning and AI
Entry-level,Full-time,58300,United States,M,Machine Learning and AI
Senior,Full-time,115000,United States,M,Leadership and Management
Senior,Full-time,95000,United States,M,Leadership and Management
Mid-level,Full-time,110244,United Kingdom,M,Data Engineering
Mid-level,Full-time,39372,United Kingdom,M,Data Engineering
Entry-level,Full-time,43187,Spain,M,Data Science and Research
Entry-level,Full-time,31310,Spain,M,Data Science and Research
Entry-level,Full-time,92280,United Kingdom,M,Data Analysis
Entry-level,Full-time,67672,United Kingdom,M,Data Analysis
Entry-level,Full-time,92280,United Kingdom,M,Data Analysis
Entry-level,Full-time,67672,United Kingdom,M,Data Analysis
Senior,Full-time,75577,Ireland,L,Data Science and Research
Senior,Full-time,303387,Canada,M,Machine Learning and AI
Senior,Full-time,100017,Canada,M,Machine Learning and AI
Senior,Full-time,230300,United States,M,Data Engineering
Senior,Full-time,140000,United States,M,Data Engineering
Senior,Full-time,124935,South Africa,M,Data Engineering
Senior,Full-time,76050,South Africa,M,Data Engineering
Senior,Full-time,224800,United States,M,Data Science and Research
Senior,Full-time,131100,United States,M,Data Science and Research
Senior,Full-time,258000,United States,M,Data Science and Research
Senior,Full-time,171000,United States,M,Data Science and Research
Senior,Full-time,196000,United States,M,Data Engineering
Senior,Full-time,121000,United States,M,Data Engineering
Senior,Full-time,195800,United States,M,Data Engineering
Senior,Full-time,171500,United States,M,Data Engineering
Mid-level,Full-time,166000,United States,M,Data Architecture and Modeling
Mid-level,Full-time,73100,United States,M,Data Architecture and Modeling
Mid-level,Full-time,220000,United States,M,Data Science and Research
Mid-level,Full-time,160000,United States,M,Data Science and Research
Entry-level,Full-time,85000,United States,M,Data Science and Research
Entry-level,Full-time,65000,United States,M,Data Science and Research
Mid-level,Full-time,220000,United States,M,Machine Learning and AI
Mid-level,Full-time,100000,United States,M,Machine Learning and AI
Senior,Full-time,185000,United States,M,Data Science and Research
Senior,Full-time,152000,United States,M,Data Science and Research
Mid-level,Full-time,220000,United States,M,Machine Learning and AI
Mid-level,Full-time,100000,United States,M,Machine Learning and AI
Senior,Full-time,48585,Spain,M,Data Science and Research
Senior,Full-time,38868,Spain,M,Data Science and Research
Mid-level,Full-time,220000,United States,M,Machine Learning and AI
Mid-level,Full-time,100000,United States,M,Machine Learning and AI
Mid-level,Full-time,220000,United States,M,Machine Learning and AI
Mid-level,Full-time,100000,United States,M,Machine Learning and AI
Mid-level,Full-time,220000,United States,M,Data Science and Research
Mid-level,Full-time,100000,United States,M,Data Science and Research
Senior,Full-time,110000,Poland,M,Data Analysis
Senior,Full-time,80000,Poland,M,Data Analysis
Senior,Full-time,36912,United Kingdom,S,Data Analysis
Senior,Full-time,150200,United States,M,Data Science and Research
Senior,Full-time,71000,United States,M,Data Science and Research
Senior,Full-time,167200,United States,M,Data Engineering
Senior,Full-time,121000,United States,M,Data Engineering
Senior,Full-time,133000,United States,M,Data Engineering
Senior,Full-time,58400,United States,M,Data Engineering
Mid-level,Full-time,135000,United States,M,Data Science and Research
Mid-level,Full-time,110000,United States,M,Data Science and Research
Mid-level,Full-time,104584,United Kingdom,M,Leadership and Management
Mid-level,Full-time,73824,United Kingdom,M,Leadership and Management
Senior,Full-time,187415,United States,M,Data Science and Research
Senior,Full-time,114080,United States,M,Data Science and Research
Senior,Full-time,187415,United States,M,Data Science and Research
Senior,Full-time,114080,United States,M,Data Science and Research
Mid-level,Full-time,166000,United States,M,Data Engineering
Mid-level,Full-time,73100,United States,M,Data Engineering
Senior,Full-time,306400,Canada,M,Machine Learning and AI
Senior,Full-time,168700,Canada,M,Machine Learning and AI
Senior,Full-time,187415,United States,M,Data Science and Research
Senior,Full-time,114080,United States,M,Data Science and Research
Entry-level,Full-time,32974,United Kingdom,M,Data Analysis
Entry-level,Full-time,32974,United Kingdom,M,Data Analysis
Senior,Full-time,165000,United States,M,Data Analysis
Senior,Full-time,140000,United States,M,Data Analysis
Mid-level,Full-time,150000,United States,M,Leadership and Management
Mid-level,Full-time,167000,United States,M,Data Analysis
Mid-level,Full-time,121000,United States,M,Data Analysis
Mid-level,Full-time,185000,United States,L,BI and Visualization
Mid-level,Full-time,79600,United States,L,BI and Visualization
Senior,Full-time,190200,United States,M,Data Science and Research
Senior,Full-time,95100,United States,M,Data Science and Research
Entry-level,Full-time,133000,United States,M,Data Analysis
Entry-level,Full-time,58400,United States,M,Data Analysis
Mid-level,Full-time,90000,United States,M,Data Engineering
Mid-level,Full-time,70000,United States,M,Data Engineering
Mid-level,Full-time,166000,United States,M,Data Science and Research
Mid-level,Full-time,73100,United States,M,Data Science and Research
Senior,Full-time,135000,United States,M,Data Engineering
Senior,Full-time,100000,United States,M,Data Engineering
Senior,Full-time,180514,United Kingdom,M,Data Engineering
Senior,Full-time,108308,United Kingdom,M,Data Engineering
Senior,Full-time,294000,United States,M,Machine Learning and AI
Senior,Full-time,192000,United States,M,Machine Learning and AI
Senior,Full-time,266000,United States,M,Machine Learning and AI
Senior,Full-time,167000,United States,M,Machine Learning and AI
Senior,Full-time,200000,United States,M,Machine Learning and AI
Senior,Full-time,150000,United States,M,Machine Learning and AI
Entry-level,Full-time,163800,United States,M,Data Analysis
Entry-level,Full-time,88200,United States,M,Data Analysis
Senior,Full-time,180400,United States,M,Data Analysis
Senior,Full-time,138800,United States,M,Data Analysis
Mid-level,Full-time,67672,United Kingdom,M,Data Analysis
Mid-level,Full-time,55368,United Kingdom,M,Data Analysis
Senior,Full-time,319000,United States,M,Machine Learning and AI
Senior,Full-time,206000,United States,M,Machine Learning and AI
Senior,Full-time,215000,United States,M,Data Science and Research
Senior,Full-time,142000,United States,M,Data Science and Research
Senior,Full-time,266000,United States,M,Data Science and Research
Senior,Full-time,167000,United States,M,Data Science and Research
Senior,Full-time,140130,United States,M,Data Analysis
Senior,Full-time,84870,United States,M,Data Analysis
Mid-level,Full-time,178300,United States,M,Data Engineering
Mid-level,Full-time,105400,United States,M,Data Engineering
Mid-level,Full-time,222200,United States,L,Data Science and Research
Mid-level,Full-time,136000,United States,L,Data Science and Research
Senior,Full-time,215000,United States,M,Machine Learning and AI
Senior,Full-time,142000,United States,M,Machine Learning and AI
Senior,Full-time,240000,United States,M,Data Science and Research
Senior,Full-time,210000,United States,M,Data Science and Research
Senior,Full-time,122000,United States,M,Data Engineering
Senior,Full-time,94500,United States,M,Data Engineering
Mid-level,Full-time,150000,United States,M,Data Engineering
Senior,Full-time,116000,United States,M,Data Science and Research
Senior,Full-time,90000,United States,M,Data Science and Research
Senior,Full-time,145000,United States,M,Data Science and Research
Senior,Full-time,128000,United States,M,Data Science and Research
Senior,Full-time,154000,United States,M,Data Engineering
Senior,Full-time,126000,United States,M,Data Engineering
Senior,Full-time,240000,United States,M,Machine Learning and AI
Senior,Full-time,157250,United States,M,Machine Learning and AI
Executive,Full-time,219650,United States,M,Data Engineering
Executive,Full-time,136000,United States,M,Data Engineering
Senior,Full-time,150000,United States,M,Data Science and Research
Mid-level,Full-time,180000,United States,M,Machine Learning and AI
Mid-level,Full-time,125000,United States,M,Machine Learning and AI
Senior,Full-time,247600,United States,L,Data Science and Research
Senior,Full-time,127300,United States,L,Data Science and Research
Mid-level,Full-time,60000,United States,M,Data Science and Research
Mid-level,Full-time,55000,United States,M,Data Science and Research
Mid-level,Full-time,250000,United States,M,Data Engineering
Mid-level,Full-time,125000,United States,M,Data Engineering
Senior,Full-time,190000,United States,M,Machine Learning and AI
Senior,Full-time,170000,United States,M,Machine Learning and AI
Senior,Full-time,202600,United States,M,Data Science and Research
Senior,Full-time,168800,United States,M,Data Science and Research
Mid-level,Full-time,132000,United States,M,Data Engineering
Mid-level,Full-time,111000,United States,M,Data Engineering
Senior,Full-time,203000,United States,M,Data Science and Research
Senior,Full-time,127000,United States,M,Data Science and Research
Mid-level,Full-time,125009,United States,M,BI and Visualization
Mid-level,Full-time,83339,United States,M,BI and Visualization
Senior,Full-time,112200,United States,M,Data Analysis
Senior,Full-time,91800,United States,M,Data Analysis
Senior,Full-time,200000,United States,M,Machine Learning and AI
Senior,Full-time,160000,United States,M,Machine Learning and AI
Senior,Full-time,161952,France,M,Machine Learning and AI
Senior,Full-time,185000,United States,M,Data Architecture and Modeling
Senior,Full-time,150000,United States,M,Data Architecture and Modeling
Mid-level,Full-time,160000,United States,M,Data Engineering
Mid-level,Full-time,130000,United States,M,Data Engineering
Senior,Full-time,145000,United States,M,Data Engineering
Senior,Full-time,115000,United States,M,Data Engineering
Entry-level,Part-time,133000,United States,M,Data Science and Research
Entry-level,Part-time,58300,United States,M,Data Science and Research
Senior,Full-time,254000,United States,M,Data Engineering
Senior,Full-time,159000,United States,M,Data Engineering
Senior,Full-time,170000,United States,M,Data Engineering
Senior,Full-time,85000,United States,M,Data Engineering
Mid-level,Full-time,130500,United States,M,Data Science and Research
Mid-level,Full-time,116000,United States,M,Data Science and Research
Entry-level,Full-time,81400,United States,M,Data Science and Research
Entry-level,Full-time,43500,United States,M,Data Science and Research
Mid-level,Full-time,169000,United States,M,Data Engineering
Mid-level,Full-time,92000,United States,M,Data Engineering
Senior,Full-time,166000,United States,M,Data Analysis
Senior,Full-time,73100,United States,M,Data Analysis
Senior,Full-time,190000,United States,M,Data Science and Research
Senior,Full-time,165000,United States,M,Data Science and Research
Senior,Full-time,305600,United States,M,Machine Learning and AI
Senior,Full-time,146600,United States,M,Machine Learning and AI
Senior,Full-time,150000,United States,M,Data Analysis
Senior,Full-time,120000,United States,M,Data Analysis
Senior,Full-time,275000,United States,M,Data Engineering
Senior,Full-time,146400,United States,M,Data Engineering
Senior,Full-time,208500,United States,M,Data Science and Research
Senior,Full-time,165000,United States,M,Data Science and Research
Senior,Full-time,258700,United States,M,Data Science and Research
Senior,Full-time,172500,United States,M,Data Science and Research
Mid-level,Full-time,150000,United States,M,Data Engineering
Mid-level,Full-time,130000,United States,M,Data Engineering
Senior,Full-time,185000,United States,M,Data Engineering
Senior,Full-time,150000,United States,M,Data Engineering
Senior,Full-time,166000,United States,M,Data Analysis
Senior,Full-time,73100,United States,M,Data Analysis
Senior,Full-time,198200,United States,M,BI and Visualization
Senior,Full-time,110200,United States,M,BI and Visualization
Senior,Full-time,166000,United States,M,Machine Learning and AI
Senior,Full-time,73100,United States,M,Machine Learning and AI
Senior,Full-time,212000,United States,M,Machine Learning and AI
Senior,Full-time,93300,United States,M,Machine Learning and AI
Senior,Full-time,212000,United States,M,Machine Learning and AI
Senior,Full-time,93300,United States,M,Machine Learning and AI
Senior,Full-time,166000,United States,M,Data Engineering
Senior,Full-time,73100,United States,M,Data Engineering
Mid-level,Full-time,167100,United States,M,Data Engineering
Mid-level,Full-time,111400,United States,M,Data Engineering
Senior,Full-time,133000,United States,M,Data Engineering
Senior,Full-time,58400,United States,M,Data Engineering
Entry-level,Full-time,166000,United States,M,Data Science and Research
Entry-level,Full-time,73100,United States,M,Data Science and Research
Executive,Full-time,170000,United States,M,Data Analysis
Executive,Full-time,145000,United States,M,Data Analysis
Senior,Full-time,212000,United States,M,Data Science and Research
Senior,Full-time,93300,United States,M,Data Science and Research
Senior,Full-time,170000,United States,M,Data Architecture and Modeling
Senior,Full-time,135000,United States,M,Data Architecture and Modeling
Senior,Full-time,145000,United States,M,Data Engineering
Senior,Full-time,115000,United States,M,Data Engineering
Senior,Full-time,139810,United States,M,Data Engineering
Senior,Full-time,95325,United States,M,Data Engineering
Senior,Full-time,278700,United States,M,Data Science and Research
Senior,Full-time,159300,United States,M,Data Science and Research
Senior,Full-time,226700,Canada,M,Machine Learning and AI
Senior,Full-time,151100,Canada,M,Machine Learning and AI
Senior,Full-time,247300,United States,M,Data Engineering
Senior,Full-time,139700,United States,M,Data Engineering
Senior,Full-time,188000,United States,M,Data Science and Research
Senior,Full-time,139000,United States,M,Data Science and Research
Senior,Full-time,150000,United States,M,Data Science and Research
Senior,Full-time,160000,United States,M,Data Engineering
Senior,Full-time,94000,United States,M,Data Engineering
Mid-level,Full-time,127000,United States,M,Leadership and Management
Mid-level,Full-time,65000,United States,M,Leadership and Management
Senior,Full-time,276000,United States,M,Machine Learning and AI
Senior,Full-time,174000,United States,M,Machine Learning and AI
Senior,Full-time,260000,United States,L,Data Science and Research
Senior,Full-time,136000,United States,L,Data Science and Research
Executive,Full-time,250000,United States,M,Leadership and Management
Executive,Full-time,210000,United States,M,Leadership and Management
Senior,Full-time,188000,United States,M,Data Science and Research
Senior,Full-time,139000,United States,M,Data Science and Research
Senior,Full-time,238000,United States,M,Machine Learning and AI
Senior,Full-time,176000,United States,M,Machine Learning and AI
Senior,Full-time,204500,United States,M,Machine Learning and AI
Senior,Full-time,142200,United States,M,Machine Learning and AI
Executive,Full-time,212000,United States,M,Data Science and Research
Executive,Full-time,190000,United States,M,Data Science and Research
Senior,Full-time,261500,United States,L,Data Science and Research
Senior,Full-time,134500,United States,L,Data Science and Research
Senior,Full-time,239000,United States,L,Data Architecture and Modeling
Senior,Full-time,122900,United States,L,Data Architecture and Modeling
Senior,Full-time,115000,United States,M,Leadership and Management
Senior,Full-time,95000,United States,M,Leadership and Management
Senior,Full-time,158500,Canada,M,Data Science and Research
Senior,Full-time,115000,Canada,M,Data Science and Research
Senior,Full-time,331640,United States,M,Machine Learning and AI
Senior,Full-time,267720,United States,M,Machine Learning and AI
Senior,Full-time,180000,United States,M,Data Engineering
Senior,Full-time,90000,United States,M,Data Engineering
Mid-level,Full-time,83000,United States,M,Data Analysis
Mid-level,Full-time,66000,United States,M,Data Analysis
Senior,Full-time,224250,United States,M,Data Science and Research
Senior,Full-time,121550,United States,M,Data Science and Research
Mid-level,Full-time,166000,United States,M,Data Science and Research
Mid-level,Full-time,73100,United States,M,Data Science and Research
Senior,Full-time,141298,United States,M,Data Science and Research
Senior,Full-time,115607,United States,M,Data Science and Research
Mid-level,Full-time,109000,United States,M,Data Engineering
Mid-level,Full-time,100000,United States,M,Data Engineering
Senior,Full-time,205400,United States,M,Data Science and Research
Senior,Full-time,92900,United States,M,Data Science and Research
Entry-level,Full-time,220000,United States,M,Machine Learning and AI
Entry-level,Full-time,130000,United States,M,Machine Learning and AI
Mid-level,Full-time,160000,United States,M,Data Science and Research
Mid-level,Full-time,110000,United States,M,Data Science and Research
Senior,Full-time,230000,United States,M,Data Engineering
Senior,Full-time,100000,United States,M,Data Engineering
Senior,Full-time,186030,United States,M,BI and Visualization
Senior,Full-time,110200,United States,M,BI and Visualization
Mid-level,Full-time,130000,United States,M,Data Science and Research
Mid-level,Full-time,100000,United States,M,Data Science and Research
Mid-level,Full-time,242000,United States,M,Data Science and Research
Mid-level,Full-time,106200,United States,M,Data Science and Research
Executive,Full-time,220000,United States,M,Data Science and Research
Executive,Full-time,120000,United States,M,Data Science and Research
Senior,Full-time,258000,United States,M,Data Science and Research
Senior,Full-time,171000,United States,M,Data Science and Research
Entry-level,Full-time,91200,United States,M,Data Science and Research
Entry-level,Full-time,58200,United States,M,Data Science and Research
Senior,Full-time,192000,United States,M,Data Science and Research
Senior,Full-time,178000,United States,M,Data Science and Research
Senior,Full-time,210000,United States,M,Data Engineering
Senior,Full-time,130000,United States,M,Data Engineering
Entry-level,Full-time,160000,United States,M,Data Science and Research
Entry-level,Full-time,150000,United States,M,Data Science and Research
Senior,Full-time,260000,United States,L,Data Science and Research
Senior,Full-time,136000,United States,L,Data Science and Research
Senior,Full-time,206000,United States,M,Data Architecture and Modeling
Senior,Full-time,134000,United States,M,Data Architecture and Modeling
Senior,Full-time,180000,United States,M,Data Science and Research
Senior,Full-time,135000,United States,M,Data Science and Research
Senior,Full-time,200000,United States,M,Data Science and Research
Senior,Full-time,120000,United States,M,Data Science and Research
Senior,Full-time,212000,United States,M,Machine Learning and AI
Senior,Full-time,93300,United States,M,Machine Learning and AI
Mid-level,Full-time,106700,United States,M,Data Engineering
Mid-level,Full-time,57700,United States,M,Data Engineering
Senior,Full-time,266400,United States,M,Machine Learning and AI
Senior,Full-time,173300,United States,M,Machine Learning and AI
Mid-level,Full-time,125000,United States,M,Data Analysis
Mid-level,Full-time,100000,United States,M,Data Analysis
Senior,Full-time,165600,United States,L,BI and Visualization
Senior,Full-time,65800,United States,L,BI and Visualization
Mid-level,Full-time,210400,United States,M,Data Science and Research
Mid-level,Full-time,170500,United States,M,Data Science and Research
Senior,Full-time,212000,United States,M,Data Science and Research
Senior,Full-time,93300,United States,M,Data Science and Research
Mid-level,Full-time,170000,United States,M,Data Engineering
Mid-level,Full-time,160000,United States,M,Data Engineering
Senior,Full-time,185400,United States,M,Data Science and Research
Senior,Full-time,81536,United States,M,Data Science and Research
Senior,Full-time,193000,United States,M,Data Analysis
Senior,Full-time,158000,United States,M,Data Analysis
Senior,Full-time,170000,United States,M,Data Engineering
Senior,Full-time,100000,United States,M,Data Engineering
Mid-level,Full-time,222200,United States,L,Data Science and Research
Mid-level,Full-time,136000,United States,L,Data Science and Research
Mid-level,Full-time,148000,United States,M,Data Engineering
Mid-level,Full-time,99000,United States,M,Data Engineering
Senior,Full-time,204500,United States,M,Machine Learning and AI
Senior,Full-time,142200,United States,M,Machine Learning and AI
Mid-level,Full-time,95000,United States,M,Data Analysis
Mid-level,Full-time,75000,United States,M,Data Analysis
Mid-level,Full-time,115000,United States,M,Data Analysis
Mid-level,Full-time,105000,United States,M,Data Analysis
Senior,Full-time,195800,United States,M,Data Engineering
Senior,Full-time,161900,United States,M,Data Engineering
Mid-level,Full-time,90000,United States,M,Data Analysis
Mid-level,Full-time,80000,United States,M,Data Analysis
Senior,Full-time,192500,United States,M,Data Analysis
Senior,Full-time,140000,United States,M,Data Analysis
Mid-level,Full-time,100000,United States,M,Leadership and Management
Mid-level,Full-time,75000,United States,M,Leadership and Management
Mid-level,Full-time,169000,United States,M,Data Engineering
Mid-level,Full-time,91000,United States,M,Data Engineering
Senior,Full-time,216600,Canada,M,Machine Learning and AI
Senior,Full-time,144400,Canada,M,Machine Learning and AI
Senior,Full-time,150000,United States,M,Data Analysis
Senior,Full-time,120000,United States,M,Data Analysis
Mid-level,Full-time,133000,United States,M,Data Engineering
Mid-level,Full-time,58400,United States,M,Data Engineering
Senior,Full-time,166000,United States,M,Data Science and Research
Senior,Full-time,73100,United States,M,Data Science and Research
Mid-level,Full-time,166000,United States,M,Data Science and Research
Mid-level,Full-time,73100,United States,M,Data Science and Research
Senior,Full-time,336300,United States,M,Machine Learning and AI
Senior,Full-time,179000,United States,M,Machine Learning and AI
Senior,Full-time,296400,United States,M,Machine Learning and AI
Senior,Full-time,159600,United States,M,Machine Learning and AI
Senior,Full-time,212000,United States,M,Data Science and Research
Senior,Full-time,93300,United States,M,Data Science and Research
Senior,Full-time,204500,United States,M,Machine Learning and AI
Senior,Full-time,142200,United States,M,Machine Learning and AI
Senior,Full-time,258500,United States,M,Leadership and Management
Senior,Full-time,226500,United States,M,Leadership and Management
Senior,Full-time,247250,United States,M,Data Science and Research
Senior,Full-time,118400,United States,M,Data Science and Research
Mid-level,Full-time,160000,United States,M,BI and Visualization
Mid-level,Full-time,140000,United States,M,BI and Visualization
Senior,Full-time,212000,United States,M,Machine Learning and AI
Senior,Full-time,93400,United States,M,Machine Learning and AI
Senior,Full-time,172256,United Kingdom,M,Data Science and Research
Senior,Full-time,123040,United Kingdom,M,Data Science and Research
Senior,Full-time,219000,United States,M,Data Science and Research
Senior,Full-time,132000,United States,M,Data Science and Research
Senior,Full-time,130500,United States,M,Data Science and Research
Senior,Full-time,116000,United States,M,Data Science and Research
Senior,Full-time,323300,United States,M,Data Science and Research
Senior,Full-time,184700,United States,M,Data Science and Research
Senior,Full-time,250000,United States,M,Machine Learning and AI
Senior,Full-time,200000,United States,M,Machine Learning and AI
Mid-level,Full-time,136000,United States,M,Data Science and Research
Mid-level,Full-time,91000,United States,M,Data Science and Research
Senior,Full-time,185900,United States,M,Data Science and Research
Senior,Full-time,129300,United States,M,Data Science and Research
Senior,Full-time,143000,Canada,M,Data Analysis
Senior,Full-time,78000,Canada,M,Data Analysis
Entry-level,Full-time,135000,United States,M,Data Science and Research
Entry-level,Full-time,110000,United States,M,Data Science and Research
Mid-level,Full-time,142000,Canada,M,Data Engineering
Mid-level,Full-time,102200,Canada,M,Data Engineering
Senior,Full-time,137500,United States,M,Data Science and Research
Senior,Full-time,81500,United States,M,Data Science and Research
Senior,Full-time,202000,United States,M,BI and Visualization
Senior,Full-time,147000,United States,M,BI and Visualization
Senior,Full-time,140000,United States,M,Data Science and Research
Senior,Full-time,125000,United States,M,Data Science and Research
Senior,Full-time,170625,United States,M,Data Science and Research
Senior,Full-time,127950,United States,M,Data Science and Research
Mid-level,Full-time,123040,United Kingdom,M,Data Science and Research
Mid-level,Full-time,86128,United Kingdom,M,Data Science and Research
Entry-level,Full-time,85256,United States,M,Data Analysis
Entry-level,Full-time,71615,United States,M,Data Analysis
Entry-level,Full-time,100000,United States,L,Data Science and Research
Mid-level,Full-time,100000,United States,S,Data Science and Research
Executive,Full-time,185000,United States,M,Data Engineering
Executive,Full-time,125000,United States,M,Data Engineering
Entry-level,Full-time,60000,United States,M,Data Management and Strategy
Entry-level,Full-time,52000,United States,M,Data Management and Strategy
Senior,Full-time,300000,United States,M,Machine Learning and AI
Senior,Full-time,260000,United States,M,Machine Learning and AI
Senior,Full-time,225000,United States,M,Data Science and Research
Senior,Full-time,170000,United States,M,Data Science and Research
Senior,Full-time,100000,United States,M,BI and Visualization
Senior,Full-time,80000,United States,M,BI and Visualization
Senior,Full-time,204500,United States,M,Machine Learning and AI
Senior,Full-time,142200,United States,M,Machine Learning and AI
Senior,Full-time,135000,United States,M,Data Science and Research
Senior,Full-time,100000,United States,M,Data Science and Research
Senior,Full-time,297300,United States,M,Data Science and Research
Senior,Full-time,198200,United States,M,Data Science and Research
Senior,Full-time,240000,United States,M,Machine Learning and AI
Senior,Full-time,190000,United States,M,Machine Learning and AI
Senior,Full-time,185000,United States,L,BI and Visualization
Senior,Full-time,79600,United States,L,BI and Visualization
Senior,Full-time,222200,United States,L,Data Science and Research
Senior,Full-time,136000,United States,L,Data Science and Research
Senior,Full-time,110000,United States,M,Data Engineering
Senior,Full-time,95000,United States,M,Data Engineering
Senior,Full-time,324000,United States,M,Machine Learning and AI
Senior,Full-time,159000,United States,M,Machine Learning and AI
Senior,Full-time,207700,Canada,M,Machine Learning and AI
Senior,Full-time,133700,Canada,M,Machine Learning and AI
Mid-level,Full-time,71000,United States,M,Data Science and Research
Mid-level,Full-time,57000,United States,M,Data Science and Research
Senior,Full-time,222200,United States,L,Data Science and Research
Senior,Full-time,136000,United States,L,Data Science and Research
Senior,Full-time,200000,United States,M,Machine Learning and AI
Senior,Full-time,150000,United States,M,Machine Learning and AI
Mid-level,Full-time,59000,United States,M,Data Analysis
Mid-level,Full-time,50000,United States,M,Data Analysis
Senior,Full-time,234000,United States,M,Machine Learning and AI
Senior,Full-time,208000,United States,M,Machine Learning and AI
Senior,Full-time,187000,United States,M,Leadership and Management
Senior,Full-time,128000,United States,M,Leadership and Management
Senior,Full-time,202000,United States,M,BI and Visualization
Senior,Full-time,147000,United States,M,BI and Visualization
Mid-level,Contract,50000,Canada,L,Machine Learning and AI
Mid-level,Full-time,64781,Spain,L,Data Science and Research
Entry-level,Full-time,57223,Netherlands,L,Data Science and Research
Mid-level,Freelance,21000,Luxembourg,S,Data Science and Research
Mid-level,Full-time,135000,United States,M,Data Analysis
Mid-level,Full-time,120000,United States,M,Data Analysis
Mid-level,Full-time,150000,United States,M,Data Architecture and Modeling
Mid-level,Full-time,140000,United States,M,Data Architecture and Modeling
Senior,Full-time,190000,United States,M,Data Science and Research
Senior,Full-time,165000,United States,M,Data Science and Research
Senior,Full-time,280000,United States,M,Data Science and Research
Senior,Full-time,190000,United States,M,Data Science and Research
Executive,Full-time,212000,United States,M,Data Science and Research
Executive,Full-time,190000,United States,M,Data Science and Research
Mid-level,Full-time,43064,United Kingdom,M,BI and Visualization
Mid-level,Full-time,43064,United Kingdom,M,BI and Visualization
Senior,Full-time,245700,United States,M,Machine Learning and AI
Senior,Full-time,132300,United States,M,Machine Learning and AI
Mid-level,Full-time,90000,United States,M,Data Management and Strategy
Mid-level,Full-time,80000,United States,M,Data Management and Strategy
Senior,Full-time,212000,United States,M,Machine Learning and AI
Senior,Full-time,93300,United States,M,Machine Learning and AI
Mid-level,Full-time,212000,United States,M,Data Science and Research
Mid-level,Full-time,93300,United States,M,Data Science and Research
Senior,Full-time,276000,United States,M,Machine Learning and AI
Senior,Full-time,174000,United States,M,Machine Learning and AI
Mid-level,Full-time,133000,United States,M,Data Engineering
Mid-level,Full-time,58300,United States,M,Data Engineering
Senior,Full-time,145640,United States,M,Data Analysis
Senior,Full-time,84400,United States,M,Data Analysis
Senior,Full-time,300000,United States,M,Data Engineering
Senior,Full-time,195000,United States,M,Data Engineering
Senior,Full-time,190000,Canada,M,Data Architecture and Modeling
Senior,Full-time,107500,Canada,M,Data Architecture and Modeling
Senior,Full-time,105000,United States,M,Data Analysis
Senior,Full-time,75000,United States,M,Data Analysis
Senior,Full-time,140000,United States,M,Data Analysis
Senior,Full-time,98000,United States,M,Data Analysis
Senior,Full-time,204500,United States,M,Machine Learning and AI
Senior,Full-time,142200,United States,M,Machine Learning and AI
Senior,Full-time,236160,United States,M,Data Science and Research
Senior,Full-time,159408,United States,M,Data Science and Research
Senior,Full-time,115000,United States,M,Data Analysis
Senior,Full-time,85000,United States,M,Data Analysis
Senior,Full-time,145000,United States,M,Leadership and Management
Senior,Full-time,120000,United States,M,Leadership and Management
Senior,Full-time,120350,United States,M,Data Analysis
Senior,Full-time,74400,United States,M,Data Analysis
Senior,Full-time,158494,United States,M,Data Analysis
Senior,Full-time,88052,United States,M,Data Analysis
Senior,Full-time,181500,United States,M,Leadership and Management
Senior,Full-time,127000,United States,M,Leadership and Management
Mid-level,Full-time,300000,United States,M,Machine Learning and AI
Mid-level,Full-time,260000,United States,M,Machine Learning and AI
Senior,Full-time,258000,United States,M,Data Science and Research
Senior,Full-time,171000,United States,M,Data Science and Research
Entry-level,Full-time,25000,Netherlands,M,Data Analysis
Senior,Full-time,200000,United States,M,Data Science and Research
Senior,Full-time,150000,United States,M,Data Science and Research
Senior,Full-time,225300,United States,M,Machine Learning and AI
Senior,Full-time,197400,United States,M,Machine Learning and AI
Senior,Full-time,205500,United States,M,Data Engineering
Senior,Full-time,128500,United States,M,Data Engineering
Senior,Full-time,191600,United States,M,Data Architecture and Modeling
Senior,Full-time,125600,United States,M,Data Architecture and Modeling
Senior,Full-time,245700,United States,M,Machine Learning and AI
Senior,Full-time,132300,United States,M,Machine Learning and AI
Mid-level,Full-time,130410,United States,M,Data Science and Research
Mid-level,Full-time,92000,United States,M,Data Science and Research
Senior,Full-time,183900,United States,M,Data Science and Research
Senior,Full-time,108800,United States,M,Data Science and Research
Senior,Full-time,275000,United States,M,Machine Learning and AI
Senior,Full-time,121200,United States,M,Machine Learning and AI
Mid-level,Full-time,166000,United States,M,Data Science and Research
Mid-level,Full-time,73100,United States,M,Data Science and Research
Senior,Full-time,231250,United States,M,Data Science and Research
Senior,Full-time,111000,United States,M,Data Science and Research
Senior,Full-time,300000,United States,M,Data Engineering
Senior,Full-time,130000,United States,M,Data Engineering
Mid-level,Full-time,210500,United States,M,Data Engineering
Mid-level,Full-time,105300,United States,M,Data Engineering
Mid-level,Full-time,158400,United States,M,Data Engineering
Mid-level,Full-time,85800,United States,M,Data Engineering
Senior,Full-time,305600,United States,M,Machine Learning and AI
Senior,Full-time,146600,United States,M,Machine Learning and AI
Senior,Full-time,180400,United States,M,Data Analysis
Senior,Full-time,138800,United States,M,Data Analysis
Senior,Full-time,258700,United States,M,Data Science and Research
Senior,Full-time,172500,United States,M,Data Science and Research
Senior,Full-time,156100,Canada,M,Data Science and Research
Senior,Full-time,100400,Canada,M,Data Science and Research
Senior,Full-time,134200,United States,M,Data Analysis
Senior,Full-time,103200,United States,M,Data Analysis
Mid-level,Full-time,105000,United States,M,Data Analysis
Mid-level,Full-time,85000,United States,M,Data Analysis
Senior,Full-time,220000,United States,M,Data Science and Research
Senior,Full-time,160000,United States,M,Data Science and Research
Senior,Full-time,110000,United States,M,Data Analysis
Senior,Full-time,95000,United States,M,Data Analysis
Mid-level,Full-time,95400,United States,M,Data Analysis
Mid-level,Full-time,57800,United States,M,Data Analysis
Mid-level,Full-time,110000,United States,M,Data Science and Research
Mid-level,Full-time,86000,United States,M,Data Science and Research
Executive,Full-time,125000,United States,M,Data Analysis
Executive,Full-time,87500,United States,M,Data Analysis
Senior,Full-time,185000,United States,L,BI and Visualization
Senior,Full-time,79600,United States,L,BI and Visualization
Senior,Full-time,275000,United States,M,Machine Learning and AI
Senior,Full-time,170000,United States,M,Machine Learning and AI
Senior,Full-time,133200,United States,M,Data Engineering
Senior,Full-time,84000,United States,M,Data Engineering
Senior,Full-time,171000,United States,M,Data Analysis
Senior,Full-time,93000,United States,M,Data Analysis
Senior,Full-time,216450,United States,M,Leadership and Management
Senior,Full-time,123750,United States,M,Leadership and Management
Senior,Full-time,212800,United States,L,Data Science and Research
Senior,Full-time,124100,United States,L,Data Science and Research
Mid-level,Full-time,205000,United States,M,Data Science and Research
Mid-level,Full-time,166000,United States,M,Data Science and Research
Senior,Full-time,231650,United States,M,Data Science and Research
Senior,Full-time,189100,United States,M,Data Science and Research
Senior,Full-time,160000,Canada,M,Data Engineering
Senior,Full-time,120000,Canada,M,Data Engineering
Senior,Full-time,156100,Canada,M,Data Science and Research
Senior,Full-time,100400,Canada,M,Data Science and Research
Senior,Full-time,266875,United States,M,Data Engineering
Senior,Full-time,128250,United States,M,Data Engineering
Mid-level,Full-time,158600,United States,M,Data Engineering
Mid-level,Full-time,115300,United States,M,Data Engineering
Senior,Full-time,225300,United States,M,Data Engineering
Senior,Full-time,197400,United States,M,Data Engineering
Entry-level,Full-time,109900,United States,M,Data Analysis
Entry-level,Full-time,61200,United States,M,Data Analysis
Senior,Full-time,161000,United States,M,Data Engineering
Senior,Full-time,75000,United States,M,Data Engineering
Mid-level,Full-time,166000,United States,M,Data Analysis
Mid-level,Full-time,73100,United States,M,Data Analysis
Mid-level,Full-time,138510,United States,M,Data Science and Research
Mid-level,Full-time,95490,United States,M,Data Science and Research
Mid-level,Full-time,150000,United States,M,Data Analysis
Mid-level,Full-time,110000,United States,M,Data Analysis
Senior,Full-time,232200,United States,M,Data Science and Research
Senior,Full-time,133300,United States,M,Data Science and Research
Senior,Full-time,121788,Lithuania,M,Machine Learning and AI
Senior,Full-time,79032,Lithuania,M,Machine Learning and AI
Senior,Full-time,178250,United States,M,Leadership and Management
Senior,Full-time,110500,United States,M,Leadership and Management
Senior,Full-time,190000,United States,M,Machine Learning and AI
Senior,Full-time,160000,United States,M,Machine Learning and AI
Senior,Full-time,216000,United States,M,Data Science and Research
Senior,Full-time,184000,United States,M,Data Science and Research
Senior,Full-time,166000,Canada,M,Data Science and Research
Senior,Full-time,104000,Canada,M,Data Science and Research
Senior,Full-time,185000,United States,L,BI and Visualization
Senior,Full-time,79600,United States,L,BI and Visualization
Senior,Full-time,230000,United States,M,Machine Learning and AI
Senior,Full-time,196000,United States,M,Machine Learning and AI
Senior,Full-time,184000,United States,M,Data Engineering
Senior,Full-time,123000,United States,M,Data Engineering
Mid-level,Full-time,165600,United States,L,BI and Visualization
Mid-level,Full-time,65800,United States,L,BI and Visualization
Senior,Full-time,186000,United States,M,Data Engineering
Senior,Full-time,81800,United States,M,Data Engineering
Senior,Full-time,135000,United States,M,Data Analysis
Senior,Full-time,82500,United States,M,Data Analysis
Senior,Full-time,247250,United States,M,Data Engineering
Senior,Full-time,160000,United States,M,Data Engineering
Senior,Full-time,169000,United States,M,Machine Learning and AI
Senior,Full-time,105500,United States,M,Machine Learning and AI
Senior,Full-time,195800,United States,M,Data Science and Research
Senior,Full-time,161900,United States,M,Data Science and Research
Senior,Full-time,108500,United States,M,BI and Visualization
Senior,Full-time,78800,United States,M,BI and Visualization
Senior,Full-time,225000,United States,M,Data Science and Research
Senior,Full-time,166000,United States,M,Data Science and Research
Senior,Full-time,167500,United States,M,BI and Visualization
Senior,Full-time,106500,United States,M,BI and Visualization
Mid-level,Full-time,160000,United States,M,BI and Visualization
Mid-level,Full-time,110000,United States,M,BI and Visualization
Senior,Full-time,120000,Canada,M,Data Analysis
Senior,Full-time,105000,Canada,M,Data Analysis
Mid-level,Full-time,110000,United States,M,Data Analysis
Mid-level,Full-time,87500,United States,M,Data Analysis
Mid-level,Full-time,60000,United States,M,Data Science and Research
Mid-level,Full-time,55000,United States,M,Data Science and Research
Senior,Full-time,145000,United States,M,Data Engineering
Senior,Full-time,115000,United States,M,Data Engineering
Senior,Full-time,225000,United States,M,Data Science and Research
Senior,Full-time,166000,United States,M,Data Science and Research
Executive,Full-time,135000,United States,M,Data Engineering
Executive,Full-time,100000,United States,M,Data Engineering
Mid-level,Full-time,105000,Portugal,M,Machine Learning and AI
Mid-level,Full-time,95000,Portugal,M,Machine Learning and AI
Senior,Full-time,289800,United States,M,Leadership and Management
Senior,Full-time,214200,United States,M,Leadership and Management
Mid-level,Full-time,167500,United States,M,Data Engineering
Mid-level,Full-time,106500,United States,M,Data Engineering
Senior,Full-time,220000,United States,M,Data Science and Research
Senior,Full-time,146000,United States,M,Data Science and Research
Senior,Full-time,128000,United States,M,Data Engineering
Senior,Full-time,81500,United States,M,Data Engineering
Senior,Full-time,206000,United States,M,Data Architecture and Modeling
Senior,Full-time,134000,United States,M,Data Architecture and Modeling
Senior,Full-time,370000,United States,M,Data Science and Research
Senior,Full-time,200000,United States,M,Data Science and Research
Senior,Full-time,175000,United States,M,Leadership and Management
Senior,Full-time,160000,United States,M,Leadership and Management
Entry-level,Full-time,240000,United States,M,Data Management and Strategy
Entry-level,Full-time,100000,United States,M,Data Management and Strategy
Senior,Full-time,180000,United States,M,Data Science and Research
Senior,Full-time,160000,United States,M,Data Science and Research
Senior,Full-time,143000,Canada,M,BI and Visualization
Senior,Full-time,127000,Canada,M,BI and Visualization
Mid-level,Full-time,249300,United States,L,Data Science and Research
Mid-level,Full-time,149300,United States,L,Data Science and Research
Senior,Full-time,222200,United States,L,Data Science and Research
Senior,Full-time,136000,United States,L,Data Science and Research
Senior,Full-time,190000,United States,M,Data Engineering
Senior,Full-time,160000,United States,M,Data Engineering
Senior,Full-time,248100,United States,M,Data Science and Research
Senior,Full-time,145900,United States,M,Data Science and Research
Senior,Full-time,170200,United States,M,Data Science and Research
Senior,Full-time,83900,United States,M,Data Science and Research
Mid-level,Full-time,100000,United States,M,Leadership and Management
Mid-level,Full-time,75000,United States,M,Leadership and Management
Senior,Full-time,166000,United Kingdom,M,Data Science and Research
Senior,Full-time,90000,United Kingdom,M,Data Science and Research
Senior,Full-time,160000,United States,M,Data Science and Research
Senior,Full-time,94100,United States,M,Data Science and Research
Senior,Full-time,226600,United States,M,Machine Learning and AI
Senior,Full-time,140100,United States,M,Machine Learning and AI
Senior,Full-time,247600,United States,L,Data Science and Research
Senior,Full-time,127300,United States,L,Data Science and Research
Senior,Full-time,222200,United States,L,Data Science and Research
Senior,Full-time,136000,United States,L,Data Science and Research
Senior,Full-time,260000,United States,L,Data Science and Research
Senior,Full-time,136000,United States,L,Data Science and Research
Senior,Full-time,222200,United States,L,Data Science and Research
Senior,Full-time,136000,United States,L,Data Science and Research
Senior,Full-time,156000,United States,M,Data Analysis
Senior,Full-time,124000,United States,M,Data Analysis
Senior,Full-time,200000,United States,M,Data Engineering
Senior,Full-time,132600,United States,M,Data Engineering
Senior,Full-time,308000,United States,M,Data Science and Research
Senior,Full-time,190400,United States,M,Data Science and Research
Senior,Full-time,155000,United States,M,Data Architecture and Modeling
Senior,Full-time,136000,United States,M,Data Architecture and Modeling
Senior,Full-time,160000,United States,M,Data Engineering
Senior,Full-time,75000,United States,M,Data Engineering
Senior,Full-time,214500,United States,M,Machine Learning and AI
Senior,Full-time,132600,United States,M,Machine Learning and AI
Mid-level,Full-time,111000,United States,M,Data Analysis
Mid-level,Full-time,104000,United States,M,Data Analysis
Senior,Full-time,260000,United States,L,Data Science and Research
Senior,Full-time,136000,United States,L,Data Science and Research
Mid-level,Full-time,85000,United States,M,Data Engineering
Mid-level,Full-time,75000,United States,M,Data Engineering
Senior,Full-time,180250,United States,M,Data Science and Research
Senior,Full-time,118000,United States,M,Data Science and Research
Senior,Full-time,212800,United States,L,Data Science and Research
Senior,Full-time,111600,United States,L,Data Science and Research
Senior,Full-time,157500,United States,M,Data Analysis
Senior,Full-time,132500,United States,M,Data Analysis
Mid-level,Full-time,85000,United States,M,Data Analysis
Mid-level,Full-time,75000,United States,M,Data Analysis
Senior,Full-time,93918,United States,M,Data Analysis
Senior,Full-time,51962,United States,M,Data Analysis
Senior,Full-time,171000,United States,M,BI and Visualization
Senior,Full-time,152000,United States,M,BI and Visualization
Senior,Full-time,223600,United States,L,Machine Learning and AI
Senior,Full-time,115000,United States,L,Machine Learning and AI
Senior,Full-time,166000,United States,M,Data Engineering
Senior,Full-time,73100,United States,M,Data Engineering
Mid-level,Full-time,140000,United States,M,BI and Visualization
Mid-level,Full-time,110000,United States,M,BI and Visualization
Mid-level,Full-time,130900,United States,M,Data Science and Research
Mid-level,Full-time,72700,United States,M,Data Science and Research
Senior,Full-time,333500,United States,M,Machine Learning and AI
Senior,Full-time,144000,United States,M,Machine Learning and AI
Senior,Full-time,180000,United States,M,BI and Visualization
Senior,Full-time,118200,United States,M,BI and Visualization
Senior,Full-time,354200,United States,M,Data Architecture and Modeling
Senior,Full-time,221800,United States,M,Data Architecture and Modeling
Senior,Full-time,166000,United States,M,Data Analysis
Senior,Full-time,73000,United States,M,Data Analysis
Senior,Full-time,156600,United States,M,Data Engineering
Senior,Full-time,137200,United States,M,Data Engineering
Mid-level,Full-time,149000,United States,M,Data Analysis
Mid-level,Full-time,65300,United States,M,Data Analysis
Mid-level,Full-time,187000,United States,M,Data Engineering
Mid-level,Full-time,180000,United States,M,Data Engineering
Senior,Full-time,119636,United States,M,Data Analysis
Senior,Full-time,70374,United States,M,Data Analysis
Senior,Full-time,105000,United States,M,Data Analysis
Senior,Full-time,67000,United States,M,Data Analysis
Senior,Full-time,102000,United States,M,Data Analysis
Senior,Full-time,94770,United States,M,Data Analysis
Senior,Full-time,186000,United States,M,Data Architecture and Modeling
Senior,Full-time,81800,United States,M,Data Architecture and Modeling
Entry-level,Full-time,133000,United States,M,Data Science and Research
Entry-level,Full-time,58400,United States,M,Data Science and Research
Senior,Full-time,169900,United States,M,Leadership and Management
Senior,Full-time,164100,United States,M,Leadership and Management
Senior,Full-time,305600,United States,M,Data Science and Research
Senior,Full-time,172500,United States,M,Data Science and Research
Senior,Full-time,105000,United States,M,Data Analysis
Senior,Full-time,75000,United States,M,Data Analysis
Entry-level,Full-time,37573,Netherlands,M,Leadership and Management
Entry-level,Full-time,36940,United Kingdom,L,Data Science and Research
Senior,Full-time,180240,United States,M,Machine Learning and AI
Senior,Full-time,120160,United States,M,Machine Learning and AI
Mid-level,Full-time,212000,United States,M,Data Science and Research
Mid-level,Full-time,93400,United States,M,Data Science and Research
Senior,Full-time,275000,United States,M,Machine Learning and AI
Senior,Full-time,170000,United States,M,Machine Learning and AI
Senior,Full-time,119000,United States,M,Data Science and Research
Senior,Full-time,71400,United States,M,Data Science and Research
Mid-level,Full-time,115950,United States,M,Data Analysis
Mid-level,Full-time,69570,United States,M,Data Analysis
Senior,Full-time,225100,United States,M,Data Science and Research
Senior,Full-time,140900,United States,M,Data Science and Research
Senior,Full-time,116000,United States,M,Data Science and Research
Senior,Full-time,90000,United States,M,Data Science and Research
Senior,Full-time,212000,United States,M,Data Science and Research
Senior,Full-time,93300,United States,M,Data Science and Research
Mid-level,Full-time,179000,United States,M,Machine Learning and AI
Mid-level,Full-time,144000,United States,M,Machine Learning and AI
Entry-level,Full-time,250800,United States,M,Data Science and Research
Entry-level,Full-time,167200,United States,M,Data Science and Research
Mid-level,Full-time,144000,United States,M,Data Science and Research
Mid-level,Full-time,76000,United States,M,Data Science and Research
Executive,Full-time,230000,United States,M,Leadership and Management
Executive,Full-time,180000,United States,M,Leadership and Management
Entry-level,Full-time,156450,United States,M,Data Science and Research
Entry-level,Full-time,119200,United States,M,Data Science and Research
Senior,Full-time,150000,United States,M,Data Science and Research
Senior,Full-time,130000,United States,M,Data Science and Research
Executive,Full-time,247500,United States,M,Leadership and Management
Executive,Full-time,172200,United States,M,Leadership and Management
Mid-level,Full-time,155000,United States,M,Machine Learning and AI
Mid-level,Full-time,125000,United States,M,Machine Learning and AI
Senior,Full-time,175000,United States,M,Data Engineering
Senior,Full-time,97500,United States,M,Data Engineering
Executive,Full-time,220000,United States,M,Data Science and Research
Executive,Full-time,185000,United States,M,Data Science and Research
Senior,Full-time,100000,United States,M,Data Analysis
Senior,Full-time,75000,United States,M,Data Analysis
Senior,Full-time,303050,United States,M,Data Science and Research
Senior,Full-time,202350,United States,M,Data Science and Research
Entry-level,Full-time,21593,Portugal,L,Machine Learning and AI
Senior,Full-time,201650,United States,M,Data Science and Research
Senior,Full-time,124600,United States,M,Data Science and Research
Senior,Full-time,198200,United States,M,BI and Visualization
Senior,Full-time,110200,United States,M,BI and Visualization
Senior,Full-time,212000,United States,M,Data Science and Research
Senior,Full-time,93400,United States,M,Data Science and Research
Senior,Full-time,145000,United States,M,Data Analysis
Senior,Full-time,110000,United States,M,Data Analysis
Mid-level,Full-time,89500,United States,M,BI and Visualization
Mid-level,Full-time,65000,United States,M,BI and Visualization
Senior,Full-time,328400,United States,M,Machine Learning and AI
Senior,Full-time,205600,United States,M,Machine Learning and AI
Senior,Full-time,184800,United States,M,Data Science and Research
Senior,Full-time,161900,United States,M,Data Science and Research
Entry-level,Full-time,85000,United States,M,Data Engineering
Entry-level,Full-time,61800,United States,M,Data Engineering
Mid-level,Full-time,70748,United Kingdom,M,Data Engineering
Mid-level,Full-time,67056,United Kingdom,M,Data Engineering
Entry-level,Full-time,116000,United States,M,Data Analysis
Entry-level,Full-time,72500,United States,M,Data Analysis
Senior,Full-time,215000,United States,M,Machine Learning and AI
Senior,Full-time,169850,United States,M,Machine Learning and AI
Senior,Full-time,225000,United States,M,BI and Visualization
Senior,Full-time,180000,United States,M,BI and Visualization
Senior,Full-time,147400,United States,M,Data Science and Research
Senior,Full-time,107682,United States,M,Data Science and Research
Mid-level,Full-time,225300,United States,M,Data Science and Research
Mid-level,Full-time,197400,United States,M,Data Science and Research
Senior,Full-time,160000,United States,M,Leadership and Management
Senior,Full-time,136000,United States,M,Leadership and Management
Senior,Full-time,204600,United States,M,Machine Learning and AI
Senior,Full-time,126500,United States,M,Machine Learning and AI
Senior,Full-time,210000,United States,M,Data Architecture and Modeling
Senior,Full-time,115000,United States,M,Data Architecture and Modeling
Entry-level,Full-time,86500,United States,L,Data Analysis
Entry-level,Full-time,40400,United States,L,Data Analysis
Senior,Full-time,260000,United States,L,Data Science and Research
Senior,Full-time,136000,United States,L,Data Science and Research
Senior,Full-time,329700,United States,M,Data Science and Research
Senior,Full-time,192351,United States,M,Data Science and Research
Senior,Full-time,280000,United States,M,Data Engineering
Senior,Full-time,160000,United States,M,Data Engineering
Mid-level,Full-time,106700,United States,M,BI and Visualization
Mid-level,Full-time,97000,United States,M,BI and Visualization
Senior,Full-time,175000,United States,M,Data Analysis
Senior,Full-time,150000,United States,M,Data Analysis
Senior,Full-time,145000,United States,M,Leadership and Management
Senior,Full-time,120000,United States,M,Leadership and Management
Entry-level,Full-time,88000,United States,M,Data Engineering
Entry-level,Full-time,60000,United States,M,Data Engineering
Senior,Full-time,123000,United States,M,Data Management and Strategy
Senior,Full-time,93593,United States,M,Data Management and Strategy
Senior,Full-time,276000,United States,M,Machine Learning and AI
Senior,Full-time,174000,United States,M,Machine Learning and AI
Senior,Full-time,185900,United States,M,Data Science and Research
Senior,Full-time,129300,United States,M,Data Science and Research
Senior,Full-time,222405,United States,M,Machine Learning and AI
Senior,Full-time,172800,United States,M,Machine Learning and AI
Senior,Full-time,120350,United States,M,Data Analysis
Senior,Full-time,74400,United States,M,Data Analysis
Senior,Full-time,205600,United States,L,Data Engineering
Senior,Full-time,105700,United States,L,Data Engineering
Senior,Full-time,263500,United States,M,Machine Learning and AI
Senior,Full-time,189360,United States,M,Machine Learning and AI
Senior,Full-time,192000,Canada,M,Machine Learning and AI
Senior,Full-time,124000,Canada,M,Machine Learning and AI
Senior,Full-time,230000,United States,M,Machine Learning and AI
Senior,Full-time,124000,United States,M,Machine Learning and AI
Senior,Full-time,148500,Canada,M,Data Engineering
Senior,Full-time,82500,Canada,M,Data Engineering
Senior,Full-time,184800,United States,M,Data Engineering
Senior,Full-time,161900,United States,M,Data Engineering
Senior,Full-time,310000,United States,M,Data Architecture and Modeling
Senior,Full-time,206000,United States,M,Data Architecture and Modeling
Senior,Full-time,372000,United States,M,Machine Learning and AI
Senior,Full-time,223000,United States,M,Machine Learning and AI
Senior,Full-time,172256,United Kingdom,M,Data Science and Research
Senior,Full-time,123040,United Kingdom,M,Data Science and Research
Mid-level,Full-time,95000,United States,M,Data Analysis
Mid-level,Full-time,80000,United States,M,Data Analysis
Mid-level,Full-time,131000,United States,M,Data Science and Research
Mid-level,Full-time,110000,United States,M,Data Science and Research
Mid-level,Full-time,148500,Canada,M,Data Engineering
Mid-level,Full-time,82500,Canada,M,Data Engineering
Mid-level,Full-time,133000,United States,M,Data Engineering
Mid-level,Full-time,58400,United States,M,Data Engineering
Senior,Full-time,233500,United States,M,Leadership and Management
Senior,Full-time,146000,United States,M,Leadership and Management
Senior,Full-time,300000,United States,M,Data Engineering
Senior,Full-time,130000,United States,M,Data Engineering
Senior,Full-time,280889,United States,M,Data Science and Research
Senior,Full-time,187259,United States,M,Data Science and Research
Senior,Full-time,305100,United States,M,Machine Learning and AI
Senior,Full-time,146900,United States,M,Machine Learning and AI
Entry-level,Full-time,78800,United States,M,BI and Visualization
Entry-level,Full-time,44100,United States,M,BI and Visualization
Mid-level,Full-time,166000,United States,M,Machine Learning and AI
Mid-level,Full-time,73100,United States,M,Machine Learning and AI
Senior,Full-time,150000,United States,M,Data Science and Research
Senior,Full-time,80000,United States,M,Data Science and Research
Senior,Full-time,150000,United States,M,Leadership and Management
Senior,Full-time,80000,United States,M,Leadership and Management
Senior,Full-time,170000,United States,M,Data Science and Research
Senior,Full-time,120000,United States,M,Data Science and Research
Senior,Full-time,110000,United States,M,Data Engineering
Senior,Full-time,90000,United States,M,Data Engineering
Senior,Full-time,202800,United States,L,BI and Visualization
Senior,Full-time,104300,United States,L,BI and Visualization
Executive,Full-time,272400,United States,L,Data Science and Research
Executive,Full-time,140100,United States,L,Data Science and Research
Mid-level,Full-time,154000,United States,M,Data Engineering
Mid-level,Full-time,103000,United States,M,Data Engineering
Senior,Full-time,223600,United States,L,Machine Learning and AI
Senior,Full-time,115000,United States,L,Machine Learning and AI
Mid-level,Full-time,80750,Canada,M,BI and Visualization
Mid-level,Full-time,48450,Canada,M,BI and Visualization
Entry-level,Full-time,85600,United States,M,BI and Visualization
Entry-level,Full-time,57000,United States,M,BI and Visualization
Senior,Full-time,190400,United States,M,Data Engineering
Senior,Full-time,112000,United States,M,Data Engineering
Senior,Full-time,119636,United States,M,Data Architecture and Modeling
Senior,Full-time,70374,United States,M,Data Architecture and Modeling
Senior,Full-time,304750,United States,M,Data Engineering
Senior,Full-time,160000,United States,M,Data Engineering
Mid-level,Full-time,98873,United States,M,Data Analysis
Mid-level,Full-time,58161,United States,M,Data Analysis
Senior,Full-time,138000,United States,M,Leadership and Management
Senior,Full-time,85500,United States,M,Leadership and Management
Senior,Full-time,307100,United States,M,Data Science and Research
Senior,Full-time,216800,United States,M,Data Science and Research
Senior,Full-time,153600,United States,M,Data Science and Research
Senior,Full-time,106800,United States,M,Data Science and Research
Mid-level,Full-time,250000,United States,M,Data Analysis
Mid-level,Full-time,125000,United States,M,Data Analysis
Senior,Full-time,280000,United States,M,Machine Learning and AI
Senior,Full-time,180000,United States,M,Machine Learning and AI
Executive,Full-time,160000,United States,M,Data Engineering
Executive,Full-time,130000,United States,M,Data Engineering
Senior,Full-time,180000,United States,M,Data Science and Research
Senior,Full-time,162000,United States,M,Data Science and Research
Senior,Full-time,185000,United States,L,BI and Visualization
Senior,Full-time,79600,United States,L,BI and Visualization
Senior,Full-time,164640,United States,M,Data Analysis
Senior,Full-time,131712,United States,M,Data Analysis
Mid-level,Full-time,74800,United States,M,Data Analysis
Mid-level,Full-time,63600,United States,M,Data Analysis
Mid-level,Full-time,138510,United States,M,Data Science and Research
Mid-level,Full-time,95490,United States,M,Data Science and Research
Mid-level,Full-time,92280,United Kingdom,M,Machine Learning and AI
Mid-level,Full-time,67672,United Kingdom,M,Machine Learning and AI
Senior,Full-time,280000,United States,M,Data Engineering
Senior,Full-time,160000,United States,M,Data Engineering
Senior,Full-time,170000,United States,M,Machine Learning and AI
Senior,Full-time,140000,United States,M,Machine Learning and AI
Senior,Full-time,137500,United States,M,Data Science and Research
Senior,Full-time,81500,United States,M,Data Science and Research
Senior,Full-time,253792,United States,M,Data Engineering
Senior,Full-time,158620,United States,M,Data Engineering
Senior,Full-time,259900,United States,M,BI and Visualization
Senior,Full-time,139200,United States,M,BI and Visualization
Senior,Full-time,118118,United Kingdom,M,Machine Learning and AI
Senior,Full-time,79976,United Kingdom,M,Machine Learning and AI
Senior,Full-time,293000,United States,M,Data Science and Research
Senior,Full-time,185000,United States,M,Data Science and Research
Senior,Full-time,180000,United States,M,Data Engineering
Senior,Full-time,90000,United States,M,Data Engineering
Senior,Full-time,165000,United States,M,Data Science and Research
Senior,Full-time,115500,United States,M,Data Science and Research
Senior,Full-time,110000,United States,M,Data Engineering
Senior,Full-time,70000,United States,M,Data Engineering
Mid-level,Full-time,142000,United States,M,Data Science and Research
Mid-level,Full-time,102000,United States,M,Data Science and Research
Senior,Full-time,141600,United States,M,Data Quality and Operations
Senior,Full-time,121400,United States,M,Data Quality and Operations
Senior,Full-time,240000,United States,M,Data Engineering
Senior,Full-time,170000,United States,M,Data Engineering
Senior,Full-time,222200,United States,L,Data Science and Research
Senior,Full-time,136000,United States,L,Data Science and Research
Mid-level,Full-time,55000,United States,M,Data Analysis
Mid-level,Full-time,49000,United States,M,Data Analysis
Senior,Full-time,135000,United States,M,Data Engineering
Senior,Full-time,110000,United States,M,Data Engineering
Senior,Full-time,200000,United States,M,Data Engineering
Senior,Full-time,180000,United States,M,Data Engineering
Executive,Full-time,246080,United Kingdom,M,Data Science and Research
Executive,Full-time,184560,United Kingdom,M,Data Science and Research
Senior,Full-time,168000,United States,M,Data Science and Research
Senior,Full-time,130000,United States,M,Data Science and Research
Entry-level,Full-time,105000,United States,M,Data Science and Research
Entry-level,Full-time,70000,United States,M,Data Science and Research
Senior,Full-time,105000,United States,M,Data Analysis
Senior,Full-time,100000,United States,M,Data Analysis
Senior,Full-time,243000,Canada,M,Data Engineering
Senior,Full-time,152000,Canada,M,Data Engineering
Senior,Full-time,167500,United States,M,BI and Visualization
Senior,Full-time,106500,United States,M,BI and Visualization
Senior,Full-time,79976,Gibraltar,L,Data Analysis
Senior,Full-time,115600,United States,M,BI and Visualization
Senior,Full-time,79700,United States,M,BI and Visualization
Entry-level,Full-time,281700,United States,M,Data Science and Research
Entry-level,Full-time,141100,United States,M,Data Science and Research
Senior,Full-time,173100,United States,M,Data Management and Strategy
Senior,Full-time,86900,United States,M,Data Management and Strategy
Mid-level,Full-time,258700,United States,M,Machine Learning and AI
Mid-level,Full-time,133800,United States,M,Machine Learning and AI
Mid-level,Full-time,120000,United States,M,Data Analysis
Mid-level,Full-time,85000,United States,M,Data Analysis
Mid-level,Full-time,225300,United States,M,Machine Learning and AI
Mid-level,Full-time,197400,United States,M,Machine Learning and AI
Senior,Full-time,157000,United States,M,Data Analysis
Senior,Full-time,125000,United States,M,Data Analysis
Senior,Full-time,208000,United States,M,Data Science and Research
Senior,Full-time,134000,United States,M,Data Science and Research
Mid-level,Full-time,140000,United States,M,Data Engineering
Mid-level,Full-time,65000,United States,M,Data Engineering
Senior,Full-time,258700,United States,M,Data Science and Research
Senior,Full-time,160000,United States,M,Data Science and Research
Senior,Full-time,258700,United States,M,Data Science and Research
Senior,Full-time,188200,United States,M,Data Science and Research
Mid-level,Full-time,49216,United Kingdom,M,Data Engineering
Mid-level,Full-time,49216,United Kingdom,M,Data Engineering
Mid-level,Full-time,110000,United States,M,Data Engineering
Mid-level,Full-time,73400,United States,M,Data Engineering
Senior,Full-time,183414,United States,M,Data Engineering
Senior,Full-time,183414,United States,M,Data Engineering
Senior,Full-time,130000,United States,M,Data Engineering
Senior,Full-time,97200,United States,M,Data Engineering
Senior,Full-time,299000,United States,M,Machine Learning and AI
Senior,Full-time,187000,United States,M,Machine Learning and AI
Senior,Full-time,204500,United States,M,Machine Learning and AI
Senior,Full-time,66000,United States,M,Machine Learning and AI
Senior,Full-time,190000,United States,M,Machine Learning and AI
Senior,Full-time,140000,United States,M,Machine Learning and AI
Mid-level,Full-time,170200,United States,M,Data Engineering
Mid-level,Full-time,83900,United States,M,Data Engineering
Senior,Full-time,130000,United States,M,Data Engineering
Senior,Full-time,101570,United States,M,Data Engineering
Senior,Full-time,177000,United States,M,Data Analysis
Senior,Full-time,118000,United States,M,Data Analysis
Senior,Full-time,234500,United States,M,Machine Learning and AI
Senior,Full-time,127000,United States,M,Machine Learning and AI
Senior,Full-time,114979,Australia,L,Machine Learning and AI
Senior,Full-time,287500,United States,M,Data Science and Research
Senior,Full-time,168000,United States,M,Data Science and Research
Senior,Full-time,155000,United States,M,Data Engineering
Senior,Full-time,140000,United States,M,Data Engineering
Executive,Full-time,230000,United States,M,Leadership and Management
Executive,Full-time,180000,United States,M,Leadership and Management
Senior,Full-time,153000,United States,M,Data Science and Research
Senior,Full-time,136000,United States,M,Data Science and Research
Senior,Full-time,93918,United States,M,Data Analysis
Senior,Full-time,51962,United States,M,Data Analysis
Senior,Full-time,254000,United States,M,Machine Learning and AI
Senior,Full-time,200000,United States,M,Machine Learning and AI
Senior,Full-time,214500,United States,M,Data Engineering
Senior,Full-time,134500,United States,M,Data Engineering
Senior,Full-time,136000,United States,M,Data Science and Research
Senior,Full-time,104000,United States,M,Data Science and Research
Mid-level,Full-time,110000,United States,M,Data Analysis
Mid-level,Full-time,90000,United States,M,Data Analysis
Senior,Full-time,145000,United States,M,Data Engineering
Senior,Full-time,115000,United States,M,Data Engineering
Mid-level,Full-time,143000,United States,M,Data Science and Research
Mid-level,Full-time,117000,United States,M,Data Science and Research
Senior,Full-time,216000,United States,M,Data Science and Research
Senior,Full-time,184000,United States,M,Data Science and Research
Senior,Full-time,324000,United States,M,Machine Learning and AI
Senior,Full-time,159000,United States,M,Machine Learning and AI
Senior,Full-time,130000,United States,M,Data Science and Research
Senior,Full-time,110000,United States,M,Data Science and Research
Mid-level,Full-time,73824,United Kingdom,M,Data Science and Research
Mid-level,Full-time,55368,United Kingdom,M,Data Science and Research
Senior,Full-time,370000,United States,M,Data Science and Research
Senior,Full-time,200000,United States,M,Data Science and Research
Senior,Full-time,275300,United States,M,Data Science and Research
Senior,Full-time,183500,United States,M,Data Science and Research
Senior,Full-time,230000,United States,M,Data Science and Research
Senior,Full-time,196000,United States,M,Data Science and Research
Senior,Full-time,253000,United States,M,Machine Learning and AI
Senior,Full-time,172040,United States,M,Machine Learning and AI
Senior,Full-time,234000,United States,M,Data Engineering
Senior,Full-time,178000,United States,M,Data Engineering
Senior,Full-time,164000,United States,M,Data Science and Research
Senior,Full-time,130000,United States,M,Data Science and Research
Mid-level,Full-time,109238,United States,M,BI and Visualization
Mid-level,Full-time,68274,United States,M,BI and Visualization
Mid-level,Full-time,57223,France,M,Data Engineering
Mid-level,Full-time,51824,France,M,Data Engineering
Entry-level,Full-time,80800,United States,M,Data Analysis
Entry-level,Full-time,53800,United States,M,Data Analysis
Senior,Full-time,258900,United States,M,Data Engineering
Senior,Full-time,176080,United States,M,Data Engineering
Mid-level,Full-time,70748,United Kingdom,M,Data Engineering
Mid-level,Full-time,67056,United Kingdom,M,Data Engineering
Mid-level,Full-time,120000,United States,M,BI and Visualization
Mid-level,Full-time,110000,United States,M,BI and Visualization
Senior,Full-time,309000,United States,M,Machine Learning and AI
Senior,Full-time,142000,United States,M,Machine Learning and AI
Senior,Full-time,201650,United States,M,Data Science and Research
Senior,Full-time,124600,United States,M,Data Science and Research
Mid-level,Full-time,65000,United States,M,Data Quality and Operations
Mid-level,Full-time,60000,United States,M,Data Quality and Operations
Senior,Full-time,132100,United States,M,Data Engineering
Senior,Full-time,68400,United States,M,Data Engineering
Senior,Full-time,145000,United States,M,Data Analysis
Senior,Full-time,110000,United States,M,Data Analysis
Senior,Full-time,160000,United States,M,BI and Visualization
Senior,Full-time,140000,United States,M,BI and Visualization
Mid-level,Full-time,87500,United States,M,Data Analysis
Mid-level,Full-time,62500,United States,M,Data Analysis
Senior,Full-time,142000,United States,M,Data Analysis
Senior,Full-time,128000,United States,M,Data Analysis
Senior,Full-time,160000,United States,M,Data Engineering
Senior,Full-time,130000,United States,M,Data Engineering
Senior,Full-time,155000,United States,M,Data Science and Research
Senior,Full-time,139500,United States,M,Data Science and Research
Senior,Full-time,202800,United States,L,BI and Visualization
Senior,Full-time,104300,United States,L,BI and Visualization
Senior,Full-time,221000,United States,M,Machine Learning and AI
Senior,Full-time,129000,United States,M,Machine Learning and AI
Senior,Full-time,259000,United States,M,Data Engineering
Senior,Full-time,138750,United States,M,Data Engineering
Senior,Full-time,120000,United States,M,Data Science and Research
Senior,Full-time,100000,United States,M,Data Science and Research
Senior,Full-time,155000,United States,M,Data Science and Research
Senior,Full-time,130000,United States,M,Data Science and Research
Senior,Full-time,247300,United States,M,Data Engineering
Senior,Full-time,139700,United States,M,Data Engineering
Senior,Full-time,215000,United States,M,Data Science and Research
Senior,Full-time,182750,United States,M,Data Science and Research
Senior,Full-time,248100,United States,M,Data Science and Research
Senior,Full-time,145900,United States,M,Data Science and Research
Senior,Full-time,207000,United States,M,Data Science and Research
Senior,Full-time,141000,United States,M,Data Science and Research
Mid-level,Full-time,90000,United States,M,Data Science and Research
Mid-level,Full-time,55000,United States,M,Data Science and Research
Senior,Full-time,247300,United States,M,Data Engineering
Senior,Full-time,139700,United States,M,Data Engineering
Entry-level,Full-time,36000,United States,M,Machine Learning and AI
Mid-level,Full-time,300000,United States,M,Data Science and Research
Mid-level,Full-time,100000,United States,M,Data Science and Research
Mid-level,Full-time,300000,United States,M,Data Science and Research
Mid-level,Full-time,100000,United States,M,Data Science and Research
Mid-level,Full-time,116700,United States,M,Data Analysis
Mid-level,Full-time,93400,United States,M,Data Analysis
Entry-level,Full-time,80000,United States,M,Data Analysis
Entry-level,Full-time,50000,United States,M,Data Analysis
Mid-level,Full-time,179000,United States,M,Data Science and Research
Mid-level,Full-time,176490,United States,M,Data Science and Research
Senior,Full-time,195000,United States,M,Data Science and Research
Senior,Full-time,143750,United States,M,Data Science and Research
Mid-level,Full-time,180000,United States,M,Data Science and Research
Mid-level,Full-time,162000,United States,M,Data Science and Research
Senior,Full-time,199000,United States,M,Data Science and Research
Senior,Full-time,196760,United States,M,Data Science and Research
Senior,Full-time,90000,Colombia,M,Machine Learning and AI
Senior,Full-time,70000,Colombia,M,Machine Learning and AI
Senior,Full-time,324000,United States,M,Machine Learning and AI
Senior,Full-time,159000,United States,M,Machine Learning and AI
Senior,Full-time,222000,United States,M,Data Engineering
Senior,Full-time,159000,United States,M,Data Engineering
Senior,Full-time,175000,United States,M,Data Analysis
Senior,Full-time,150000,United States,M,Data Analysis
Entry-level,Full-time,50000,Ukraine,M,Machine Learning and AI
Senior,Full-time,70179,United States,L,Machine Learning and AI
Mid-level,Full-time,110000,United States,M,BI and Visualization
Mid-level,Full-time,75000,United States,M,BI and Visualization
Mid-level,Full-time,46426,Slovenia,M,Data Analysis
Mid-level,Full-time,38868,Slovenia,M,Data Analysis
Senior,Full-time,220000,United States,M,Machine Learning and AI
Senior,Full-time,80000,United States,M,Machine Learning and AI
Mid-level,Full-time,167500,United States,M,Data Engineering
Mid-level,Full-time,106500,United States,M,Data Engineering
Mid-level,Full-time,150000,United States,M,Data Science and Research
Mid-level,Full-time,130000,United States,M,Data Science and Research
Senior,Full-time,150000,United States,M,Data Engineering
Senior,Full-time,130000,United States,M,Data Engineering
Senior,Full-time,126500,United States,M,Data Analysis
Senior,Full-time,78000,United States,M,Data Analysis
Senior,Full-time,185900,United States,M,Data Science and Research
Senior,Full-time,129300,United States,M,Data Science and Research
Executive,Full-time,250000,United States,M,Leadership and Management
Executive,Full-time,222000,United States,M,Leadership and Management
Senior,Full-time,145000,United States,M,Leadership and Management
Senior,Full-time,120000,United States,M,Leadership and Management
Senior,Full-time,150000,United States,M,Data Analysis
Senior,Full-time,120000,United States,M,Data Analysis
Mid-level,Full-time,204500,United States,M,Data Science and Research
Mid-level,Full-time,142200,United States,M,Data Science and Research
Senior,Full-time,297000,United States,M,Data Science and Research
Senior,Full-time,138000,United States,M,Data Science and Research
Mid-level,Full-time,147600,United States,M,Data Analysis
Mid-level,Full-time,106300,United States,M,Data Analysis
Senior,Full-time,247300,United States,M,Data Engineering
Senior,Full-time,139700,United States,M,Data Engineering
Senior,Full-time,102586,United Kingdom,M,Data Analysis
Senior,Full-time,79981,United Kingdom,M,Data Analysis
Senior,Full-time,131250,United States,M,Data Science and Research
Senior,Full-time,128100,United States,M,Data Science and Research
Senior,Full-time,116000,United States,M,Data Science and Research
Senior,Full-time,90000,United States,M,Data Science and Research
Executive,Full-time,174500,United States,M,Data Engineering
Executive,Full-time,113000,United States,M,Data Engineering
Entry-level,Full-time,56500,United States,L,Data Analysis
Senior,Full-time,38868,Romania,M,Machine Learning and AI
Senior,Full-time,227000,United States,M,Data Science and Research
Senior,Full-time,185000,United States,M,Data Science and Research
Mid-level,Full-time,230000,United States,M,Machine Learning and AI
Mid-level,Full-time,160000,United States,M,Machine Learning and AI
Senior,Full-time,185000,United States,M,Data Engineering
Senior,Full-time,150000,United States,M,Data Engineering
Senior,Full-time,138300,United States,M,Data Engineering
Senior,Full-time,110700,United States,M,Data Engineering
Senior,Full-time,185000,United States,L,BI and Visualization
Senior,Full-time,79600,United States,L,BI and Visualization
Senior,Full-time,208500,United States,M,Data Science and Research
Senior,Full-time,165000,United States,M,Data Science and Research
Senior,Full-time,100000,United States,M,Data Analysis
Senior,Full-time,75000,United States,M,Data Analysis
Senior,Full-time,185000,United States,M,Data Architecture and Modeling
Senior,Full-time,150000,United States,M,Data Architecture and Modeling
Senior,Full-time,48585,Spain,M,Data Science and Research
Senior,Full-time,38868,Spain,M,Data Science and Research
Senior,Full-time,137500,United States,M,Data Science and Research
Senior,Full-time,81500,United States,M,Data Science and Research
Senior,Full-time,130000,United States,M,BI and Visualization
Senior,Full-time,80000,United States,M,BI and Visualization
Senior,Full-time,230000,United States,M,Data Science and Research
Senior,Full-time,196000,United States,M,Data Science and Research
Senior,Full-time,202800,United States,L,BI and Visualization
Senior,Full-time,104300,United States,L,BI and Visualization
Senior,Full-time,216000,United States,M,Data Science and Research
Senior,Full-time,184000,United States,M,Data Science and Research
Senior,Full-time,212175,United States,M,Data Engineering
Senior,Full-time,156000,United States,M,Data Engineering
Senior,Full-time,184000,United States,M,Data Engineering
Senior,Full-time,123000,United States,M,Data Engineering
Mid-level,Full-time,111151,United States,M,Data Analysis
Mid-level,Full-time,66691,United States,M,Data Analysis
Senior,Full-time,190000,United States,M,Data Science and Research
Senior,Full-time,138700,United States,M,Data Science and Research
Senior,Full-time,95040,United States,M,Data Analysis
Senior,Full-time,59400,United States,M,Data Analysis
Senior,Full-time,197802,United States,M,Machine Learning and AI
Senior,Full-time,156453,United States,M,Machine Learning and AI
Senior,Full-time,308000,United States,M,Data Science and Research
Senior,Full-time,144000,United States,M,Data Science and Research
Senior,Full-time,172000,United States,M,Data Quality and Operations
Senior,Full-time,140000,United States,M,Data Quality and Operations
Mid-level,Full-time,89819,United Kingdom,M,Data Engineering
Mid-level,Full-time,72593,United Kingdom,M,Data Engineering
Senior,Full-time,185000,United States,M,Data Architecture and Modeling
Senior,Full-time,150000,United States,M,Data Architecture and Modeling
Mid-level,Full-time,154000,United States,M,Data Engineering
Mid-level,Full-time,103000,United States,M,Data Engineering
Senior,Full-time,180000,United States,M,Data Engineering
Senior,Full-time,122400,United States,M,Data Engineering
Mid-level,Full-time,80000,United States,M,Data Science and Research
Mid-level,Full-time,70000,United States,M,Data Science and Research
Senior,Full-time,120000,United States,M,Data Analysis
Senior,Full-time,90000,United States,M,Data Analysis
Senior,Full-time,227500,United States,M,Data Engineering
Senior,Full-time,147500,United States,M,Data Engineering
Mid-level,Full-time,150000,United States,M,Machine Learning and AI
Mid-level,Full-time,50000,United States,M,Machine Learning and AI
Mid-level,Full-time,73824,United Kingdom,M,Data Engineering
Mid-level,Full-time,55368,United Kingdom,M,Data Engineering
Senior,Full-time,220000,United States,M,Data Science and Research
Senior,Full-time,180000,United States,M,Data Science and Research
Senior,Full-time,331640,United States,M,Machine Learning and AI
Senior,Full-time,267720,United States,M,Machine Learning and AI
Mid-level,Full-time,190000,United States,M,Data Engineering
Mid-level,Full-time,130000,United States,M,Data Engineering
Senior,Full-time,160000,United States,M,Data Engineering
Senior,Full-time,130000,United States,M,Data Engineering
Mid-level,Full-time,150000,United States,M,Data Engineering
Mid-level,Full-time,50000,United States,M,Data Engineering
Mid-level,Full-time,172200,United States,M,Leadership and Management
Mid-level,Full-time,131200,United States,M,Leadership and Management
Senior,Full-time,250000,United States,M,Data Management and Strategy
Senior,Full-time,100000,United States,M,Data Management and Strategy
Senior,Full-time,178000,United States,M,Data Engineering
Senior,Full-time,165000,United States,M,Data Engineering
Senior,Full-time,202800,United States,L,BI and Visualization
Senior,Full-time,104300,United States,L,BI and Visualization
Senior,Full-time,155000,United States,M,Data Analysis
Senior,Full-time,120000,United States,M,Data Analysis
Senior,Full-time,280000,United States,M,Data Analysis
Senior,Full-time,200000,United States,M,Data Analysis
Senior,Full-time,184000,United States,M,Data Engineering
Senior,Full-time,123000,United States,M,Data Engineering
Senior,Full-time,202800,United States,L,BI and Visualization
Senior,Full-time,104300,United States,L,BI and Visualization
Mid-level,Full-time,73824,United Kingdom,M,Leadership and Management
Mid-level,Full-time,67672,United Kingdom,M,Leadership and Management
Senior,Full-time,290000,United States,M,Data Science and Research
Senior,Full-time,173200,United States,M,Data Science and Research
Senior,Full-time,235000,United States,M,Data Science and Research
Senior,Full-time,204000,United States,M,Data Science and Research
Senior,Full-time,300000,United States,M,Machine Learning and AI
Senior,Full-time,222000,United States,M,Machine Learning and AI
Senior,Full-time,160000,United States,M,Leadership and Management
Senior,Full-time,136000,United States,M,Leadership and Management
Senior,Full-time,206000,United States,M,Data Architecture and Modeling
Senior,Full-time,134000,United States,M,Data Architecture and Modeling
Senior,Full-time,155000,Canada,M,Data Science and Research
Senior,Full-time,105000,Canada,M,Data Science and Research
Senior,Full-time,287500,United States,M,Machine Learning and AI
Senior,Full-time,212500,United States,M,Machine Learning and AI
Senior,Full-time,190027,United States,M,Machine Learning and AI
Senior,Full-time,152022,United States,M,Machine Learning and AI
Entry-level,Full-time,19434,Greece,L,Data Science and Research
Mid-level,Full-time,130000,United States,M,Data Engineering
Mid-level,Full-time,100000,United States,M,Data Engineering
Mid-level,Full-time,250000,United States,M,Data Engineering
Mid-level,Full-time,125000,United States,M,Data Engineering
Mid-level,Full-time,131000,Colombia,M,Data Engineering
Mid-level,Full-time,88000,Colombia,M,Data Engineering
Entry-level,Full-time,80000,United States,M,Data Analysis
Entry-level,Full-time,50000,United States,M,Data Analysis
Senior,Full-time,198000,United States,M,Machine Learning and AI
Senior,Full-time,132000,United States,M,Machine Learning and AI
Senior,Full-time,125000,United States,M,BI and Visualization
Senior,Full-time,115000,United States,M,BI and Visualization
Senior,Full-time,184000,United States,M,Data Engineering
Senior,Full-time,123000,United States,M,Data Engineering
Senior,Full-time,145000,United States,M,Leadership and Management
Senior,Full-time,130000,United States,M,Leadership and Management
Senior,Full-time,170700,United States,M,Machine Learning and AI
Senior,Full-time,113900,United States,M,Machine Learning and AI
Senior,Full-time,184000,United States,M,Data Engineering
Senior,Full-time,123000,United States,M,Data Engineering
Senior,Full-time,280000,United States,M,Machine Learning and AI
Senior,Full-time,200000,United States,M,Machine Learning and AI
Senior,Full-time,185000,United States,L,Data Engineering
Senior,Full-time,81000,United States,L,Data Engineering
Senior,Full-time,220000,United States,M,Machine Learning and AI
Senior,Full-time,80000,United States,M,Machine Learning and AI
Senior,Full-time,185000,United States,M,Data Science and Research
Senior,Full-time,123000,United States,M,Data Science and Research
Executive,Full-time,80000,United States,M,Leadership and Management
Executive,Full-time,75000,United States,M,Leadership and Management
Mid-level,Full-time,150000,United States,M,Data Science and Research
Mid-level,Full-time,130000,United States,M,Data Science and Research
Mid-level,Full-time,53000,United States,M,Data Analysis
Mid-level,Full-time,48000,United States,M,Data Analysis
Mid-level,Full-time,369120,United Kingdom,M,Leadership and Management
Mid-level,Full-time,73824,United Kingdom,M,Leadership and Management
Mid-level,Full-time,150000,United States,M,Data Science and Research
Mid-level,Full-time,125000,United States,M,Data Science and Research
Senior,Full-time,150000,United States,M,Data Science and Research
Senior,Full-time,130000,United States,M,Data Science and Research
Mid-level,Full-time,70748,United Kingdom,M,Data Engineering
Mid-level,Full-time,67056,United Kingdom,M,Data Engineering
Senior,Full-time,190000,United States,M,Data Engineering
Senior,Full-time,170000,United States,M,Data Engineering
Senior,Full-time,125000,United States,M,Data Analysis
Senior,Full-time,115000,United States,M,Data Analysis
Senior,Full-time,130000,United States,M,Data Engineering
Senior,Full-time,101570,United States,M,Data Engineering
Mid-level,Full-time,150000,United States,M,Data Engineering
Mid-level,Full-time,115000,United States,M,Data Engineering
Senior,Full-time,184000,United States,M,Data Engineering
Senior,Full-time,123000,United States,M,Data Engineering
Senior,Full-time,194000,United States,M,Machine Learning and AI
Senior,Full-time,175000,United States,M,Machine Learning and AI
Senior,Full-time,185000,United States,M,Data Analysis
Senior,Full-time,160000,United States,M,Data Analysis
Senior,Full-time,185000,United States,M,Data Engineering
Senior,Full-time,50000,United States,M,Data Engineering
Executive,Full-time,80000,United States,M,Leadership and Management
Executive,Full-time,70000,United States,M,Leadership and Management
Senior,Full-time,254000,United States,M,Machine Learning and AI
Senior,Full-time,200000,United States,M,Machine Learning and AI
Entry-level,Full-time,130916,United States,M,Data Engineering
Entry-level,Full-time,120000,United States,M,Data Engineering
Senior,Full-time,160000,United States,M,Data Science and Research
Senior,Full-time,130000,United States,M,Data Science and Research
Senior,Full-time,218213,United States,M,Data Science and Research
Senior,Full-time,178538,United States,M,Data Science and Research
Mid-level,Full-time,222200,United States,L,Data Science and Research
Mid-level,Full-time,136000,United States,L,Data Science and Research
Senior,Full-time,316000,United States,M,Data Science and Research
Senior,Full-time,202000,United States,M,Data Science and Research
Mid-level,Full-time,222200,United States,L,Data Science and Research
Mid-level,Full-time,136000,United States,L,Data Science and Research
Senior,Full-time,189750,United States,M,Data Science and Research
Senior,Full-time,119213,United States,M,Data Science and Research
Senior,Full-time,162000,United States,M,Leadership and Management
Senior,Full-time,130000,United States,M,Leadership and Management
Senior,Full-time,170200,United States,M,BI and Visualization
Senior,Full-time,83900,United States,M,BI and Visualization
Senior,Full-time,202800,United States,L,BI and Visualization
Senior,Full-time,104300,United States,L,BI and Visualization
Senior,Full-time,250944,United States,M,Machine Learning and AI
Senior,Full-time,205318,United States,M,Machine Learning and AI
Senior,Full-time,155000,United States,M,Data Engineering
Senior,Full-time,125000,United States,M,Data Engineering
Senior,Full-time,135000,United States,M,Data Science and Research
Senior,Full-time,114000,United States,M,Data Science and Research
Senior,Full-time,218213,United States,M,Data Science and Research
Senior,Full-time,178538,United States,M,Data Science and Research
Senior,Full-time,240000,United States,M,Data Science and Research
Senior,Full-time,163200,United States,M,Data Science and Research
Senior,Full-time,258800,United States,M,Machine Learning and AI
Senior,Full-time,199200,United States,M,Machine Learning and AI
Senior,Full-time,215625,United States,M,Data Science and Research
Senior,Full-time,159375,United States,M,Data Science and Research
Mid-level,Full-time,155000,United States,M,Machine Learning and AI
Mid-level,Full-time,125000,United States,M,Machine Learning and AI
Senior,Full-time,170000,United States,M,Data Engineering
Senior,Full-time,100000,United States,M,Data Engineering
Senior,Full-time,234000,United States,M,Machine Learning and AI
Senior,Full-time,208000,United States,M,Machine Learning and AI
Senior,Full-time,203000,United States,M,Data Science and Research
Senior,Full-time,133000,United States,M,Data Science and Research
Senior,Full-time,272400,United States,L,Data Science and Research
Senior,Full-time,140100,United States,L,Data Science and Research
Senior,Full-time,282000,United States,M,Data Engineering
Senior,Full-time,208000,United States,M,Data Engineering
Senior,Full-time,93919,United States,M,Data Analysis
Senior,Full-time,51962,United States,M,Data Analysis
Senior,Full-time,211000,United States,M,Data Science and Research
Senior,Full-time,185000,United States,M,Data Science and Research
Senior,Full-time,118800,United States,M,BI and Visualization
Senior,Full-time,75000,United States,M,BI and Visualization
Senior,Full-time,159350,United States,M,Machine Learning and AI
Senior,Full-time,130100,United States,M,Machine Learning and AI
Senior,Full-time,262000,United States,M,Data Science and Research
Senior,Full-time,245000,United States,M,Data Science and Research
Senior,Full-time,190000,United States,M,Data Science and Research
Senior,Full-time,150000,United States,M,Data Science and Research
Senior,Full-time,205218,United States,M,Leadership and Management
Senior,Full-time,136743,United States,M,Leadership and Management
Senior,Full-time,185000,United States,L,Data Science and Research
Senior,Full-time,94600,United States,L,Data Science and Research
Senior,Full-time,160000,United States,M,Data Science and Research
Senior,Full-time,107000,United States,M,Data Science and Research
Senior,Full-time,264400,United States,M,Machine Learning and AI
Senior,Full-time,176300,United States,M,Machine Learning and AI
Senior,Full-time,160000,United States,M,Data Science and Research
Senior,Full-time,107000,United States,M,Data Science and Research
Senior,Full-time,275000,United States,M,Data Science and Research
Senior,Full-time,175000,United States,M,Data Science and Research
Entry-level,Full-time,76000,United States,L,Machine Learning and AI
Mid-level,Full-time,53984,Portugal,M,Data Analysis
Mid-level,Full-time,43187,Portugal,M,Data Analysis
Entry-level,Full-time,80800,United States,M,Data Analysis
Entry-level,Full-time,53800,United States,M,Data Analysis
Mid-level,Full-time,150000,United States,M,BI and Visualization
Mid-level,Full-time,125000,United States,M,BI and Visualization
Senior,Full-time,210000,United States,M,Data Science and Research
Senior,Full-time,180000,United States,M,Data Science and Research
Senior,Full-time,210000,United States,M,Data Engineering
Senior,Full-time,155000,United States,M,Data Engineering
Senior,Full-time,169500,United States,M,Data Science and Research
Senior,Full-time,138000,United States,M,Data Science and Research
Senior,Full-time,226700,United States,M,Data Engineering
Senior,Full-time,133300,United States,M,Data Engineering
Senior,Full-time,278700,United States,M,Data Science and Research
Senior,Full-time,159300,United States,M,Data Science and Research
Mid-level,Full-time,180000,United States,M,Machine Learning and AI
Mid-level,Full-time,120000,United States,M,Machine Learning and AI
Senior,Full-time,125000,United States,M,BI and Visualization
Senior,Full-time,115000,United States,M,BI and Visualization
Senior,Full-time,297300,United States,M,Data Science and Research
Senior,Full-time,198200,United States,M,Data Science and Research
Senior,Full-time,204500,United States,M,Data Science and Research
Senior,Full-time,138900,United States,M,Data Science and Research
Senior,Full-time,110400,United States,M,Leadership and Management
Senior,Full-time,68000,United States,M,Leadership and Management
Mid-level,Full-time,260600,United States,M,Data Science and Research
Mid-level,Full-time,170500,United States,M,Data Science and Research
Entry-level,Full-time,63750,United States,M,Data Management and Strategy
Entry-level,Full-time,46400,United States,M,Data Management and Strategy
Senior,Full-time,214872,United States,M,Data Science and Research
Senior,Full-time,186846,United States,M,Data Science and Research
Mid-level,Full-time,95000,United States,M,Data Analysis
Mid-level,Full-time,70600,United States,M,Data Analysis
Mid-level,Full-time,149500,United States,M,Data Analysis
Mid-level,Full-time,127075,United States,M,Data Analysis
Senior,Full-time,162000,United States,M,Data Engineering
Senior,Full-time,111000,United States,M,Data Engineering
Senior,Full-time,280000,United States,M,Machine Learning and AI
Senior,Full-time,182750,United States,M,Machine Learning and AI
Senior,Full-time,212800,United States,L,Data Science and Research
Senior,Full-time,124100,United States,L,Data Science and Research
Senior,Full-time,196000,United States,M,Data Science and Research
Senior,Full-time,142600,United States,M,Data Science and Research
Senior,Full-time,185000,United States,L,BI and Visualization
Senior,Full-time,79600,United States,L,BI and Visualization
Senior,Full-time,193000,United States,M,Data Architecture and Modeling
Senior,Full-time,110000,United States,M,Data Architecture and Modeling
Senior,Full-time,245000,United States,M,Data Science and Research
Senior,Full-time,185000,United States,M,Data Science and Research
Mid-level,Full-time,154000,United States,M,Data Engineering
Mid-level,Full-time,103000,United States,M,Data Engineering
Senior,Full-time,80000,United States,M,Data Analysis
Senior,Full-time,70000,United States,M,Data Analysis
Executive,Full-time,250000,United States,M,Data Engineering
Executive,Full-time,225000,United States,M,Data Engineering
Senior,Full-time,90000,United States,M,Data Analysis
Senior,Full-time,80000,United States,M,Data Analysis
Mid-level,Full-time,61520,United Kingdom,M,Data Analysis
Mid-level,Full-time,49216,United Kingdom,M,Data Analysis
Senior,Full-time,205000,United States,M,Data Engineering
Senior,Full-time,167500,United States,M,Data Engineering
Senior,Full-time,202600,United States,M,Data Science and Research
Senior,Full-time,168800,United States,M,Data Science and Research
Senior,Full-time,164000,United States,M,Data Science and Research
Senior,Full-time,130000,United States,M,Data Science and Research
Senior,Full-time,240000,Ukraine,M,Machine Learning and AI
Senior,Full-time,220000,Ukraine,M,Machine Learning and AI
Senior,Full-time,168000,United States,M,Data Science and Research
Senior,Full-time,130000,United States,M,Data Science and Research
Senior,Full-time,185900,United States,M,Data Engineering
Senior,Full-time,129300,United States,M,Data Engineering
Senior,Full-time,297300,United States,M,Machine Learning and AI
Senior,Full-time,198200,United States,M,Machine Learning and AI
Senior,Full-time,190000,United States,M,Machine Learning and AI
Senior,Full-time,156000,United States,M,Machine Learning and AI
Senior,Full-time,205000,United States,M,Machine Learning and AI
Senior,Full-time,152000,United States,M,Machine Learning and AI
Senior,Full-time,196500,United States,M,Data Science and Research
Senior,Full-time,97300,United States,M,Data Science and Research
Senior,Full-time,260000,United States,M,Machine Learning and AI
Senior,Full-time,192000,United States,M,Machine Learning and AI
Senior,Full-time,216000,United States,M,Data Science and Research
Senior,Full-time,184000,United States,M,Data Science and Research
Senior,Full-time,192000,United States,M,Machine Learning and AI
Senior,Full-time,164000,United States,M,Machine Learning and AI
Senior,Full-time,227700,United States,M,Machine Learning and AI
Senior,Full-time,154836,United States,M,Machine Learning and AI
Senior,Full-time,160000,United States,M,Data Science and Research
Senior,Full-time,140000,United States,M,Data Science and Research
Senior,Full-time,168000,United States,M,Data Science and Research
Senior,Full-time,130000,United States,M,Data Science and Research
Mid-level,Full-time,285000,United States,L,Machine Learning and AI
Mid-level,Full-time,190000,United States,L,Machine Learning and AI
Mid-level,Full-time,405000,United States,L,Data Science and Research
Mid-level,Full-time,270000,United States,L,Data Science and Research
Mid-level,Full-time,214300,United States,M,Data Engineering
Mid-level,Full-time,108500,United States,M,Data Engineering
Mid-level,Full-time,145000,United States,M,Data Science and Research
Mid-level,Full-time,115000,United States,M,Data Science and Research
Mid-level,Full-time,130000,United States,M,Data Science and Research
Mid-level,Full-time,113000,United States,M,Data Science and Research
Senior,Full-time,194500,United States,M,Data Science and Research
Senior,Full-time,110250,United States,M,Data Science and Research
Senior,Full-time,295000,United States,M,Data Science and Research
Senior,Full-time,177300,United States,M,Data Science and Research
Mid-level,Full-time,55368,United Kingdom,M,Data Analysis
Mid-level,Full-time,44294,United Kingdom,M,Data Analysis
Senior,Full-time,136000,United States,M,Data Science and Research
Senior,Full-time,104000,United States,M,Data Science and Research
Mid-level,Full-time,222200,United States,L,Data Science and Research
Mid-level,Full-time,136000,United States,L,Data Science and Research
Senior,Full-time,192000,United States,M,Data Science and Research
Senior,Full-time,164000,United States,M,Data Science and Research
Entry-level,Full-time,220000,United States,M,Data Engineering
Entry-level,Full-time,187000,United States,M,Data Engineering
Executive,Full-time,353200,United States,M,Data Science and Research
Executive,Full-time,249300,United States,M,Data Science and Research
Senior,Full-time,85000,United States,M,Data Analysis
Senior,Full-time,79000,United States,M,Data Analysis
Senior,Full-time,214500,United States,M,Machine Learning and AI
Senior,Full-time,132600,United States,M,Machine Learning and AI
Senior,Full-time,131000,United States,M,Data Engineering
Senior,Full-time,130000,United States,M,Data Engineering
Senior,Full-time,153600,United States,M,Data Science and Research
Senior,Full-time,106800,United States,M,Data Science and Research
Senior,Full-time,220000,United States,M,Data Science and Research
Senior,Full-time,163000,United States,M,Data Science and Research
Senior,Full-time,168000,United States,M,Data Science and Research
Senior,Full-time,130000,United States,M,Data Science and Research
Senior,Full-time,107400,United States,M,Data Science and Research
Senior,Full-time,101500,United States,M,Data Science and Research
Executive,Full-time,80000,United States,M,Leadership and Management
Executive,Full-time,70000,United States,M,Leadership and Management
Mid-level,Full-time,80976,France,M,Data Engineering
Mid-level,Full-time,300000,United States,M,Data Science and Research
Mid-level,Full-time,100000,United States,M,Data Science and Research
Senior,Full-time,175000,United States,M,Data Architecture and Modeling
Senior,Full-time,135000,United States,M,Data Architecture and Modeling
Senior,Full-time,164000,United States,M,Data Science and Research
Senior,Full-time,130000,United States,M,Data Science and Research
Senior,Full-time,300000,United States,M,Data Science and Research
Senior,Full-time,211000,United States,M,Data Science and Research
Senior,Full-time,276000,United States,M,Machine Learning and AI
Senior,Full-time,184000,United States,M,Machine Learning and AI
Mid-level,Full-time,115000,United States,M,Data Analysis
Mid-level,Full-time,110000,United States,M,Data Analysis
Senior,Full-time,139810,United States,M,Data Engineering
Senior,Full-time,95325,United States,M,Data Engineering
Senior,Full-time,167000,United States,M,Data Analysis
Senior,Full-time,150000,United States,M,Data Analysis
Senior,Full-time,144000,United States,M,Data Engineering
Senior,Full-time,96000,United States,M,Data Engineering
Senior,Full-time,140000,United States,M,Data Engineering
Senior,Full-time,125000,United States,M,Data Engineering
Senior,Full-time,145000,United States,M,Leadership and Management
Senior,Full-time,116000,United States,M,Leadership and Management
Senior,Full-time,161000,United States,M,Data Science and Research
Senior,Full-time,116300,United States,M,Data Science and Research
Senior,Full-time,140000,United States,M,Data Analysis
Senior,Full-time,125000,United States,M,Data Analysis
Senior,Full-time,175564,United States,M,Data Architecture and Modeling
Senior,Full-time,144854,United States,M,Data Architecture and Modeling
Senior,Full-time,225000,United States,M,Machine Learning and AI
Senior,Full-time,166000,United States,M,Machine Learning and AI
Senior,Full-time,190000,United States,M,Leadership and Management
Senior,Full-time,150000,United States,M,Leadership and Management
Senior,Full-time,225000,United States,M,Machine Learning and AI
Senior,Full-time,166000,United States,M,Machine Learning and AI
Senior,Full-time,151300,United States,M,Data Science and Research
Senior,Full-time,126100,United States,M,Data Science and Research
Senior,Full-time,190000,United States,M,Data Science and Research
Senior,Full-time,152000,United States,M,Data Science and Research
Senior,Full-time,202600,United States,M,Data Science and Research
Senior,Full-time,168800,United States,M,Data Science and Research
Senior,Full-time,190000,United States,M,Machine Learning and AI
Senior,Full-time,150000,United States,M,Machine Learning and AI
Executive,Full-time,180000,United States,M,Data Analysis
Executive,Full-time,125000,United States,M,Data Analysis
Senior,Full-time,113000,United States,M,BI and Visualization
Senior,Full-time,90400,United States,M,BI and Visualization
Senior,Full-time,204300,United States,M,BI and Visualization
Senior,Full-time,139000,United States,M,BI and Visualization
Senior,Full-time,282000,United States,M,Data Engineering
Senior,Full-time,208000,United States,M,Data Engineering
Senior,Full-time,185000,United States,M,Data Engineering
Senior,Full-time,124000,United States,M,Data Engineering
Senior,Full-time,240000,United States,M,Data Science and Research
Senior,Full-time,157000,United States,M,Data Science and Research
Senior,Full-time,212800,United States,L,Machine Learning and AI
Senior,Full-time,111600,United States,L,Machine Learning and AI
Senior,Full-time,183000,United States,M,Data Architecture and Modeling
Senior,Full-time,147000,United States,M,Data Architecture and Modeling
Senior,Full-time,169000,United States,M,Data Engineering
Senior,Full-time,91000,United States,M,Data Engineering
Senior,Full-time,210000,United States,M,Data Architecture and Modeling
Senior,Full-time,160000,United States,M,Data Architecture and Modeling
Mid-level,Full-time,70900,United States,M,Data Analysis
Mid-level,Full-time,49000,United States,M,Data Analysis
Senior,Full-time,193000,United States,M,Data Architecture and Modeling
Senior,Full-time,128000,United States,M,Data Architecture and Modeling
Senior,Full-time,168000,United States,M,Data Science and Research
Senior,Full-time,130000,United States,M,Data Science and Research
Mid-level,Full-time,154000,United States,M,Data Engineering
Mid-level,Full-time,103000,United States,M,Data Engineering
Senior,Full-time,93918,United States,M,Data Analysis
Senior,Full-time,51962,United States,M,Data Analysis
Senior,Full-time,180000,United States,M,Data Science and Research
Senior,Full-time,160000,United States,M,Data Science and Research
Senior,Full-time,140000,United States,M,Data Science and Research
Senior,Full-time,140000,United States,M,Data Science and Research
Mid-level,Full-time,275000,Canada,M,Data Engineering
Mid-level,Full-time,243000,Canada,M,Data Engineering
Senior,Full-time,215000,United States,M,Data Science and Research
Senior,Full-time,160000,United States,M,Data Science and Research
Executive,Full-time,174500,United States,M,Data Engineering
Executive,Full-time,113000,United States,M,Data Engineering
Senior,Full-time,125000,United States,M,Data Analysis
Senior,Full-time,80000,United States,M,Data Analysis
Senior,Full-time,145000,United States,M,Data Engineering
Senior,Full-time,115000,United States,M,Data Engineering
Senior,Full-time,260000,United States,M,Machine Learning and AI
Senior,Full-time,160000,United States,M,Machine Learning and AI
Senior,Full-time,202000,United States,M,Data Science and Research
Senior,Full-time,140000,United States,M,Data Science and Research
Mid-level,Full-time,96313,Canada,S,Data Science and Research
Senior,Full-time,250000,United States,M,Machine Learning and AI
Senior,Full-time,140000,United States,M,Machine Learning and AI
Mid-level,Full-time,48585,Portugal,M,Data Analysis
Mid-level,Full-time,43187,Portugal,M,Data Analysis
Senior,Full-time,204000,United States,M,Data Science and Research
Senior,Full-time,127500,United States,M,Data Science and Research
Senior,Full-time,145500,United States,M,Data Analysis
Senior,Full-time,108000,United States,M,Data Analysis
Senior,Full-time,206000,United States,M,Data Engineering
Senior,Full-time,175100,United States,M,Data Engineering
Senior,Full-time,122500,United States,M,Data Analysis
Senior,Full-time,82500,United States,M,Data Analysis
Senior,Full-time,110400,United States,M,Leadership and Management
Senior,Full-time,68000,United States,M,Leadership and Management
Senior,Full-time,190000,United States,M,Data Science and Research
Senior,Full-time,160000,United States,M,Data Science and Research
Senior,Full-time,95000,United States,M,Data Analysis
Senior,Full-time,75000,United States,M,Data Analysis
Senior,Full-time,136000,United States,M,Data Science and Research
Senior,Full-time,104000,United States,M,Data Science and Research
Mid-level,Full-time,130000,United States,M,Data Analysis
Mid-level,Full-time,105000,United States,M,Data Analysis
Mid-level,Full-time,154000,United States,M,Data Engineering
Mid-level,Full-time,103000,United States,M,Data Engineering
Mid-level,Full-time,217000,United States,M,Data Science and Research
Mid-level,Full-time,192000,United States,M,Data Science and Research
Senior,Full-time,170000,United States,M,Data Engineering
Senior,Full-time,100000,United States,M,Data Engineering
Senior,Full-time,90000,United States,M,Data Management and Strategy
Senior,Full-time,60000,United States,M,Data Management and Strategy
Senior,Full-time,350000,United States,M,Machine Learning and AI
Senior,Full-time,168000,United States,M,Machine Learning and AI
Senior,Full-time,234900,United States,M,Data Science and Research
Senior,Full-time,113500,United States,M,Data Science and Research
Senior,Full-time,385000,United States,M,Data Engineering
Senior,Full-time,245000,United States,M,Data Engineering
Senior,Full-time,255000,United States,M,Data Engineering
Senior,Full-time,255000,United States,M,Data Engineering
Senior,Full-time,170200,United States,M,BI and Visualization
Senior,Full-time,83900,United States,M,BI and Visualization
Senior,Full-time,170200,United States,M,Data Science and Research
Senior,Full-time,83900,United States,M,Data Science and Research
Senior,Full-time,202500,United States,M,Data Engineering
Senior,Full-time,177500,United States,M,Data Engineering
Senior,Full-time,308000,United States,M,Data Science and Research
Senior,Full-time,144000,United States,M,Data Science and Research
Senior,Full-time,130000,United States,M,Data Engineering
Senior,Full-time,101570,United States,M,Data Engineering
Senior,Full-time,300000,United States,M,Data Engineering
Senior,Full-time,150000,United States,M,Data Engineering
Senior,Full-time,222200,United States,L,Data Science and Research
Senior,Full-time,136000,United States,L,Data Science and Research
Senior,Full-time,145000,United States,M,Leadership and Management
Senior,Full-time,130000,United States,M,Leadership and Management
Senior,Full-time,155000,United States,L,Data Architecture and Modeling
Senior,Full-time,130000,United States,L,Data Architecture and Modeling
Senior,Full-time,240000,United States,M,Data Science and Research
Senior,Full-time,180000,United States,M,Data Science and Research
Senior,Full-time,170200,United States,M,Machine Learning and AI
Senior,Full-time,83900,United States,M,Machine Learning and AI
Senior,Full-time,210000,United States,M,Data Science and Research
Senior,Full-time,165000,United States,M,Data Science and Research
Senior,Full-time,300000,United States,M,Data Science and Research
Senior,Full-time,150000,United States,M,Data Science and Research
Senior,Full-time,300000,United States,M,Machine Learning and AI
Senior,Full-time,150000,United States,M,Machine Learning and AI
Senior,Full-time,212800,United States,L,Data Science and Research
Senior,Full-time,111600,United States,L,Data Science and Research
Senior,Full-time,213600,United States,M,Data Engineering
Senior,Full-time,103200,United States,M,Data Engineering
Senior,Full-time,230000,Canada,M,Data Science and Research
Senior,Full-time,153000,Canada,M,Data Science and Research
Senior,Full-time,308000,United States,M,Data Science and Research
Senior,Full-time,190400,United States,M,Data Science and Research
Senior,Full-time,204000,United States,M,Data Science and Research
Senior,Full-time,127500,United States,M,Data Science and Research
Mid-level,Full-time,250000,United States,M,Data Science and Research
Mid-level,Full-time,125000,United States,M,Data Science and Research
Senior,Full-time,385000,United States,M,Data Science and Research
Senior,Full-time,310000,United States,M,Data Science and Research
Senior,Full-time,120000,United States,M,Data Analysis
Senior,Full-time,88000,United States,M,Data Analysis
Senior,Full-time,158000,United States,M,Machine Learning and AI
Senior,Full-time,108000,United States,M,Machine Learning and AI
Senior,Full-time,385000,United States,M,Data Engineering
Senior,Full-time,310000,United States,M,Data Engineering
Senior,Full-time,247300,United States,M,Data Engineering
Senior,Full-time,139700,United States,M,Data Engineering
Senior,Full-time,240000,United States,M,Data Science and Research
Senior,Full-time,180000,United States,M,Data Science and Research
Senior,Full-time,130000,United States,M,Data Engineering
Senior,Full-time,101570,United States,M,Data Engineering
Senior,Full-time,210000,United States,M,Data Science and Research
Senior,Full-time,165000,United States,M,Data Science and Research
Senior,Full-time,170200,United States,M,Machine Learning and AI
Senior,Full-time,83900,United States,M,Machine Learning and AI
Senior,Full-time,222200,United States,L,Data Science and Research
Senior,Full-time,136000,United States,L,Data Science and Research
Mid-level,Full-time,169000,United States,M,Data Engineering
Mid-level,Full-time,91000,United States,M,Data Engineering
Entry-level,Full-time,135000,United States,M,Data Science and Research
Entry-level,Full-time,110000,United States,M,Data Science and Research
Senior,Full-time,129192,United Kingdom,M,Data Engineering
Senior,Full-time,98432,United Kingdom,M,Data Engineering
Mid-level,Full-time,369120,United Kingdom,M,Machine Learning and AI
Mid-level,Full-time,40680,United Kingdom,M,Machine Learning and AI
Senior,Full-time,150000,United States,M,Data Science and Research
Senior,Full-time,130000,United States,M,Data Science and Research
Senior,Full-time,128000,United States,M,Data Engineering
Senior,Full-time,81500,United States,M,Data Engineering
Senior,Full-time,306000,United States,M,Data Architecture and Modeling
Senior,Full-time,204000,United States,M,Data Architecture and Modeling
Senior,Full-time,185900,United States,M,Data Science and Research
Senior,Full-time,129300,United States,M,Data Science and Research
Senior,Full-time,204500,United States,M,Machine Learning and AI
Senior,Full-time,142200,United States,M,Machine Learning and AI
Mid-level,Full-time,75577,Netherlands,M,Machine Learning and AI
Entry-level,Full-time,18000,India,M,Data Engineering
Mid-level,Full-time,369120,United Kingdom,M,Data Analysis
Mid-level,Full-time,61520,United Kingdom,M,Data Analysis
Executive,Full-time,270000,United States,M,Leadership and Management
Executive,Full-time,200000,United States,M,Leadership and Management
Mid-level,Full-time,204500,United States,M,Data Science and Research
Mid-level,Full-time,142200,United States,M,Data Science and Research
Mid-level,Full-time,92280,United Kingdom,M,Data Analysis
Mid-level,Full-time,67672,United Kingdom,M,Data Analysis
Senior,Full-time,188600,United States,M,Data Engineering
Senior,Full-time,111550,United States,M,Data Engineering
Senior,Full-time,230000,United States,M,Machine Learning and AI
Senior,Full-time,160000,United States,M,Machine Learning and AI
Senior,Full-time,247300,United States,M,Data Engineering
Senior,Full-time,139700,United States,M,Data Engineering
Senior,Full-time,360000,United States,M,Machine Learning and AI
Senior,Full-time,240000,United States,M,Machine Learning and AI
Senior,Full-time,129100,United States,M,Data Engineering
Senior,Full-time,111400,United States,M,Data Engineering
Senior,Full-time,135000,United States,M,Data Analysis
Senior,Full-time,110000,United States,M,Data Analysis
Senior,Full-time,214500,United States,M,Machine Learning and AI
Senior,Full-time,132600,United States,M,Machine Learning and AI
Senior,Full-time,120000,United States,M,Data Analysis
Senior,Full-time,100000,United States,M,Data Analysis
Senior,Full-time,242921,United States,M,Machine Learning and AI
Senior,Full-time,170045,United States,M,Machine Learning and AI
Senior,Full-time,225000,United States,M,Data Engineering
Senior,Full-time,175000,United States,M,Data Engineering
Mid-level,Full-time,180000,United States,M,Data Science and Research
Mid-level,Full-time,162000,United States,M,Data Science and Research
Senior,Full-time,175000,United States,M,Data Architecture and Modeling
Senior,Full-time,90000,United States,M,Data Architecture and Modeling
Entry-level,Full-time,156450,United States,M,Data Science and Research
Entry-level,Full-time,119200,United States,M,Data Science and Research
Senior,Full-time,245000,United States,M,Data Science and Research
Senior,Full-time,185000,United States,M,Data Science and Research
Senior,Full-time,214500,United States,M,Machine Learning and AI
Senior,Full-time,132600,United States,M,Machine Learning and AI
Mid-level,Full-time,154800,United States,M,Data Science and Research
Mid-level,Full-time,76300,United States,M,Data Science and Research
Senior,Full-time,178600,United States,M,Data Science and Research
Senior,Full-time,88600,United States,M,Data Science and Research
Senior,Full-time,248100,United States,M,Data Science and Research
Senior,Full-time,145900,United States,M,Data Science and Research
Senior,Full-time,93919,United States,M,Data Analysis
Senior,Full-time,51962,United States,M,Data Analysis
Senior,Full-time,207345,United States,M,Data Science and Research
Senior,Full-time,180300,United States,M,Data Science and Research
Senior,Full-time,200000,United States,M,Machine Learning and AI
Senior,Full-time,140000,United States,M,Machine Learning and AI
Senior,Full-time,205000,United States,M,Leadership and Management
Senior,Full-time,167500,United States,M,Leadership and Management
Senior,Full-time,140000,United States,M,Data Analysis
Senior,Full-time,110000,United States,M,Data Analysis
Senior,Full-time,228045,United States,M,Data Science and Research
Senior,Full-time,198300,United States,M,Data Science and Research
Senior,Full-time,150000,United States,M,Data Engineering
Senior,Full-time,140000,United States,M,Data Engineering
Senior,Full-time,100000,United States,M,Data Analysis
Senior,Full-time,75000,United States,M,Data Analysis
Senior,Full-time,48585,Spain,M,Data Science and Research
Senior,Full-time,38868,Spain,M,Data Science and Research
Mid-level,Full-time,100000,United States,M,BI and Visualization
Mid-level,Full-time,75000,United States,M,BI and Visualization
Mid-level,Full-time,78125,Latvia,M,Data Science and Research
Mid-level,Full-time,40423,Latvia,M,Data Science and Research
Senior,Full-time,140000,United States,M,Data Architecture and Modeling
Senior,Full-time,100000,United States,M,Data Architecture and Modeling
Mid-level,Full-time,125000,United States,M,Leadership and Management
Mid-level,Full-time,120000,United States,M,Leadership and Management
Senior,Full-time,127000,United States,M,BI and Visualization
Senior,Full-time,99000,United States,M,BI and Visualization
Mid-level,Full-time,130000,United States,M,Data Engineering
Mid-level,Full-time,120000,United States,M,Data Engineering
Senior,Full-time,194500,United States,M,BI and Visualization
Senior,Full-time,132320,United States,M,BI and Visualization
Senior,Full-time,135000,United States,M,Data Engineering
Senior,Full-time,90000,United States,M,Data Engineering
Senior,Full-time,223602,United States,M,Data Analysis
Senior,Full-time,143520,United States,M,Data Analysis
Senior,Full-time,180000,United States,M,Machine Learning and AI
Senior,Full-time,140000,United States,M,Machine Learning and AI
Mid-level,Full-time,180000,United States,M,Data Science and Research
Mid-level,Full-time,162000,United States,M,Data Science and Research
Senior,Full-time,121809,United Kingdom,M,Data Engineering
Senior,Full-time,83667,United Kingdom,M,Data Engineering
Senior,Full-time,120350,United States,M,Data Analysis
Senior,Full-time,74400,United States,M,Data Analysis
Senior,Full-time,185000,United States,M,Data Science and Research
Senior,Full-time,123000,United States,M,Data Science and Research
Mid-level,Full-time,140000,United States,M,Data Engineering
Mid-level,Full-time,90000,United States,M,Data Engineering
Senior,Full-time,214500,United States,M,Machine Learning and AI
Senior,Full-time,132600,United States,M,Machine Learning and AI
Senior,Full-time,154000,United States,M,Data Engineering
Senior,Full-time,103000,United States,M,Data Engineering
Senior,Full-time,90000,United States,M,Data Analysis
Senior,Full-time,80000,United States,M,Data Analysis
Executive,Full-time,140000,United States,M,Leadership and Management
Executive,Full-time,100000,United States,M,Leadership and Management
Senior,Full-time,170000,United States,M,Data Engineering
Senior,Full-time,100000,United States,M,Data Engineering
Mid-level,Full-time,115000,United States,M,Data Analysis
Mid-level,Full-time,105000,United States,M,Data Analysis
Senior,Full-time,296100,United States,M,Data Science and Research
Senior,Full-time,144500,United States,M,Data Science and Research
Entry-level,Full-time,220000,United States,M,Data Engineering
Entry-level,Full-time,187000,United States,M,Data Engineering
Senior,Full-time,118600,United States,M,Data Analysis
Senior,Full-time,96800,United States,M,Data Analysis
Entry-level,Full-time,100000,United States,M,Data Science and Research
Mid-level,Full-time,48585,United Kingdom,M,Machine Learning and AI
Mid-level,Full-time,142000,United States,M,Data Analysis
Mid-level,Full-time,128000,United States,M,Data Analysis
Senior,Full-time,99500,United States,M,Data Engineering
Senior,Full-time,53300,United States,M,Data Engineering
Senior,Full-time,210000,United States,M,Data Engineering
Senior,Full-time,165000,United States,M,Data Engineering
Senior,Full-time,172000,United States,M,Data Science and Research
Senior,Full-time,125000,United States,M,Data Science and Research
Senior,Full-time,250000,United States,M,Data Engineering
Senior,Full-time,190000,United States,M,Data Engineering
Senior,Full-time,245000,United States,M,Data Science and Research
Senior,Full-time,245000,United States,M,Data Science and Research
Senior,Full-time,234900,United States,M,Data Architecture and Modeling
Senior,Full-time,68400,United States,M,Data Architecture and Modeling
Senior,Full-time,155000,United States,M,Data Science and Research
Senior,Full-time,139000,United States,M,Data Science and Research
Senior,Full-time,142000,United States,M,Data Analysis
Senior,Full-time,128000,United States,M,Data Analysis
Senior,Full-time,172000,United States,M,Data Science and Research
Senior,Full-time,125000,United States,M,Data Science and Research
Senior,Full-time,128000,United States,M,Data Engineering
Senior,Full-time,81500,United States,M,Data Engineering
Mid-level,Full-time,167500,United States,M,Data Engineering
Mid-level,Full-time,106500,United States,M,Data Engineering
Mid-level,Full-time,150000,United States,M,Data Engineering
Mid-level,Full-time,100000,United States,M,Data Engineering
Senior,Full-time,139600,United States,M,Data Analysis
Senior,Full-time,85700,United States,M,Data Analysis
Entry-level,Full-time,100000,Mauritius,S,Data Engineering
Senior,Full-time,143000,United States,M,Data Engineering
Senior,Full-time,95000,United States,M,Data Engineering
Senior,Full-time,145000,United States,M,Leadership and Management
Senior,Full-time,130000,United States,M,Leadership and Management
Senior,Full-time,330000,United States,M,Machine Learning and AI
Senior,Full-time,188000,United States,M,Machine Learning and AI
Senior,Full-time,238000,Canada,M,Data Science and Research
Senior,Full-time,156000,Canada,M,Data Science and Research
Senior,Full-time,145000,United States,M,Data Analysis
Senior,Full-time,106000,United States,M,Data Analysis
Senior,Full-time,172256,United Kingdom,M,Data Science and Research
Senior,Full-time,123040,United Kingdom,M,Data Science and Research
Senior,Full-time,297300,United States,M,Machine Learning and AI
Senior,Full-time,198200,United States,M,Machine Learning and AI
Senior,Full-time,269100,United States,M,Data Engineering
Senior,Full-time,131300,United States,M,Data Engineering
Senior,Full-time,220000,United States,M,Machine Learning and AI
Senior,Full-time,150000,United States,M,Machine Learning and AI
Senior,Full-time,73824,United Kingdom,M,Data Engineering
Senior,Full-time,61520,United Kingdom,M,Data Engineering
Mid-level,Full-time,252990,United States,M,Data Science and Research
Mid-level,Full-time,162170,United States,M,Data Science and Research
Senior,Full-time,260000,United States,M,Machine Learning and AI
Senior,Full-time,235000,United States,M,Machine Learning and AI
Mid-level,Full-time,204500,United States,M,Machine Learning and AI
Mid-level,Full-time,142200,United States,M,Machine Learning and AI
Senior,Full-time,190000,United States,M,Leadership and Management
Senior,Full-time,145000,United States,M,Leadership and Management
Senior,Full-time,212800,United States,M,Data Science and Research
Senior,Full-time,111600,United States,M,Data Science and Research
Senior,Full-time,175000,United States,M,Data Analysis
Senior,Full-time,130000,United States,M,Data Analysis
Senior,Full-time,194521,United States,M,BI and Visualization
Senior,Full-time,176838,United States,M,BI and Visualization
Executive,Full-time,200000,United States,M,Leadership and Management
Executive,Full-time,170000,United States,M,Leadership and Management
Senior,Full-time,191765,United States,M,Data Science and Research
Senior,Full-time,134236,United States,M,Data Science and Research
Senior,Full-time,238000,Canada,M,Data Science and Research
Senior,Full-time,156000,Canada,M,Data Science and Research
Senior,Full-time,198800,United States,M,Data Science and Research
Senior,Full-time,90700,United States,M,Data Science and Research
Mid-level,Full-time,154800,United States,M,BI and Visualization
Mid-level,Full-time,76300,United States,M,BI and Visualization
Mid-level,Full-time,130000,United States,M,Leadership and Management
Mid-level,Full-time,115000,United States,M,Leadership and Management
Senior,Full-time,110000,United States,M,Data Analysis
Senior,Full-time,70000,United States,M,Data Analysis
Mid-level,Full-time,42107,Germany,M,Data Analysis
Mid-level,Full-time,300000,United States,M,Machine Learning and AI
Mid-level,Full-time,200000,United States,M,Machine Learning and AI
Senior,Full-time,155000,United States,M,Data Architecture and Modeling
Senior,Full-time,135000,United States,M,Data Architecture and Modeling
Mid-level,Full-time,115500,United States,M,Leadership and Management
Mid-level,Full-time,73500,United States,M,Leadership and Management
Senior,Full-time,179000,United States,M,Data Science and Research
Senior,Full-time,109000,United States,M,Data Science and Research
Senior,Full-time,180000,United States,M,Data Science and Research
Senior,Full-time,140000,United States,M,Data Science and Research
Senior,Full-time,221000,United States,M,Machine Learning and AI
Senior,Full-time,180000,United States,M,Machine Learning and AI
Senior,Full-time,222200,United States,L,Data Science and Research
Senior,Full-time,136000,United States,L,Data Science and Research
Senior,Full-time,275000,United States,M,Machine Learning and AI
Senior,Full-time,170000,United States,M,Machine Learning and AI
Senior,Full-time,233300,United States,M,Data Science and Research
Senior,Full-time,155500,United States,M,Data Science and Research
Mid-level,Full-time,222200,United States,L,Data Science and Research
Mid-level,Full-time,136000,United States,L,Data Science and Research
Senior,Full-time,193000,United States,M,Data Architecture and Modeling
Senior,Full-time,110000,United States,M,Data Architecture and Modeling
Senior,Full-time,306000,United States,M,Data Science and Research
Senior,Full-time,180000,United States,M,Data Science and Research
Senior,Full-time,212800,United States,L,Data Science and Research
Senior,Full-time,115100,United States,L,Data Science and Research
Senior,Full-time,238000,United States,M,Machine Learning and AI
Senior,Full-time,176000,United States,M,Machine Learning and AI
Senior,Full-time,117500,United States,M,Data Analysis
Senior,Full-time,86720,United States,M,Data Analysis
Mid-level,Full-time,167000,United States,M,Data Analysis
Mid-level,Full-time,150000,United States,M,Data Analysis
Executive,Full-time,90000,United States,M,Data Analysis
Executive,Full-time,70000,United States,M,Data Analysis
Senior,Full-time,212800,United States,L,Data Science and Research
Senior,Full-time,111600,United States,L,Data Science and Research
Senior,Full-time,306000,United States,M,Data Architecture and Modeling
Senior,Full-time,204000,United States,M,Data Architecture and Modeling
Senior,Full-time,135000,United States,M,BI and Visualization
Senior,Full-time,110000,United States,M,BI and Visualization
Senior,Full-time,165000,United States,M,Data Science and Research
Senior,Full-time,116300,United States,M,Data Science and Research
Senior,Full-time,200000,United States,M,Machine Learning and AI
Senior,Full-time,175000,United States,M,Machine Learning and AI
Senior,Full-time,185000,United States,L,BI and Visualization
Senior,Full-time,79600,United States,L,BI and Visualization
Senior,Full-time,180514,United States,M,Machine Learning and AI
Senior,Full-time,108308,United States,M,Machine Learning and AI
Senior,Full-time,200000,United States,M,Machine Learning and AI
Senior,Full-time,150000,United States,M,Machine Learning and AI
Senior,Full-time,208450,United States,M,Machine Learning and AI
Senior,Full-time,151600,United States,M,Machine Learning and AI
Senior,Full-time,324000,United States,M,Data Science and Research
Senior,Full-time,159000,United States,M,Data Science and Research
Mid-level,Full-time,155000,United States,M,Data Science and Research
Mid-level,Full-time,135000,United States,M,Data Science and Research
Senior,Full-time,223250,United States,M,Data Engineering
Senior,Full-time,156275,United States,M,Data Engineering
Senior,Full-time,220000,United States,M,Data Engineering
Senior,Full-time,160000,United States,M,Data Engineering
Senior,Full-time,168000,United States,M,Data Science and Research
Senior,Full-time,130000,United States,M,Data Science and Research
Senior,Full-time,245000,United States,M,Leadership and Management
Senior,Full-time,185000,United States,M,Leadership and Management
Senior,Full-time,164000,United States,M,Data Science and Research
Senior,Full-time,130000,United States,M,Data Science and Research
Mid-level,Full-time,67500,United States,M,Data Analysis
Mid-level,Full-time,46500,United States,M,Data Analysis
Senior,Full-time,270000,United States,M,Machine Learning and AI
Senior,Full-time,232200,United States,M,Machine Learning and AI
Mid-level,Full-time,43187,Poland,L,Data Engineering
Mid-level,Full-time,105000,United States,M,Data Analysis
Mid-level,Full-time,78000,United States,M,Data Analysis
Mid-level,Full-time,115500,United States,M,Leadership and Management
Mid-level,Full-time,73500,United States,M,Leadership and Management
Senior,Full-time,370000,United States,M,Machine Learning and AI
Senior,Full-time,220000,United States,M,Machine Learning and AI
Senior,Full-time,155000,United States,M,Data Engineering
Senior,Full-time,130000,United States,M,Data Engineering
Senior,Full-time,178200,United States,M,Machine Learning and AI
Senior,Full-time,115000,United States,M,Machine Learning and AI
Mid-level,Full-time,250000,United States,M,Data Analysis
Mid-level,Full-time,125000,United States,M,Data Analysis
Mid-level,Full-time,204000,United States,M,Data Science and Research
Mid-level,Full-time,150000,United States,M,Data Science and Research
Senior,Full-time,110000,United States,M,Data Analysis
Senior,Full-time,95000,United States,M,Data Analysis
Mid-level,Full-time,143000,United States,M,Data Engineering
Mid-level,Full-time,95000,United States,M,Data Engineering
Mid-level,Full-time,250000,United States,M,Data Engineering
Mid-level,Full-time,125000,United States,M,Data Engineering
Senior,Full-time,280000,United States,M,Machine Learning and AI
Senior,Full-time,240000,United States,M,Machine Learning and AI
Senior,Full-time,110400,United States,M,Leadership and Management
Senior,Full-time,68000,United States,M,Leadership and Management
Senior,Full-time,216000,United States,M,Data Science and Research
Senior,Full-time,184000,United States,M,Data Science and Research
Senior,Full-time,192000,United States,M,Machine Learning and AI
Senior,Full-time,164000,United States,M,Machine Learning and AI
Senior,Full-time,220000,United States,M,Data Science and Research
Senior,Full-time,160000,United States,M,Data Science and Research
Senior,Full-time,225000,United States,M,Data Science and Research
Senior,Full-time,156400,United States,M,Data Science and Research
Senior,Full-time,297300,United States,M,Data Science and Research
Senior,Full-time,198200,United States,M,Data Science and Research
Senior,Full-time,192000,United States,M,Data Science and Research
Senior,Full-time,164000,United States,M,Data Science and Research
Senior,Full-time,168000,Canada,M,Data Analysis
Senior,Full-time,112000,Canada,M,Data Analysis
Senior,Full-time,204500,United States,M,Machine Learning and AI
Senior,Full-time,142200,United States,M,Machine Learning and AI
Senior,Full-time,253430,United States,M,Data Science and Research
Senior,Full-time,212780,United States,M,Data Science and Research
Senior,Full-time,190000,United States,M,Data Science and Research
Senior,Full-time,152000,United States,M,Data Science and Research
Senior,Full-time,265800,United States,M,Machine Learning and AI
Senior,Full-time,165500,United States,M,Machine Learning and AI
Senior,Full-time,193000,United States,M,Data Engineering
Senior,Full-time,134000,United States,M,Data Engineering
Senior,Full-time,180000,United States,M,Machine Learning and AI
Senior,Full-time,150000,United States,M,Machine Learning and AI
Mid-level,Full-time,120681,United States,M,Leadership and Management
Mid-level,Full-time,72409,United States,M,Leadership and Management
Senior,Full-time,180000,United States,M,Machine Learning and AI
Senior,Full-time,139750,United States,M,Machine Learning and AI
Mid-level,Full-time,222200,United States,L,Data Science and Research
Mid-level,Full-time,136000,United States,L,Data Science and Research
Senior,Full-time,254000,United States,M,Data Engineering
Senior,Full-time,200000,United States,M,Data Engineering
Senior,Full-time,260000,United States,M,Machine Learning and AI
Senior,Full-time,192000,United States,M,Machine Learning and AI
Senior,Full-time,272290,United States,M,Data Science and Research
Senior,Full-time,169374,United States,M,Data Science and Research
Senior,Full-time,195000,United States,L,Data Science and Research
Senior,Full-time,204500,United States,M,Data Science and Research
Senior,Full-time,142200,United States,M,Data Science and Research
Mid-level,Full-time,17000,Russian Federation,L,Data Analysis
Senior,Full-time,181500,United States,M,Data Engineering
Senior,Full-time,112200,United States,M,Data Engineering
Senior,Full-time,204500,United States,M,Machine Learning and AI
Senior,Full-time,142200,United States,M,Machine Learning and AI
Senior,Full-time,180000,United States,M,Data Science and Research
Senior,Full-time,162000,United States,M,Data Science and Research
Mid-level,Full-time,150000,United States,M,Machine Learning and AI
Mid-level,Full-time,100000,United States,M,Machine Learning and AI
Senior,Full-time,250500,United States,M,Machine Learning and AI
Senior,Full-time,166600,United States,M,Machine Learning and AI
Executive,Full-time,247500,United States,M,Leadership and Management
Executive,Full-time,172200,United States,M,Leadership and Management
Senior,Full-time,247500,United States,M,Machine Learning and AI
Senior,Full-time,172200,United States,M,Machine Learning and AI
Senior,Full-time,223290,United States,M,Data Science and Research
Senior,Full-time,131310,United States,M,Data Science and Research
Entry-level,Contract,44753,Canada,L,Data Analysis
Entry-level,Full-time,35000,Germany,M,Machine Learning and AI
Senior,Full-time,53984,Italy,S,Machine Learning and AI
Senior,Full-time,226600,United States,M,Machine Learning and AI
Senior,Full-time,140100,United States,M,Machine Learning and AI
Senior,Full-time,204500,Canada,M,Machine Learning and AI
Senior,Full-time,142200,Canada,M,Machine Learning and AI
Senior,Full-time,220000,United States,M,Data Science and Research
Senior,Full-time,140000,United States,M,Data Science and Research
Senior,Full-time,204600,United States,M,Machine Learning and AI
Senior,Full-time,126500,United States,M,Machine Learning and AI
Senior,Full-time,135960,United States,M,Data Science and Research
Senior,Full-time,70960,United States,M,Data Science and Research
Senior,Full-time,128750,United States,M,Data Engineering
Senior,Full-time,86250,United States,M,Data Engineering
Senior,Full-time,110736,United Kingdom,M,Data Engineering
Senior,Full-time,92280,United Kingdom,M,Data Engineering
Mid-level,Full-time,131000,Colombia,M,Data Engineering
Mid-level,Full-time,88000,Colombia,M,Data Engineering
Senior,Full-time,185100,United States,M,Data Analysis
Senior,Full-time,133300,United States,M,Data Analysis
Senior,Full-time,180000,United States,M,Data Science and Research
Senior,Full-time,150000,United States,M,Data Science and Research
Senior,Full-time,90000,United States,M,Data Engineering
Senior,Full-time,75000,United States,M,Data Engineering
Entry-level,Full-time,130000,United States,L,Machine Learning and AI
Senior,Full-time,73824,United Kingdom,M,Data Analysis
Senior,Full-time,61520,United Kingdom,M,Data Analysis
Mid-level,Full-time,115500,United States,M,Leadership and Management
Mid-level,Full-time,73500,United States,M,Leadership and Management
Mid-level,Full-time,125000,United States,M,Machine Learning and AI
Mid-level,Full-time,85000,United States,M,Machine Learning and AI
Mid-level,Full-time,80000,United States,M,Leadership and Management
Mid-level,Full-time,70000,United States,M,Leadership and Management
Senior,Full-time,260000,United States,M,Data Science and Research
Senior,Full-time,160000,United States,M,Data Science and Research
Senior,Full-time,105000,United States,M,Leadership and Management
Senior,Full-time,80000,United States,M,Leadership and Management
Senior,Full-time,150000,Canada,M,Machine Learning and AI
Senior,Full-time,95000,Canada,M,Machine Learning and AI
Senior,Full-time,204750,United States,M,Data Engineering
Senior,Full-time,153550,United States,M,Data Engineering
Senior,Full-time,150000,United States,M,Data Analysis
Senior,Full-time,120000,United States,M,Data Analysis
Mid-level,Full-time,150000,United States,M,Data Engineering
Mid-level,Full-time,110000,United States,M,Data Engineering
Senior,Full-time,200000,United States,M,Data Engineering
Senior,Full-time,141000,United States,M,Data Engineering
Senior,Full-time,230000,United States,M,Data Engineering
Senior,Full-time,175000,United States,M,Data Engineering
Senior,Full-time,150000,United States,M,Data Science and Research
Senior,Full-time,120000,United States,M,Data Science and Research
Senior,Full-time,207611,United States,M,Machine Learning and AI
Senior,Full-time,127876,United States,M,Machine Learning and AI
Senior,Full-time,175000,United States,M,Data Analysis
Senior,Full-time,135000,United States,M,Data Analysis
Senior,Full-time,100000,United States,M,Data Analysis
Senior,Full-time,75000,United States,M,Data Analysis
Mid-level,Full-time,170000,United States,M,Data Science and Research
Mid-level,Full-time,144500,United States,M,Data Science and Research
Senior,Full-time,204500,United States,M,Machine Learning and AI
Senior,Full-time,142200,United States,M,Machine Learning and AI
Senior,Full-time,255360,United States,M,Machine Learning and AI
Senior,Full-time,212800,United States,M,Machine Learning and AI
Senior,Full-time,170000,United States,M,Data Engineering
Senior,Full-time,100000,United States,M,Data Engineering
Senior,Full-time,106400,United States,M,Data Analysis
Senior,Full-time,81800,United States,M,Data Analysis
Mid-level,Full-time,130000,United States,M,Leadership and Management
Mid-level,Full-time,69139,United States,M,Leadership and Management
Mid-level,Full-time,100631,Canada,M,BI and Visualization
Mid-level,Full-time,80505,Canada,M,BI and Visualization
Senior,Full-time,300105,United States,M,Data Engineering
Senior,Full-time,151090,United States,M,Data Engineering
Mid-level,Full-time,217600,United States,M,Machine Learning and AI
Mid-level,Full-time,145000,United States,M,Machine Learning and AI
Mid-level,Full-time,79976,United Kingdom,M,Data Science and Research
Mid-level,Full-time,55368,United Kingdom,M,Data Science and Research
Senior,Full-time,129000,United States,M,Data Engineering
Senior,Full-time,110000,United States,M,Data Engineering
Senior,Full-time,185000,United States,M,Data Science and Research
Senior,Full-time,50000,United States,M,Data Science and Research
Senior,Full-time,210000,United States,M,Data Engineering
Senior,Full-time,108000,United States,M,Data Engineering
Mid-level,Full-time,80000,United States,M,Data Analysis
Mid-level,Full-time,59500,United States,M,Data Analysis
Senior,Full-time,250000,United States,M,Machine Learning and AI
Senior,Full-time,173400,United States,M,Machine Learning and AI
Senior,Full-time,215000,United States,M,Data Architecture and Modeling
Senior,Full-time,153000,United States,M,Data Architecture and Modeling
Senior,Full-time,210398,United Kingdom,M,Machine Learning and AI
Senior,Full-time,147648,United Kingdom,M,Machine Learning and AI
Senior,Full-time,105000,United States,M,Data Analysis
Senior,Full-time,75000,United States,M,Data Analysis
Senior,Full-time,60000,United States,L,Machine Learning and AI
Mid-level,Full-time,54000,"Korea, Republic of",S,Machine Learning and AI
Senior,Full-time,202000,United States,M,Data Engineering
Senior,Full-time,132000,United States,M,Data Engineering
Senior,Full-time,185900,United States,M,Data Science and Research
Senior,Full-time,129300,United States,M,Data Science and Research
Senior,Full-time,204500,United States,M,Machine Learning and AI
Senior,Full-time,142200,United States,M,Machine Learning and AI
Mid-level,Full-time,73824,United Kingdom,M,Data Analysis
Mid-level,Full-time,61520,United Kingdom,M,Data Analysis
Senior,Full-time,316000,United States,M,Data Science and Research
Senior,Full-time,202000,United States,M,Data Science and Research
Mid-level,Full-time,81206,United Kingdom,M,Data Science and Research
Executive,Full-time,330000,United States,M,Machine Learning and AI
Executive,Full-time,188000,United States,M,Machine Learning and AI
Mid-level,Full-time,140000,United States,M,BI and Visualization
Mid-level,Full-time,110000,United States,M,BI and Visualization
Senior,Full-time,190000,United States,M,Machine Learning and AI
Senior,Full-time,170000,United States,M,Machine Learning and AI
Senior,Full-time,180000,United States,M,Data Engineering
Senior,Full-time,162000,United States,M,Data Engineering
Senior,Full-time,150000,United States,M,Data Science and Research
Senior,Full-time,125000,United States,M,Data Science and Research
Senior,Full-time,140000,United States,M,Data Science and Research
Senior,Full-time,105000,United States,M,Data Science and Research
Mid-level,Full-time,90000,United States,M,Data Management and Strategy
Mid-level,Full-time,73000,United States,M,Data Management and Strategy
Mid-level,Full-time,145000,United States,M,Data Science and Research
Mid-level,Full-time,115000,United States,M,Data Science and Research
Senior,Full-time,145000,United States,M,Leadership and Management
Senior,Full-time,130000,United States,M,Leadership and Management
Mid-level,Full-time,204500,United States,M,Data Science and Research
Mid-level,Full-time,142200,United States,M,Data Science and Research
Mid-level,Full-time,150000,United States,M,BI and Visualization
Mid-level,Full-time,135000,United States,M,BI and Visualization
Senior,Full-time,247500,United States,M,Machine Learning and AI
Senior,Full-time,172200,United States,M,Machine Learning and AI
Executive,Full-time,329500,United States,M,Leadership and Management
Executive,Full-time,269600,United States,M,Leadership and Management
Senior,Full-time,225000,United States,M,BI and Visualization
Senior,Full-time,156400,United States,M,BI and Visualization
Senior,Full-time,190000,United States,M,Data Engineering
Senior,Full-time,170000,United States,M,Data Engineering
Mid-level,Full-time,185900,United States,M,Data Science and Research
Mid-level,Full-time,129300,United States,M,Data Science and Research
Mid-level,Full-time,80000,United States,M,Data Analysis
Mid-level,Full-time,70000,United States,M,Data Analysis
Senior,Full-time,204500,United States,M,Data Science and Research
Senior,Full-time,138900,United States,M,Data Science and Research
Senior,Full-time,204500,Canada,M,Machine Learning and AI
Senior,Full-time,142200,Canada,M,Machine Learning and AI
Mid-level,Full-time,115500,United States,M,Leadership and Management
Mid-level,Full-time,73500,United States,M,Leadership and Management
Mid-level,Full-time,146000,United States,M,Data Engineering
Mid-level,Full-time,97000,United States,M,Data Engineering
Senior,Full-time,147100,United States,M,Data Engineering
Senior,Full-time,90700,United States,M,Data Engineering
Senior,Full-time,257000,United States,M,Data Science and Research
Senior,Full-time,197000,United States,M,Data Science and Research
Senior,Full-time,140000,United States,M,BI and Visualization
Senior,Full-time,120000,United States,M,BI and Visualization
Senior,Full-time,85000,United States,M,Data Analysis
Senior,Full-time,79000,United States,M,Data Analysis
Senior,Full-time,93919,United States,M,Data Analysis
Senior,Full-time,51962,United States,M,Data Analysis
Senior,Full-time,155000,United States,M,Data Engineering
Senior,Full-time,84800,United States,M,Data Engineering
Senior,Full-time,250500,United States,M,Machine Learning and AI
Senior,Full-time,166600,United States,M,Machine Learning and AI
Mid-level,Full-time,135344,United Kingdom,M,Data Science and Research
Mid-level,Full-time,98432,United Kingdom,M,Data Science and Research
Executive,Full-time,174500,United States,M,Data Engineering
Executive,Full-time,113000,United States,M,Data Engineering
Senior,Full-time,135000,United States,M,Data Engineering
Senior,Full-time,90000,United States,M,Data Engineering
Executive,Full-time,246080,United Kingdom,M,Leadership and Management
Executive,Full-time,184560,United Kingdom,M,Leadership and Management
Senior,Full-time,135000,United States,M,Data Engineering
Senior,Full-time,90000,United States,M,Data Engineering
Mid-level,Full-time,53120,Estonia,M,Data Analysis
Mid-level,Full-time,33686,Estonia,M,Data Analysis
Senior,Full-time,260000,United States,M,Data Engineering
Senior,Full-time,225000,United States,M,Data Engineering
Senior,Full-time,226600,United States,M,Machine Learning and AI
Senior,Full-time,140100,United States,M,Machine Learning and AI
Senior,Full-time,204600,United States,M,Machine Learning and AI
Senior,Full-time,126500,United States,M,Machine Learning and AI
Senior,Full-time,340000,United States,M,Machine Learning and AI
Senior,Full-time,212000,United States,M,Machine Learning and AI
Senior,Full-time,213600,United States,M,Leadership and Management
Senior,Full-time,142400,United States,M,Leadership and Management
Senior,Full-time,153600,United States,M,Data Science and Research
Senior,Full-time,106800,United States,M,Data Science and Research
Senior,Full-time,309000,United States,M,Machine Learning and AI
Senior,Full-time,142000,United States,M,Machine Learning and AI
Mid-level,Full-time,125000,United States,M,Machine Learning and AI
Mid-level,Full-time,85000,United States,M,Machine Learning and AI
Senior,Full-time,226600,United States,M,Machine Learning and AI
Senior,Full-time,140100,United States,M,Machine Learning and AI
Senior,Full-time,303050,United States,M,Data Science and Research
Senior,Full-time,202350,United States,M,Data Science and Research
Senior,Full-time,143000,United States,M,Data Engineering
Senior,Full-time,95000,United States,M,Data Engineering
Senior,Full-time,185000,United States,L,BI and Visualization
Senior,Full-time,79600,United States,L,BI and Visualization
Senior,Full-time,207900,United States,M,Data Science and Research
Senior,Full-time,158400,United States,M,Data Science and Research
Senior,Full-time,303050,United States,M,Data Science and Research
Senior,Full-time,202350,United States,M,Data Science and Research
Senior,Full-time,385000,United States,M,Data Engineering
Senior,Full-time,200000,United States,M,Data Engineering
Senior,Full-time,241300,United States,M,Machine Learning and AI
Senior,Full-time,211949,United States,M,Machine Learning and AI
Senior,Full-time,115000,United States,M,Data Management and Strategy
Senior,Full-time,90000,United States,M,Data Management and Strategy
Mid-level,Full-time,172200,United States,M,Data Science and Research
Mid-level,Full-time,131200,United States,M,Data Science and Research
Entry-level,Full-time,105000,United States,M,Data Science and Research
Entry-level,Full-time,70000,United States,M,Data Science and Research
Senior,Full-time,253000,United States,M,Machine Learning and AI
Senior,Full-time,123800,United States,M,Machine Learning and AI
Senior,Full-time,240000,United States,M,Data Science and Research
Senior,Full-time,142500,United States,M,Data Science and Research
Entry-level,Full-time,34924,Poland,M,Data Science and Research
Senior,Full-time,330000,United States,M,Machine Learning and AI
Senior,Full-time,204000,United States,M,Machine Learning and AI
Executive,Full-time,180000,United States,M,Machine Learning and AI
Executive,Full-time,160000,United States,M,Machine Learning and AI
Senior,Full-time,193600,United States,M,BI and Visualization
Senior,Full-time,130838,United States,M,BI and Visualization
Senior,Full-time,225500,United States,M,Data Engineering
Senior,Full-time,139400,United States,M,Data Engineering
Senior,Full-time,143000,United States,M,Data Engineering
Senior,Full-time,95000,United States,M,Data Engineering
Senior,Full-time,328133,United States,M,Machine Learning and AI
Senior,Full-time,218755,United States,M,Machine Learning and AI
Senior,Full-time,250830,United States,M,Data Science and Research
Senior,Full-time,143370,United States,M,Data Science and Research
Senior,Full-time,260000,United States,M,Leadership and Management
Senior,Full-time,160000,United States,M,Leadership and Management
Senior,Full-time,203500,United States,M,Data Science and Research
Senior,Full-time,166500,United States,M,Data Science and Research
Mid-level,Full-time,180000,United States,M,Data Science and Research
Mid-level,Full-time,162000,United States,M,Data Science and Research
Senior,Full-time,145000,United States,M,Data Engineering
Senior,Full-time,115000,United States,M,Data Engineering
Senior,Full-time,180400,United States,M,Data Analysis
Senior,Full-time,138800,United States,M,Data Analysis
Senior,Full-time,148350,United States,M,Data Science and Research
Senior,Full-time,87400,United States,M,Data Science and Research
Mid-level,Full-time,87500,United States,M,Data Analysis
Mid-level,Full-time,62500,United States,M,Data Analysis
Senior,Full-time,157550,United States,M,Data Science and Research
Senior,Full-time,104650,United States,M,Data Science and Research
Mid-level,Full-time,115500,United States,M,Leadership and Management
Mid-level,Full-time,73500,United States,M,Leadership and Management
Senior,Full-time,309000,United States,M,Machine Learning and AI
Senior,Full-time,142000,United States,M,Machine Learning and AI
Senior,Full-time,139500,United States,M,Data Engineering
Senior,Full-time,118575,United States,M,Data Engineering
Senior,Full-time,129150,United States,M,Data Analysis
Senior,Full-time,98400,United States,M,Data Analysis
Senior,Full-time,192500,United States,M,Data Analysis
Senior,Full-time,140000,United States,M,Data Analysis
Mid-level,Full-time,67672,United Kingdom,M,Data Engineering
Mid-level,Full-time,67672,United Kingdom,M,Data Engineering
Senior,Full-time,98010,United States,M,BI and Visualization
Senior,Full-time,66825,United States,M,BI and Visualization
Senior,Full-time,145000,United States,M,Leadership and Management
Senior,Full-time,130000,United States,M,Leadership and Management
Mid-level,Full-time,95000,United States,M,Data Analysis
Mid-level,Full-time,80000,United States,M,Data Analysis
Mid-level,Full-time,204500,United States,M,Data Science and Research
Mid-level,Full-time,142200,United States,M,Data Science and Research
Senior,Full-time,120000,United States,M,Data Science and Research
Senior,Full-time,100000,United States,M,Data Science and Research
Senior,Full-time,190000,United States,M,Data Science and Research
Senior,Full-time,170000,United States,M,Data Science and Research
Senior,Full-time,155000,United States,M,Data Science and Research
Senior,Full-time,130000,United States,M,Data Science and Research
Mid-level,Full-time,115500,United States,M,Leadership and Management
Mid-level,Full-time,73500,United States,M,Leadership and Management
Senior,Full-time,204500,United States,M,Machine Learning and AI
Senior,Full-time,142200,United States,M,Machine Learning and AI
Mid-level,Full-time,170000,United States,S,Machine Learning and AI
Mid-level,Full-time,120000,United States,S,Machine Learning and AI
Mid-level,Full-time,229000,United States,M,Data Analysis
Mid-level,Full-time,131000,United States,M,Data Analysis
Senior,Full-time,104584,United Kingdom,M,Data Architecture and Modeling
Senior,Full-time,92280,United Kingdom,M,Data Architecture and Modeling
Senior,Full-time,192000,United States,M,Data Analysis
Senior,Full-time,164000,United States,M,Data Analysis
Senior,Full-time,181500,United States,M,Data Engineering
Senior,Full-time,112200,United States,M,Data Engineering
Senior,Full-time,223800,United States,M,Data Science and Research
Senior,Full-time,172100,United States,M,Data Science and Research
Senior,Full-time,258800,United States,M,Data Science and Research
Senior,Full-time,199200,United States,M,Data Science and Research
Senior,Full-time,185000,United States,M,Data Science and Research
Senior,Full-time,148000,United States,M,Data Science and Research
Senior,Full-time,193600,United States,M,Machine Learning and AI
Senior,Full-time,119700,United States,M,Machine Learning and AI
Senior,Full-time,175750,United States,M,Data Science and Research
Senior,Full-time,136742,United States,M,Data Science and Research
Mid-level,Full-time,257400,United States,M,Data Science and Research
Mid-level,Full-time,193500,United States,M,Data Science and Research
Senior,Full-time,228856,United States,M,Data Science and Research
Senior,Full-time,144540,United States,M,Data Science and Research
Senior,Full-time,170000,United States,M,Data Architecture and Modeling
Senior,Full-time,140000,United States,M,Data Architecture and Modeling
Senior,Full-time,155000,United States,M,Data Science and Research
Senior,Full-time,125000,United States,M,Data Science and Research
Senior,Full-time,170000,United States,M,Data Architecture and Modeling
Senior,Full-time,140000,United States,M,Data Architecture and Modeling
Senior,Full-time,150600,United States,M,Data Engineering
Senior,Full-time,120500,United States,M,Data Engineering
Senior,Full-time,176000,United States,M,Data Science and Research
Senior,Full-time,152000,United States,M,Data Science and Research
Senior,Full-time,200000,United States,L,Leadership and Management
Mid-level,Full-time,115500,United States,M,Data Architecture and Modeling
Mid-level,Full-time,73500,United States,M,Data Architecture and Modeling
Executive,Full-time,135344,United Kingdom,M,Data Engineering
Executive,Full-time,98432,United Kingdom,M,Data Engineering
Senior,Full-time,225000,United States,M,Data Science and Research
Senior,Full-time,172758,United States,M,Data Science and Research
Mid-level,Full-time,86128,United Kingdom,M,Data Science and Research
Mid-level,Full-time,67672,United Kingdom,M,Data Science and Research
Mid-level,Full-time,110000,United States,M,Data Analysis
Mid-level,Full-time,85000,United States,M,Data Analysis
Mid-level,Full-time,51676,United Kingdom,M,Data Analysis
Mid-level,Full-time,43064,United Kingdom,M,Data Analysis
Senior,Full-time,245000,United States,M,Data Engineering
Senior,Full-time,194992,United States,M,Data Engineering
Mid-level,Full-time,140000,United States,M,Data Science and Research
Mid-level,Full-time,100000,United States,M,Data Science and Research
Senior,Full-time,213800,United States,M,Machine Learning and AI
Senior,Full-time,180300,United States,M,Machine Learning and AI
Senior,Full-time,145000,United States,M,Data Engineering
Senior,Full-time,90000,United States,M,Data Engineering
Executive,Full-time,375500,United States,M,Data Science and Research
Executive,Full-time,250300,United States,M,Data Science and Research
Senior,Full-time,250500,United States,M,Machine Learning and AI
Senior,Full-time,166600,United States,M,Machine Learning and AI
Senior,Full-time,262269,United States,M,Machine Learning and AI
Senior,Full-time,230797,United States,M,Machine Learning and AI
Mid-level,Full-time,147100,United States,M,Data Engineering
Mid-level,Full-time,90700,United States,M,Data Engineering
Senior,Full-time,185000,United States,M,Machine Learning and AI
Senior,Full-time,145000,United States,M,Machine Learning and AI
Senior,Full-time,123040,United Kingdom,M,Data Analysis
Senior,Full-time,92280,United Kingdom,M,Data Analysis
Senior,Full-time,98432,United Kingdom,M,BI and Visualization
Senior,Full-time,62442,United Kingdom,M,BI and Visualization
Mid-level,Full-time,115000,United States,M,Data Science and Research
Mid-level,Full-time,90000,United States,M,Data Science and Research
Senior,Full-time,195000,United States,M,Data Analysis
Senior,Full-time,73500,United States,M,Data Analysis
Senior,Full-time,155000,United States,M,Data Engineering
Senior,Full-time,84800,United States,M,Data Engineering
Senior,Full-time,185000,United States,M,Data Engineering
Senior,Full-time,145000,United States,M,Data Engineering
Senior,Full-time,158900,United States,M,Machine Learning and AI
Senior,Full-time,132400,United States,M,Machine Learning and AI
Mid-level,Full-time,140000,United States,S,Machine Learning and AI
Mid-level,Full-time,130000,United States,M,Leadership and Management
Mid-level,Full-time,100000,United States,M,Leadership and Management
Senior,Full-time,163800,United States,M,Machine Learning and AI
Senior,Full-time,126000,United States,M,Machine Learning and AI
Senior,Full-time,225000,United States,M,Data Science and Research
Senior,Full-time,111967,United States,M,Data Science and Research
Senior,Full-time,205600,United States,L,Data Engineering
Senior,Full-time,105700,United States,L,Data Engineering
Mid-level,Full-time,115500,United States,M,Leadership and Management
Mid-level,Full-time,73500,United States,M,Leadership and Management
Mid-level,Full-time,104000,United States,M,Data Analysis
Mid-level,Full-time,88000,United States,M,Data Analysis
Senior,Full-time,216027,United States,M,Data Engineering
Senior,Full-time,101028,United States,M,Data Engineering
Senior,Full-time,48585,Spain,M,Data Science and Research
Senior,Full-time,38868,Spain,M,Data Science and Research
Senior,Full-time,309400,United States,L,Data Science and Research
Senior,Full-time,159100,United States,L,Data Science and Research
Senior,Full-time,142000,United States,M,Data Analysis
Senior,Full-time,128000,United States,M,Data Analysis
Senior,Full-time,174350,United States,M,Data Engineering
Senior,Full-time,126800,United States,M,Data Engineering
Senior,Full-time,226600,United States,M,Machine Learning and AI
Senior,Full-time,140100,United States,M,Machine Learning and AI
Senior,Full-time,180000,United States,M,Data Science and Research
Senior,Full-time,162000,United States,M,Data Science and Research
Senior,Full-time,262000,United States,M,Machine Learning and AI
Senior,Full-time,186000,United States,M,Machine Learning and AI
Senior,Full-time,185000,United States,L,BI and Visualization
Senior,Full-time,79600,United States,L,BI and Visualization
Senior,Full-time,129000,Canada,M,Data Analysis
Senior,Full-time,95000,Canada,M,Data Analysis
Senior,Full-time,175000,United States,M,Leadership and Management
Senior,Full-time,120000,United States,M,Leadership and Management
Mid-level,Full-time,92280,United Kingdom,M,Data Analysis
Mid-level,Full-time,67672,United Kingdom,M,Data Analysis
Entry-level,Full-time,29691,Italy,L,Data Science and Research
Senior,Full-time,130000,United States,S,Data Analysis
Senior,Full-time,105000,United States,S,Data Analysis
Senior,Full-time,232200,United States,M,Machine Learning and AI
Senior,Full-time,119000,United States,M,Machine Learning and AI
Senior,Full-time,268000,United States,M,Data Science and Research
Senior,Full-time,137500,United States,M,Data Science and Research
Senior,Full-time,153300,United States,M,Data Analysis
Senior,Full-time,104244,United States,M,Data Analysis
Senior,Full-time,216000,United States,M,Data Science and Research
Senior,Full-time,184000,United States,M,Data Science and Research
Senior,Full-time,190000,United States,M,Data Science and Research
Senior,Full-time,145000,United States,M,Data Science and Research
Senior,Full-time,155000,United States,M,Data Engineering
Senior,Full-time,135000,United States,M,Data Engineering
Senior,Full-time,226000,United States,M,Data Science and Research
Senior,Full-time,160000,United States,M,Data Science and Research
Mid-level,Full-time,80000,United States,M,Data Analysis
Mid-level,Full-time,70000,United States,M,Data Analysis
Senior,Full-time,198800,United States,M,Data Science and Research
Senior,Full-time,122600,United States,M,Data Science and Research
Senior,Full-time,230000,United States,M,Data Science and Research
Senior,Full-time,196000,United States,M,Data Science and Research
Senior,Full-time,181500,United States,M,Data Science and Research
Senior,Full-time,127000,United States,M,Data Science and Research
Mid-level,Full-time,210000,United States,S,Machine Learning and AI
Senior,Full-time,120000,France,M,Machine Learning and AI
Senior,Full-time,385000,United States,M,Machine Learning and AI
Senior,Full-time,245000,United States,M,Machine Learning and AI
Mid-level,Full-time,225000,United States,M,Machine Learning and AI
Mid-level,Full-time,175000,United States,M,Machine Learning and AI
Senior,Full-time,110019,Canada,M,Data Engineering
Senior,Full-time,86682,Canada,M,Data Engineering
Senior,Full-time,131650,United States,M,Data Analysis
Senior,Full-time,105320,United States,M,Data Analysis
Senior,Full-time,210000,United States,M,Data Science and Research
Senior,Full-time,151800,United States,M,Data Science and Research
Senior,Full-time,147500,United States,M,Data Science and Research
Senior,Full-time,112500,United States,M,Data Science and Research
Senior,Full-time,240000,United States,M,Machine Learning and AI
Senior,Full-time,163200,United States,M,Machine Learning and AI
Senior,Full-time,134200,United States,M,Data Analysis
Senior,Full-time,103200,United States,M,Data Analysis
Senior,Full-time,65000,United States,M,Data Analysis
Senior,Full-time,55000,United States,M,Data Analysis
Senior,Full-time,234000,United States,M,Data Science and Research
Senior,Full-time,176000,United States,M,Data Science and Research
Senior,Full-time,165400,United States,M,Machine Learning and AI
Senior,Full-time,127300,United States,M,Machine Learning and AI
Senior,Full-time,180400,United States,M,Data Analysis
Senior,Full-time,138800,United States,M,Data Analysis
Senior,Full-time,107968,Czechia,L,Data Science and Research
Mid-level,Full-time,32811,Spain,L,Machine Learning and AI
Mid-level,Full-time,185900,United States,M,Data Science and Research
Mid-level,Full-time,129300,United States,M,Data Science and Research
Mid-level,Full-time,115500,United States,M,Leadership and Management
Mid-level,Full-time,73500,United States,M,Leadership and Management
Mid-level,Full-time,145000,United States,M,Machine Learning and AI
Mid-level,Full-time,135000,United States,M,Machine Learning and AI
Mid-level,Full-time,126900,United States,M,Data Science and Research
Mid-level,Full-time,77900,United States,M,Data Science and Research
Senior,Full-time,85000,United States,M,Data Analysis
Senior,Full-time,75000,United States,M,Data Analysis
Mid-level,Full-time,110736,United Kingdom,M,Data Engineering
Mid-level,Full-time,92280,United Kingdom,M,Data Engineering
Senior,Full-time,330000,United States,M,Machine Learning and AI
Senior,Full-time,204000,United States,M,Machine Learning and AI
Senior,Full-time,169000,United States,M,Data Analysis
Senior,Full-time,110600,United States,M,Data Analysis
Mid-level,Full-time,115500,United States,M,Leadership and Management
Mid-level,Full-time,73500,United States,M,Leadership and Management
Senior,Full-time,168000,United States,M,Data Science and Research
Senior,Full-time,130000,United States,M,Data Science and Research
Senior,Full-time,225500,United States,M,Data Engineering
Senior,Full-time,139400,United States,M,Data Engineering
Entry-level,Full-time,150000,United States,M,Data Science and Research
Entry-level,Full-time,140000,United States,M,Data Science and Research
Senior,Full-time,226000,United States,M,Data Science and Research
Senior,Full-time,162000,United States,M,Data Science and Research
Senior,Full-time,200000,United States,M,Machine Learning and AI
Senior,Full-time,150000,United States,M,Machine Learning and AI
Senior,Full-time,195000,United States,M,Data Architecture and Modeling
Senior,Full-time,160000,United States,M,Data Architecture and Modeling
Senior,Full-time,154000,United States,M,Data Quality and Operations
Senior,Full-time,82000,United States,M,Data Quality and Operations
Senior,Full-time,160000,United States,M,Data Science and Research
Senior,Full-time,145000,United States,M,Data Science and Research
Senior,Full-time,239400,United States,M,Machine Learning and AI
Senior,Full-time,136800,United States,M,Machine Learning and AI
Executive,Full-time,329500,United States,M,Leadership and Management
Executive,Full-time,269600,United States,M,Leadership and Management
Senior,Full-time,120000,United States,M,Data Science and Research
Senior,Full-time,100000,United States,M,Data Science and Research
Senior,Full-time,204500,United States,M,Data Science and Research
Senior,Full-time,142200,United States,M,Data Science and Research
Senior,Full-time,230000,United States,M,Data Science and Research
Senior,Full-time,180000,United States,M,Data Science and Research
Senior,Full-time,164000,United States,M,Data Science and Research
Senior,Full-time,130000,United States,M,Data Science and Research
Senior,Full-time,169000,United States,M,Data Engineering
Senior,Full-time,91000,United States,M,Data Engineering
Senior,Full-time,323300,United States,M,Machine Learning and AI
Senior,Full-time,184700,United States,M,Machine Learning and AI
Senior,Full-time,145000,United States,M,Leadership and Management
Senior,Full-time,130000,United States,M,Leadership and Management
Senior,Full-time,170000,United States,M,Data Engineering
Senior,Full-time,120000,United States,M,Data Engineering
Senior,Full-time,210000,United States,M,Data Science and Research
Senior,Full-time,136000,United States,M,Data Science and Research
Senior,Full-time,171250,United States,M,Data Engineering
Senior,Full-time,113750,United States,M,Data Engineering
Senior,Full-time,136000,United States,M,Data Science and Research
Senior,Full-time,104000,United States,M,Data Science and Research
Senior,Full-time,195000,United States,M,Machine Learning and AI
Senior,Full-time,142000,United States,M,Machine Learning and AI
Mid-level,Full-time,185900,United States,M,Data Engineering
Mid-level,Full-time,129300,United States,M,Data Engineering
Senior,Full-time,194100,United States,M,Machine Learning and AI
Senior,Full-time,152300,United States,M,Machine Learning and AI
Senior,Full-time,190000,United States,M,Data Architecture and Modeling
Senior,Full-time,120000,United States,M,Data Architecture and Modeling
Senior,Full-time,240000,United States,M,Data Science and Research
Senior,Full-time,157250,United States,M,Data Science and Research
Senior,Full-time,212000,United States,M,Data Engineering
Senior,Full-time,170000,United States,M,Data Engineering
Senior,Full-time,194400,United States,M,Data Engineering
Senior,Full-time,132192,United States,M,Data Engineering
Senior,Full-time,204500,United States,M,Machine Learning and AI
Senior,Full-time,142200,United States,M,Machine Learning and AI
Senior,Full-time,174000,United States,M,Leadership and Management
Senior,Full-time,134000,United States,M,Leadership and Management
Mid-level,Full-time,38868,Spain,L,Machine Learning and AI
Mid-level,Full-time,152000,United States,M,Data Engineering
Senior,Full-time,144700,United States,M,Leadership and Management
Senior,Full-time,85500,United States,M,Leadership and Management
Mid-level,Full-time,115500,United States,M,Leadership and Management
Mid-level,Full-time,73500,United States,M,Leadership and Management
Mid-level,Full-time,53120,Estonia,M,Data Analysis
Mid-level,Full-time,38868,Estonia,M,Data Analysis
Senior,Full-time,200000,United States,M,Data Science and Research
Senior,Full-time,160000,United States,M,Data Science and Research
Mid-level,Full-time,67500,United States,M,Data Analysis
Mid-level,Full-time,46500,United States,M,Data Analysis
Executive,Full-time,265800,United States,M,Data Engineering
Executive,Full-time,177200,United States,M,Data Engineering
Senior,Full-time,222000,United States,M,Data Science and Research
Senior,Full-time,115920,United States,M,Data Science and Research
Senior,Full-time,250000,United States,M,Machine Learning and AI
Senior,Full-time,190000,United States,M,Machine Learning and AI
Senior,Full-time,64781,Spain,M,Machine Learning and AI
Senior,Full-time,284310,United States,M,Data Engineering
Senior,Full-time,153090,United States,M,Data Engineering
Senior,Full-time,324000,United States,M,Machine Learning and AI
Senior,Full-time,159000,United States,M,Machine Learning and AI
Senior,Full-time,204500,United States,M,Data Science and Research
Senior,Full-time,142200,United States,M,Data Science and Research
Senior,Full-time,309000,United States,M,Machine Learning and AI
Senior,Full-time,142000,United States,M,Machine Learning and AI
Senior,Full-time,247300,United States,M,Data Engineering
Senior,Full-time,139700,United States,M,Data Engineering
Mid-level,Full-time,95000,United States,M,Data Analysis
Mid-level,Full-time,80000,United States,M,Data Analysis
Mid-level,Full-time,130500,United States,M,Data Science and Research
Mid-level,Full-time,111000,United States,M,Data Science and Research
Senior,Full-time,213210,United States,M,Data Analysis
Senior,Full-time,102434,United States,M,Data Analysis
Senior,Full-time,200000,United States,M,Machine Learning and AI
Senior,Full-time,140000,United States,M,Machine Learning and AI
Senior,Full-time,226600,United States,M,Data Science and Research
Senior,Full-time,140100,United States,M,Data Science and Research
Senior,Full-time,225000,United States,M,Data Science and Research
Senior,Full-time,156400,United States,M,Data Science and Research
Senior,Full-time,250000,United States,M,Data Science and Research
Senior,Full-time,176000,United States,M,Data Science and Research
Entry-level,Full-time,80000,United States,S,Machine Learning and AI
Senior,Full-time,233400,United States,M,Leadership and Management
Senior,Full-time,145300,United States,M,Leadership and Management
Senior,Full-time,248000,United States,M,Data Engineering
Senior,Full-time,149000,United States,M,Data Engineering
Entry-level,Full-time,156450,United States,M,Leadership and Management
Entry-level,Full-time,119200,United States,M,Leadership and Management
Mid-level,Full-time,115500,United States,M,Leadership and Management
Mid-level,Full-time,73500,United States,M,Leadership and Management
Senior,Full-time,185000,United States,M,Machine Learning and AI
Senior,Full-time,120250,United States,M,Machine Learning and AI
Senior,Full-time,216000,United States,M,Data Science and Research
Senior,Full-time,184000,United States,M,Data Science and Research
Mid-level,Full-time,300000,United States,M,Machine Learning and AI
Mid-level,Full-time,200000,United States,M,Machine Learning and AI
Senior,Full-time,230000,United States,M,Data Science and Research
Senior,Full-time,196000,United States,M,Data Science and Research
Senior,Full-time,192000,United States,M,Machine Learning and AI
Senior,Full-time,164000,United States,M,Machine Learning and AI
Mid-level,Full-time,225000,United States,M,Data Science and Research
Mid-level,Full-time,152700,United States,M,Data Science and Research
Senior,Full-time,192000,United States,M,Data Science and Research
Senior,Full-time,164000,United States,M,Data Science and Research
Mid-level,Full-time,115500,United States,M,Leadership and Management
Mid-level,Full-time,73500,United States,M,Leadership and Management
Senior,Full-time,64781,Germany,L,Machine Learning and AI
Mid-level,Full-time,160000,United States,M,Data Engineering
Mid-level,Full-time,140000,United States,M,Data Engineering
Mid-level,Full-time,139152,United States,L,Data Engineering
Mid-level,Full-time,82452,United States,L,Data Engineering
Senior,Full-time,204500,United States,M,Data Science and Research
Senior,Full-time,142200,United States,M,Data Science and Research
Mid-level,Full-time,85000,United States,M,Data Architecture and Modeling
Mid-level,Full-time,65000,United States,M,Data Architecture and Modeling
Senior,Full-time,139000,United States,M,Data Analysis
Senior,Full-time,85700,United States,M,Data Analysis
Senior,Full-time,248100,United States,M,Data Science and Research
Senior,Full-time,145900,United States,M,Data Science and Research
Executive,Full-time,200000,United States,M,Machine Learning and AI
Executive,Full-time,145000,United States,M,Machine Learning and AI
Senior,Full-time,230000,United States,M,Machine Learning and AI
Senior,Full-time,184000,United States,M,Machine Learning and AI
Senior,Full-time,269500,United States,M,Machine Learning and AI
Senior,Full-time,166600,United States,M,Machine Learning and AI
Executive,Full-time,295500,United States,M,Machine Learning and AI
Executive,Full-time,165200,United States,M,Machine Learning and AI
Senior,Full-time,226600,United States,M,Machine Learning and AI
Senior,Full-time,140100,United States,M,Machine Learning and AI
Mid-level,Full-time,235000,United States,M,Machine Learning and AI
Mid-level,Full-time,135000,United States,M,Machine Learning and AI
Mid-level,Full-time,110000,United States,M,Data Analysis
Mid-level,Full-time,75000,United States,M,Data Analysis
Senior,Full-time,180000,United States,M,Leadership and Management
Senior,Full-time,144000,United States,M,Leadership and Management
Mid-level,Full-time,49216,United Kingdom,M,Data Engineering
Mid-level,Full-time,43064,United Kingdom,M,Data Engineering
Mid-level,Full-time,65000,United States,M,Data Analysis
Mid-level,Full-time,55000,United States,M,Data Analysis
Senior,Full-time,160667,United States,M,Leadership and Management
Senior,Full-time,130000,United States,M,Leadership and Management
Mid-level,Full-time,27568,Brazil,L,Machine Learning and AI
Senior,Full-time,169000,United States,M,Data Analysis
Senior,Full-time,110600,United States,M,Data Analysis
Senior,Full-time,225500,United States,M,Data Engineering
Senior,Full-time,139400,United States,M,Data Engineering
Senior,Full-time,304200,United States,M,Data Engineering
Senior,Full-time,173800,United States,M,Data Engineering
Mid-level,Full-time,191765,United States,M,Data Science and Research
Mid-level,Full-time,134326,United States,M,Data Science and Research
Senior,Full-time,173000,United States,M,Leadership and Management
Senior,Full-time,160000,United States,M,Leadership and Management
Senior,Full-time,258384,United States,M,Machine Learning and AI
Senior,Full-time,153100,United States,M,Machine Learning and AI
Mid-level,Full-time,135000,United States,M,Data Science and Research
Mid-level,Full-time,70000,United States,M,Data Science and Research
Senior,Full-time,168000,United States,M,Data Science and Research
Senior,Full-time,130000,United States,M,Data Science and Research
Senior,Full-time,146200,United States,M,Data Analysis
Senior,Full-time,116960,United States,M,Data Analysis
Senior,Full-time,226700,United States,M,Data Engineering
Senior,Full-time,133300,United States,M,Data Engineering
Senior,Full-time,370000,United States,M,Data Engineering
Senior,Full-time,245000,United States,M,Data Engineering
Senior,Full-time,208450,United States,M,Machine Learning and AI
Senior,Full-time,151600,United States,M,Machine Learning and AI
Senior,Full-time,111600,United States,M,Data Management and Strategy
Senior,Full-time,72000,United States,M,Data Management and Strategy
Senior,Full-time,359170,United States,M,Data Science and Research
Senior,Full-time,295490,United States,M,Data Science and Research
Entry-level,Full-time,90000,Canada,L,Data Engineering
Mid-level,Full-time,90000,United States,M,Leadership and Management
Mid-level,Full-time,84000,United States,M,Leadership and Management
Mid-level,Full-time,110000,France,M,Data Engineering
Mid-level,Full-time,90000,France,M,Data Engineering
Mid-level,Full-time,110000,United States,M,Data Engineering
Mid-level,Full-time,70000,United States,M,Data Engineering
Senior,Full-time,48585,Spain,M,Data Science and Research
Senior,Full-time,38868,Spain,M,Data Science and Research
Senior,Full-time,90000,United States,M,Data Engineering
Senior,Full-time,75000,United States,M,Data Engineering
Senior,Full-time,253000,United States,M,Data Science and Research
Senior,Full-time,162000,United States,M,Data Science and Research
Entry-level,Full-time,115000,Canada,M,Data Management and Strategy
Entry-level,Full-time,85000,Canada,M,Data Management and Strategy
Senior,Full-time,164000,United States,M,Data Science and Research
Senior,Full-time,130000,United States,M,Data Science and Research
Senior,Full-time,359170,United States,M,Data Science and Research
Senior,Full-time,295490,United States,M,Data Science and Research
Senior,Full-time,145900,United States,M,Data Science and Research
Senior,Full-time,128100,United States,M,Data Science and Research
Senior,Full-time,127000,United States,M,BI and Visualization
Senior,Full-time,95000,United States,M,BI and Visualization
Entry-level,Full-time,94600,United States,M,Data Analysis
Entry-level,Full-time,86000,United States,M,Data Analysis
Senior,Full-time,72000,Brazil,M,Data Engineering
Senior,Full-time,60000,Brazil,M,Data Engineering
Senior,Full-time,136000,United States,M,Data Science and Research
Senior,Full-time,104000,United States,M,Data Science and Research
Senior,Full-time,323300,United States,M,Machine Learning and AI
Senior,Full-time,184700,United States,M,Machine Learning and AI
Senior,Full-time,150000,United States,M,Data Engineering
Senior,Full-time,101570,United States,M,Data Engineering
Senior,Full-time,247500,United States,M,Machine Learning and AI
Senior,Full-time,172200,United States,M,Machine Learning and AI
Senior,Full-time,198800,United States,M,Data Science and Research
Senior,Full-time,122600,United States,M,Data Science and Research
Senior,Full-time,173650,United States,M,Data Engineering
Senior,Full-time,113900,United States,M,Data Engineering
Senior,Full-time,185000,United States,M,Data Science and Research
Senior,Full-time,126000,United States,M,Data Science and Research
Senior,Full-time,139500,United States,M,Data Management and Strategy
Senior,Full-time,110000,United States,M,Data Management and Strategy
Senior,Full-time,160000,United States,M,Data Science and Research
Senior,Full-time,130000,United States,M,Data Science and Research
Senior,Full-time,280000,United States,M,Machine Learning and AI
Senior,Full-time,200000,United States,M,Machine Learning and AI
Mid-level,Full-time,123040,United Kingdom,M,Data Science and Research
Mid-level,Full-time,73824,United Kingdom,M,Data Science and Research
Senior,Full-time,248100,United States,M,Data Science and Research
Senior,Full-time,145900,United States,M,Data Science and Research
Senior,Full-time,220000,United States,M,BI and Visualization
Senior,Full-time,175000,United States,M,BI and Visualization
Senior,Full-time,175000,United States,M,Data Science and Research
Senior,Full-time,150000,United States,M,Data Science and Research
Senior,Full-time,145000,United States,M,Leadership and Management
Senior,Full-time,130000,United States,M,Leadership and Management
Mid-level,Full-time,115500,United States,M,Leadership and Management
Mid-level,Full-time,73500,United States,M,Leadership and Management
Senior,Full-time,150000,United States,M,Data Analysis
Senior,Full-time,135000,United States,M,Data Analysis
Senior,Full-time,150000,United States,M,Data Analysis
Senior,Full-time,85000,United States,M,Data Analysis
Senior,Full-time,210000,United States,M,Data Engineering
Senior,Full-time,170000,United States,M,Data Engineering
Senior,Full-time,160000,United States,M,Data Engineering
Senior,Full-time,108000,United States,M,Data Engineering
Executive,Full-time,115000,Brazil,M,Leadership and Management
Executive,Full-time,110000,Brazil,M,Leadership and Management
Senior,Full-time,220000,United States,M,Machine Learning and AI
Senior,Full-time,185000,United States,M,Machine Learning and AI
Senior,Full-time,182500,United States,M,Data Science and Research
Senior,Full-time,135000,United States,M,Data Science and Research
Senior,Full-time,208500,United States,M,Data Science and Research
Senior,Full-time,165000,United States,M,Data Science and Research
Mid-level,Contract,35000,United States,M,Data Analysis
Executive,Full-time,146000,United States,M,Data Engineering
Executive,Full-time,94000,United States,M,Data Engineering
Senior,Full-time,225000,United States,M,BI and Visualization
Senior,Full-time,156400,United States,M,BI and Visualization
Mid-level,Full-time,300000,Qatar,M,Machine Learning and AI
Senior,Full-time,91000,United States,M,Data Architecture and Modeling
Senior,Full-time,86000,United States,M,Data Architecture and Modeling
Senior,Full-time,205500,United States,M,Data Science and Research
Senior,Full-time,132500,United States,M,Data Science and Research
Mid-level,Full-time,115500,United States,M,Leadership and Management
Mid-level,Full-time,73500,United States,M,Leadership and Management
Senior,Full-time,180000,United States,L,Data Analysis
Senior,Full-time,204500,United States,M,Data Science and Research
Senior,Full-time,142200,United States,M,Data Science and Research
Senior,Full-time,97750,United States,M,Leadership and Management
Senior,Full-time,75000,United States,M,Leadership and Management
Entry-level,Full-time,252990,United States,M,Data Science and Research
Entry-level,Full-time,162170,United States,M,Data Science and Research
Senior,Full-time,216000,United States,M,Data Science and Research
Senior,Full-time,184000,United States,M,Data Science and Research
Senior,Full-time,170000,United States,M,Data Engineering
Senior,Full-time,120000,United States,M,Data Engineering
Senior,Full-time,133200,United States,M,Data Engineering
Senior,Full-time,84000,United States,M,Data Engineering
Entry-level,Full-time,75000,United States,M,Data Analysis
Entry-level,Full-time,67500,United States,M,Data Analysis
Mid-level,Full-time,86128,Canada,M,Data Engineering
Mid-level,Full-time,61520,Canada,M,Data Engineering
Senior,Full-time,300000,United States,M,Data Science and Research
Senior,Full-time,160000,United States,M,Data Science and Research
Senior,Full-time,142000,United States,M,Data Analysis
Senior,Full-time,128000,United States,M,Data Analysis
Mid-level,Full-time,160000,United States,M,Data Science and Research
Mid-level,Full-time,140000,United States,M,Data Science and Research
Senior,Full-time,265000,United States,M,Data Science and Research
Senior,Full-time,153000,United States,M,Data Science and Research
Senior,Full-time,143000,United States,M,Data Analysis
Senior,Full-time,126277,United States,M,Data Analysis
Senior,Full-time,230000,United States,M,Data Science and Research
Senior,Full-time,153000,United States,M,Data Science and Research
Senior,Full-time,224500,United States,M,Data Engineering
Senior,Full-time,126900,United States,M,Data Engineering
Mid-level,Full-time,115500,United States,M,Leadership and Management
Mid-level,Full-time,73500,United States,M,Leadership and Management
Mid-level,Full-time,145000,United States,M,Data Science and Research
Mid-level,Full-time,115000,United States,M,Data Science and Research
Senior,Full-time,227700,United States,M,Data Science and Research
Senior,Full-time,154836,United States,M,Data Science and Research
Senior,Full-time,140000,United States,M,Data Analysis
Senior,Full-time,126000,United States,M,Data Analysis
Senior,Full-time,165000,United States,M,Machine Learning and AI
Senior,Full-time,127000,United States,M,Machine Learning and AI
Senior,Full-time,209000,United States,M,Leadership and Management
Senior,Full-time,112500,United States,M,Leadership and Management
Mid-level,Full-time,140000,United States,M,Data Architecture and Modeling
Mid-level,Full-time,110000,United States,M,Data Architecture and Modeling
Mid-level,Full-time,185900,United States,M,Data Engineering
Mid-level,Full-time,129300,United States,M,Data Engineering
Senior,Full-time,370000,United States,M,Data Science and Research
Senior,Full-time,300000,United States,M,Data Science and Research
Senior,Full-time,136000,United States,M,Data Analysis
Senior,Full-time,104000,United States,M,Data Analysis
Senior,Full-time,214000,United States,M,Data Science and Research
Senior,Full-time,154000,United States,M,Data Science and Research
Senior,Full-time,205000,United States,M,Data Science and Research
Senior,Full-time,157500,United States,M,Data Science and Research
Senior,Full-time,255000,United States,M,Data Engineering
Senior,Full-time,178000,United States,M,Data Engineering
Senior,Full-time,155000,United States,M,Data Engineering
Senior,Full-time,109283,United States,M,Data Engineering
Senior,Full-time,189000,United States,M,Data Science and Research
Senior,Full-time,137000,United States,M,Data Science and Research
Mid-level,Full-time,120000,United States,M,Data Analysis
Mid-level,Full-time,110000,United States,M,Data Analysis
Senior,Full-time,204500,United States,M,Machine Learning and AI
Senior,Full-time,142200,United States,M,Machine Learning and AI
Senior,Full-time,100000,United States,M,Data Analysis
Senior,Full-time,75000,United States,M,Data Analysis
Senior,Full-time,181500,United States,M,Data Engineering
Senior,Full-time,112200,United States,M,Data Engineering
Mid-level,Full-time,49216,United Kingdom,M,Data Engineering
Mid-level,Full-time,43064,United Kingdom,M,Data Engineering
Senior,Full-time,170500,Canada,M,Data Science and Research
Senior,Full-time,118575,Canada,M,Data Science and Research
Senior,Full-time,130000,United States,M,Data Analysis
Senior,Full-time,100000,United States,M,Data Analysis
Mid-level,Contract,97712,Netherlands,L,Machine Learning and AI
Entry-level,Full-time,24940,Portugal,M,Data Science and Research
Mid-level,Full-time,172200,United States,M,Leadership and Management
Mid-level,Full-time,131200,United States,M,Leadership and Management
Senior,Full-time,154500,United States,M,Data Analysis
Senior,Full-time,131325,United States,M,Data Analysis
Senior,Full-time,110400,United States,M,Leadership and Management
Senior,Full-time,68000,United States,M,Leadership and Management
Mid-level,Full-time,115500,United States,M,Leadership and Management
Mid-level,Full-time,73500,United States,M,Leadership and Management
Senior,Full-time,140000,United States,M,BI and Visualization
Senior,Full-time,100000,United States,M,BI and Visualization
Senior,Full-time,192000,United States,M,Data Analysis
Senior,Full-time,138240,United States,M,Data Analysis
Senior,Full-time,225000,United States,M,Machine Learning and AI
Senior,Full-time,190000,United States,M,Machine Learning and AI
Senior,Full-time,207500,United States,M,Data Science and Research
Senior,Full-time,172900,United States,M,Data Science and Research
Mid-level,Full-time,135000,United States,M,Data Science and Research
Mid-level,Full-time,70000,United States,M,Data Science and Research
Senior,Full-time,254000,United States,M,Data Science and Research
Senior,Full-time,185000,United States,M,Data Science and Research
Senior,Full-time,162000,United States,M,Data Engineering
Senior,Full-time,111000,United States,M,Data Engineering
Senior,Full-time,225000,United States,M,Data Science and Research
Senior,Full-time,156400,United States,M,Data Science and Research
Senior,Full-time,147100,United States,M,Data Architecture and Modeling
Senior,Full-time,90700,United States,M,Data Architecture and Modeling
Mid-level,Full-time,90000,United States,M,Data Analysis
Mid-level,Full-time,70000,United States,M,Data Analysis
Senior,Full-time,168400,United States,M,Data Engineering
Senior,Full-time,105200,United States,M,Data Engineering
Senior,Full-time,237000,United States,M,Data Science and Research
Senior,Full-time,170112,United States,M,Data Science and Research
Mid-level,Full-time,25912,Italy,S,Data Science and Research
Senior,Full-time,134960,Netherlands,M,Data Science and Research
Senior,Full-time,155000,United States,M,BI and Visualization
Senior,Full-time,130000,United States,M,BI and Visualization
Senior,Full-time,105000,United States,M,BI and Visualization
Senior,Full-time,70000,United States,M,BI and Visualization
Senior,Full-time,140000,United States,M,Data Analysis
Senior,Full-time,120000,United States,M,Data Analysis
Entry-level,Full-time,115000,Canada,M,Data Management and Strategy
Entry-level,Full-time,85000,Canada,M,Data Management and Strategy
Senior,Full-time,260000,United States,M,Machine Learning and AI
Senior,Full-time,234000,United States,M,Machine Learning and AI
Senior,Full-time,204500,United States,M,Machine Learning and AI
Senior,Full-time,142200,United States,M,Machine Learning and AI
Senior,Full-time,330000,United States,M,Machine Learning and AI
Senior,Full-time,204000,United States,M,Machine Learning and AI
Senior,Full-time,180000,United States,M,Data Engineering
Senior,Full-time,165000,United States,M,Data Engineering
Senior,Full-time,185900,United States,M,Data Science and Research
Senior,Full-time,167310,United States,M,Data Science and Research
Entry-level,Full-time,94600,United States,M,Data Analysis
Entry-level,Full-time,86000,United States,M,Data Analysis
Senior,Full-time,297300,United States,M,Data Science and Research
Senior,Full-time,198200,United States,M,Data Science and Research
Senior,Full-time,167000,United States,M,Data Analysis
Senior,Full-time,150000,United States,M,Data Analysis
Senior,Full-time,121000,United States,M,Data Engineering
Senior,Full-time,101570,United States,M,Data Engineering
Senior,Full-time,175000,United States,M,Data Architecture and Modeling
Senior,Full-time,125000,United States,M,Data Architecture and Modeling
Senior,Full-time,325000,United States,M,Machine Learning and AI
Senior,Full-time,171000,United States,M,Machine Learning and AI
Senior,Full-time,180000,United States,M,Data Science and Research
Senior,Full-time,137000,United States,M,Data Science and Research
Senior,Full-time,265000,United States,M,Data Science and Research
Senior,Full-time,172000,United States,M,Data Science and Research
Mid-level,Full-time,155810,United States,M,Machine Learning and AI
Mid-level,Full-time,106720,United States,M,Machine Learning and AI
Entry-level,Full-time,160800,United Kingdom,M,Data Science and Research
Entry-level,Full-time,132200,United Kingdom,M,Data Science and Research
Senior,Full-time,133000,United States,M,Data Analysis
Senior,Full-time,113000,United States,M,Data Analysis
Senior,Full-time,105000,United States,M,Data Analysis
Senior,Full-time,75000,United States,M,Data Analysis
Senior,Full-time,208400,United States,M,Data Science and Research
Senior,Full-time,139000,United States,M,Data Science and Research
Senior,Full-time,157550,United States,M,Data Engineering
Senior,Full-time,104650,United States,M,Data Engineering
Senior,Full-time,240500,United States,L,Data Engineering
Senior,Full-time,123700,United States,L,Data Engineering
Senior,Full-time,205600,United States,L,Data Engineering
Senior,Full-time,105700,United States,L,Data Engineering
Senior,Full-time,78000,United States,L,Data Analysis
Mid-level,Full-time,121000,United States,M,Data Engineering
Mid-level,Full-time,78000,United States,M,Data Engineering
Entry-level,Full-time,85600,United States,M,Data Science and Research
Entry-level,Full-time,48915,United States,M,Data Science and Research
Mid-level,Full-time,78000,United States,M,Data Analysis
Mid-level,Full-time,68000,United States,M,Data Analysis
Senior,Full-time,53444,Spain,M,Data Science and Research
Senior,Full-time,45150,Spain,M,Data Science and Research
Senior,Full-time,275500,United States,M,Data Science and Research
Senior,Full-time,206000,United States,M,Data Science and Research
Senior,Full-time,202800,United States,L,BI and Visualization
Senior,Full-time,104300,United States,L,BI and Visualization
Senior,Full-time,56359,Italy,M,Data Science and Research
Senior,Full-time,47799,Italy,M,Data Science and Research
Senior,Full-time,154000,United States,M,Data Engineering
Senior,Full-time,102000,United States,M,Data Engineering
Senior,Full-time,140000,United States,M,Data Architecture and Modeling
Senior,Full-time,100000,United States,M,Data Architecture and Modeling
Senior,Full-time,91000,United States,M,Data Architecture and Modeling
Senior,Full-time,86000,United States,M,Data Architecture and Modeling
Senior,Full-time,228000,United States,M,Data Science and Research
Senior,Full-time,136000,United States,M,Data Science and Research
Senior,Full-time,180000,United States,M,Data Analysis
Senior,Full-time,140000,United States,M,Data Analysis
Senior,Full-time,175000,United States,M,Data Science and Research
Senior,Full-time,155000,United States,M,Data Science and Research
Entry-level,Full-time,16455,Russian Federation,M,Data Science and Research
Senior,Full-time,207611,United States,M,Data Analysis
Senior,Full-time,127876,United States,M,Data Analysis
Entry-level,Full-time,111000,United States,M,Data Analysis
Entry-level,Full-time,104000,United States,M,Data Analysis
Mid-level,Full-time,128000,United States,M,BI and Visualization
Mid-level,Full-time,81500,United States,M,BI and Visualization
Entry-level,Full-time,61520,United Kingdom,M,Data Analysis
Entry-level,Full-time,43064,United Kingdom,M,Data Analysis
Mid-level,Full-time,97750,United States,M,Data Analysis
Mid-level,Full-time,75000,United States,M,Data Analysis
Senior,Full-time,238000,United States,M,Machine Learning and AI
Senior,Full-time,176000,United States,M,Machine Learning and AI
Senior,Full-time,192000,Canada,M,Data Analysis
Senior,Full-time,92000,Canada,M,Data Analysis
Senior,Full-time,195000,United States,M,Data Engineering
Senior,Full-time,125000,United States,M,Data Engineering
Senior,Full-time,204500,United States,M,Data Science and Research
Senior,Full-time,142200,United States,M,Data Science and Research
Entry-level,Full-time,132600,United States,M,Data Analysis
Entry-level,Full-time,81500,United States,M,Data Analysis
Mid-level,Full-time,202400,United States,M,Data Engineering
Mid-level,Full-time,147200,United States,M,Data Engineering
Senior,Full-time,175000,United States,M,Data Analysis
Senior,Full-time,135000,United States,M,Data Analysis
Senior,Full-time,238000,United States,M,Machine Learning and AI
Senior,Full-time,176000,United States,M,Machine Learning and AI
Senior,Full-time,239000,United States,M,Data Science and Research
Senior,Full-time,136000,United States,M,Data Science and Research
Mid-level,Full-time,54000,United States,M,Data Analysis
Mid-level,Full-time,36000,United States,M,Data Analysis
Senior,Full-time,176000,United States,M,Data Science and Research
Senior,Full-time,118720,United States,M,Data Science and Research
Senior,Full-time,204500,United States,M,Data Science and Research
Senior,Full-time,138900,United States,M,Data Science and Research
Mid-level,Full-time,140000,United States,M,Data Engineering
Mid-level,Full-time,95000,United States,M,Data Engineering
Senior,Full-time,240000,United States,M,Data Science and Research
Senior,Full-time,157000,United States,M,Data Science and Research
Mid-level,Full-time,165000,United States,M,Data Engineering
Mid-level,Full-time,136000,United States,M,Data Engineering
Senior,Full-time,230000,United States,M,Data Science and Research
Senior,Full-time,196000,United States,M,Data Science and Research
Senior,Full-time,272300,United States,M,Data Science and Research
Senior,Full-time,222800,United States,M,Data Science and Research
Mid-level,Full-time,167500,United States,M,Data Engineering
Mid-level,Full-time,106500,United States,M,Data Engineering
Senior,Full-time,172750,United States,M,Leadership and Management
Senior,Full-time,82500,United States,M,Leadership and Management
Mid-level,Full-time,165600,United States,L,BI and Visualization
Mid-level,Full-time,65800,United States,L,BI and Visualization
Senior,Full-time,192000,United States,M,Data Science and Research
Senior,Full-time,164000,United States,M,Data Science and Research
Senior,Full-time,145000,United States,M,Leadership and Management
Senior,Full-time,130000,United States,M,Leadership and Management
Senior,Full-time,226600,United States,M,Machine Learning and AI
Senior,Full-time,140100,United States,M,Machine Learning and AI
Senior,Full-time,185900,United States,M,Data Science and Research
Senior,Full-time,129300,United States,M,Data Science and Research
Senior,Full-time,331640,United States,M,Machine Learning and AI
Senior,Full-time,267720,United States,M,Machine Learning and AI
Senior,Full-time,281000,Canada,M,Data Science and Research
Senior,Full-time,181000,Canada,M,Data Science and Research
Senior,Full-time,207611,United States,M,Leadership and Management
Senior,Full-time,127876,United States,M,Leadership and Management
Senior,Full-time,225000,United States,M,Data Science and Research
Senior,Full-time,168000,United States,M,Data Science and Research
Senior,Full-time,280600,United States,M,Data Engineering
Senior,Full-time,158600,United States,M,Data Engineering
Senior,Full-time,200000,United States,M,Machine Learning and AI
Senior,Full-time,140000,United States,M,Machine Learning and AI
Senior,Full-time,283780,United States,M,Machine Learning and AI
Senior,Full-time,218540,United States,M,Machine Learning and AI
Senior,Full-time,178500,United States,M,Data Engineering
Senior,Full-time,100000,United States,M,Data Engineering
Senior,Full-time,323300,United States,M,Data Science and Research
Senior,Full-time,184700,United States,M,Data Science and Research
Senior,Full-time,248100,United States,M,Data Science and Research
Senior,Full-time,145900,United States,M,Data Science and Research
Mid-level,Full-time,123040,United Kingdom,M,Leadership and Management
Mid-level,Full-time,104584,United Kingdom,M,Leadership and Management
Mid-level,Full-time,185000,United States,M,Data Science and Research
Mid-level,Full-time,137700,United States,M,Data Science and Research
Senior,Full-time,205500,United States,M,Data Science and Research
Senior,Full-time,132500,United States,M,Data Science and Research
Mid-level,Full-time,65100,United States,M,Data Quality and Operations
Mid-level,Full-time,44640,United States,M,Data Quality and Operations
Senior,Full-time,181500,United States,M,Data Engineering
Senior,Full-time,112200,United States,M,Data Engineering
Senior,Full-time,192000,United States,M,Machine Learning and AI
Senior,Full-time,164000,United States,M,Machine Learning and AI
Mid-level,Full-time,161000,United States,M,Data Analysis
Mid-level,Full-time,123000,United States,M,Data Analysis
Senior,Full-time,247300,United States,M,Data Engineering
Senior,Full-time,139700,United States,M,Data Engineering
Senior,Full-time,145000,United States,M,Data Analysis
Senior,Full-time,106000,United States,M,Data Analysis
Senior,Full-time,200000,Canada,M,Data Engineering
Senior,Full-time,160000,Canada,M,Data Engineering
Senior,Full-time,204600,United States,M,Machine Learning and AI
Senior,Full-time,126500,United States,M,Machine Learning and AI
Senior,Full-time,278700,United States,M,Data Science and Research
Senior,Full-time,159300,United States,M,Data Science and Research
Mid-level,Full-time,180000,United States,M,Data Science and Research
Mid-level,Full-time,140000,United States,M,Data Science and Research
Senior,Full-time,238000,United States,M,Machine Learning and AI
Senior,Full-time,176000,United States,M,Machine Learning and AI
Senior,Full-time,125000,United States,M,Data Quality and Operations
Senior,Full-time,65000,United States,M,Data Quality and Operations
Mid-level,Full-time,230000,United States,M,Data Science and Research
Mid-level,Full-time,175000,United States,M,Data Science and Research
Mid-level,Full-time,130000,United States,M,Data Engineering
Mid-level,Full-time,100000,United States,M,Data Engineering
Senior,Full-time,252990,United States,M,Data Science and Research
Senior,Full-time,162170,United States,M,Data Science and Research
Mid-level,Full-time,183000,Canada,M,Data Engineering
Mid-level,Full-time,122000,Canada,M,Data Engineering
Senior,Full-time,253000,United States,M,Machine Learning and AI
Senior,Full-time,172040,United States,M,Machine Learning and AI
Senior,Full-time,310270,United States,M,Data Science and Research
Senior,Full-time,239080,United States,M,Data Science and Research
Senior,Full-time,85000,United States,M,Data Analysis
Senior,Full-time,70000,United States,M,Data Analysis
Mid-level,Full-time,135000,United States,M,Data Engineering
Mid-level,Full-time,125000,United States,M,Data Engineering
Senior,Full-time,253000,United States,M,Data Science and Research
Senior,Full-time,172040,United States,M,Data Science and Research
Mid-level,Full-time,135000,United States,M,Data Engineering
Mid-level,Full-time,108000,United States,M,Data Engineering
Senior,Full-time,225500,United States,M,Data Engineering
Senior,Full-time,139400,United States,M,Data Engineering
Senior,Full-time,129562,United States,L,Machine Learning and AI
Entry-level,Full-time,50000,Kenya,S,Data Analysis
Senior,Full-time,227850,United States,M,Machine Learning and AI
Senior,Full-time,180500,United States,M,Machine Learning and AI
Mid-level,Full-time,90000,United States,M,Data Analysis
Mid-level,Full-time,70000,United States,M,Data Analysis
Senior,Full-time,199000,United States,M,Data Engineering
Senior,Full-time,159000,United States,M,Data Engineering
Senior,Full-time,350000,United States,M,Leadership and Management
Senior,Full-time,80000,United States,M,Leadership and Management
Senior,Full-time,240000,United Kingdom,M,Machine Learning and AI
Senior,Full-time,160000,United Kingdom,M,Machine Learning and AI
Senior,Full-time,145000,United States,M,Data Engineering
Senior,Full-time,115000,United States,M,Data Engineering
Mid-level,Full-time,107500,United States,M,Data Analysis
Mid-level,Full-time,96750,United States,M,Data Analysis
Senior,Full-time,174000,United States,M,Machine Learning and AI
Senior,Full-time,104000,United States,M,Machine Learning and AI
Senior,Full-time,275300,United States,M,Machine Learning and AI
Senior,Full-time,183500,United States,M,Machine Learning and AI
Senior,Full-time,250000,United States,M,Data Science and Research
Senior,Full-time,225000,United States,M,Data Science and Research
Senior,Full-time,174350,United States,M,Data Engineering
Senior,Full-time,126800,United States,M,Data Engineering
Senior,Full-time,284050,United States,M,Machine Learning and AI
Senior,Full-time,193800,United States,M,Machine Learning and AI
Senior,Full-time,300000,United States,M,Data Engineering
Senior,Full-time,200000,United States,M,Data Engineering
Senior,Full-time,232989,United States,M,Data Engineering
Senior,Full-time,140000,United States,M,Data Engineering
Entry-level,Full-time,85000,United States,M,Data Analysis
Senior,Full-time,204500,United States,M,Machine Learning and AI
Senior,Full-time,142200,United States,M,Machine Learning and AI
Senior,Full-time,147100,United States,M,Data Engineering
Senior,Full-time,90700,United States,M,Data Engineering
Senior,Full-time,140000,United States,M,Data Analysis
Senior,Full-time,95000,United States,M,Data Analysis
Senior,Full-time,204500,United States,M,Data Analysis
Senior,Full-time,138900,United States,M,Data Analysis
Senior,Full-time,168400,United States,M,Data Architecture and Modeling
Senior,Full-time,105200,United States,M,Data Architecture and Modeling
Senior,Full-time,205500,United States,M,Data Science and Research
Senior,Full-time,132500,United States,M,Data Science and Research
Senior,Full-time,147100,United States,M,Data Science and Research
Senior,Full-time,90700,United States,M,Data Science and Research
Senior,Full-time,247500,United States,M,Machine Learning and AI
Senior,Full-time,172200,United States,M,Machine Learning and AI
Senior,Full-time,192000,United States,M,Data Analysis
Senior,Full-time,138240,United States,M,Data Analysis
Senior,Full-time,168400,United States,M,Data Engineering
Senior,Full-time,105200,United States,M,Data Engineering
Senior,Full-time,150550,United States,M,Leadership and Management
Senior,Full-time,116710,United States,M,Leadership and Management
Senior,Full-time,180000,United States,M,Data Science and Research
Senior,Full-time,162000,United States,M,Data Science and Research
Senior,Full-time,226600,United States,M,Machine Learning and AI
Senior,Full-time,140100,United States,M,Machine Learning and AI
Senior,Full-time,147100,United States,M,BI and Visualization
Senior,Full-time,90700,United States,M,BI and Visualization
Senior,Full-time,175000,United States,M,Data Science and Research
Senior,Full-time,120000,United States,M,Data Science and Research
Senior,Full-time,147100,United States,M,Data Architecture and Modeling
Senior,Full-time,90700,United States,M,Data Architecture and Modeling
Senior,Full-time,168400,United States,M,Data Architecture and Modeling
Senior,Full-time,105200,United States,M,Data Architecture and Modeling
Senior,Full-time,125000,United States,M,Leadership and Management
Senior,Full-time,100000,United States,M,Leadership and Management
Senior,Full-time,198800,United States,M,Data Science and Research
Senior,Full-time,105200,United States,M,Data Science and Research
Mid-level,Full-time,115500,United States,M,Leadership and Management
Mid-level,Full-time,73500,United States,M,Leadership and Management
Senior,Full-time,150600,United Kingdom,M,Data Engineering
Senior,Full-time,120500,United Kingdom,M,Data Engineering
Senior,Full-time,183000,United States,M,Data Engineering
Senior,Full-time,140000,United States,M,Data Engineering
Executive,Full-time,167500,United States,M,BI and Visualization
Executive,Full-time,106500,United States,M,BI and Visualization
Senior,Full-time,175000,United States,M,Leadership and Management
Senior,Full-time,125000,United States,M,Leadership and Management
Senior,Full-time,239000,Canada,M,Machine Learning and AI
Senior,Full-time,149000,Canada,M,Machine Learning and AI
Mid-level,Full-time,128000,United States,M,BI and Visualization
Mid-level,Full-time,81500,United States,M,BI and Visualization
Senior,Full-time,185000,United States,M,Data Science and Research
Senior,Full-time,122000,United States,M,Data Science and Research
Senior,Full-time,202800,United States,L,BI and Visualization
Senior,Full-time,104300,United States,L,BI and Visualization
Mid-level,Full-time,181500,United States,M,Data Engineering
Mid-level,Full-time,127000,United States,M,Data Engineering
Mid-level,Full-time,186000,United States,M,Data Management and Strategy
Mid-level,Full-time,138000,United States,M,Data Management and Strategy
Mid-level,Full-time,185000,United States,M,Data Science and Research
Mid-level,Full-time,122000,United States,M,Data Science and Research
Senior,Full-time,196000,United States,M,Data Science and Research
Senior,Full-time,142600,United States,M,Data Science and Research
Senior,Full-time,205000,United States,M,Data Science and Research
Senior,Full-time,150000,United States,M,Data Science and Research
Senior,Full-time,140000,Canada,M,BI and Visualization
Senior,Full-time,112000,Canada,M,BI and Visualization
Senior,Full-time,139000,United States,M,Data Analysis
Senior,Full-time,85700,United States,M,Data Analysis
Senior,Full-time,36000,Russian Federation,L,Data Science and Research
Senior,Full-time,130000,United States,M,Data Engineering
Senior,Full-time,91270,United States,M,Data Engineering
Senior,Full-time,226600,United States,M,Data Science and Research
Senior,Full-time,140100,United States,M,Data Science and Research
Senior,Full-time,225000,United States,M,BI and Visualization
Senior,Full-time,156400,United States,M,BI and Visualization
Mid-level,Full-time,222200,United States,L,Data Science and Research
Mid-level,Full-time,136000,United States,L,Data Science and Research
Senior,Full-time,180000,United States,M,Data Architecture and Modeling
Senior,Full-time,165000,United States,M,Data Architecture and Modeling
Executive,Full-time,247000,United States,M,Data Science and Research
Executive,Full-time,118440,United States,M,Data Science and Research
Senior,Full-time,145000,United States,M,Leadership and Management
Senior,Full-time,130000,United States,M,Leadership and Management
Mid-level,Full-time,204500,United States,M,Data Science and Research
Mid-level,Full-time,138900,United States,M,Data Science and Research
Senior,Full-time,297300,United States,M,Machine Learning and AI
Senior,Full-time,198200,United States,M,Machine Learning and AI
Mid-level,Full-time,172200,United States,M,Data Science and Research
Mid-level,Full-time,131200,United States,M,Data Science and Research
Mid-level,Full-time,110736,United Kingdom,M,Data Science and Research
Mid-level,Full-time,86128,United Kingdom,M,Data Science and Research
Senior,Full-time,204500,United States,M,BI and Visualization
Senior,Full-time,138900,United States,M,BI and Visualization
Mid-level,Full-time,87500,United States,M,Data Management and Strategy
Mid-level,Full-time,62500,United States,M,Data Management and Strategy
Senior,Full-time,244000,Canada,M,Data Science and Research
Senior,Full-time,157000,Canada,M,Data Science and Research
Senior,Full-time,157550,United States,M,Data Engineering
Senior,Full-time,104650,United States,M,Data Engineering
Senior,Full-time,136000,United States,M,Data Science and Research
Senior,Full-time,90600,United States,M,Data Science and Research
Entry-level,Full-time,49216,United Kingdom,M,Data Engineering
Entry-level,Full-time,43064,United Kingdom,M,Data Engineering
Senior,Full-time,160000,India,L,Machine Learning and AI
Senior,Full-time,91773,Spain,M,Data Engineering
Senior,Full-time,120350,United States,M,Data Analysis
Senior,Full-time,74400,United States,M,Data Analysis
Senior,Full-time,281000,Canada,M,Data Science and Research
Senior,Full-time,181000,Canada,M,Data Science and Research
Senior,Full-time,280600,United States,M,Data Engineering
Senior,Full-time,158600,United States,M,Data Engineering
Senior,Full-time,315300,United States,M,Machine Learning and AI
Senior,Full-time,210200,United States,M,Machine Learning and AI
Mid-level,Full-time,177000,United States,M,Leadership and Management
Mid-level,Full-time,110000,United States,M,Leadership and Management
Senior,Full-time,185000,United States,L,BI and Visualization
Senior,Full-time,79600,United States,L,BI and Visualization
Mid-level,Full-time,65000,United States,M,Data Analysis
Mid-level,Full-time,55000,United States,M,Data Analysis
Senior,Full-time,250000,United States,M,Data Science and Research
Senior,Full-time,160000,United States,M,Data Science and Research
Mid-level,Full-time,183200,United States,M,Data Science and Research
Mid-level,Full-time,122200,United States,M,Data Science and Research
Senior,Full-time,100000,United States,M,Data Analysis
Senior,Full-time,75000,United States,M,Data Analysis
Senior,Full-time,185000,United States,M,Data Analysis
Senior,Full-time,145000,United States,M,Data Analysis
Mid-level,Full-time,150000,United States,M,Data Science and Research
Senior,Full-time,131000,United States,M,Data Science and Research
Senior,Full-time,101000,United States,M,Data Science and Research
Senior,Full-time,170000,United States,M,Data Engineering
Senior,Full-time,130000,United States,M,Data Engineering
Senior,Full-time,171050,United States,M,BI and Visualization
Senior,Full-time,124400,United States,M,BI and Visualization
Senior,Full-time,135000,United States,M,BI and Visualization
Senior,Full-time,110000,United States,M,BI and Visualization
Senior,Full-time,187000,United States,M,Data Science and Research
Senior,Full-time,128000,United States,M,Data Science and Research
Mid-level,Full-time,177000,United States,M,Leadership and Management
Mid-level,Full-time,110000,United States,M,Leadership and Management
Senior,Full-time,138000,United States,M,Data Analysis
Senior,Full-time,92000,United States,M,Data Analysis
Executive,Full-time,200000,United States,M,Data Engineering
Executive,Full-time,160000,United States,M,Data Engineering
Senior,Full-time,138000,United Kingdom,M,Data Architecture and Modeling
Senior,Full-time,92000,United Kingdom,M,Data Architecture and Modeling
Senior,Full-time,140000,United States,M,Data Science and Research
Senior,Full-time,120000,United States,M,Data Science and Research
Senior,Full-time,241300,United States,L,BI and Visualization
Senior,Full-time,124100,United States,L,BI and Visualization
Senior,Full-time,185000,United States,M,Data Science and Research
Senior,Full-time,152000,United States,M,Data Science and Research
Senior,Full-time,138000,United States,M,Data Analysis
Senior,Full-time,92000,United States,M,Data Analysis
Senior,Full-time,288000,United States,M,Data Engineering
Senior,Full-time,160000,United States,M,Data Engineering
Senior,Full-time,93918,United States,M,Data Analysis
Senior,Full-time,51962,United States,M,Data Analysis
Senior,Full-time,107968,Germany,M,Data Engineering
Senior,Full-time,90599,Germany,M,Data Engineering
Senior,Full-time,189750,United States,M,Data Science and Research
Senior,Full-time,145000,United States,M,Data Science and Research
Senior,Full-time,225500,United States,M,Data Engineering
Senior,Full-time,139400,United States,M,Data Engineering
Senior,Full-time,130000,United States,M,Data Analysis
Senior,Full-time,95000,United States,M,Data Analysis
Senior,Full-time,359170,United States,M,Data Science and Research
Senior,Full-time,310270,United States,M,Data Science and Research
Senior,Full-time,252000,United States,M,Data Engineering
Senior,Full-time,140000,United States,M,Data Engineering
Mid-level,Full-time,82254,Canada,L,Data Science and Research
Mid-level,Full-time,61699,Canada,L,Data Science and Research
Executive,Full-time,247500,United States,M,BI and Visualization
Executive,Full-time,172200,United States,M,BI and Visualization
Mid-level,Full-time,87500,United States,M,BI and Visualization
Mid-level,Full-time,62500,United States,M,BI and Visualization
Senior,Full-time,146000,Canada,M,Leadership and Management
Senior,Full-time,108000,Canada,M,Leadership and Management
Senior,Full-time,204500,United States,M,Data Science and Research
Senior,Full-time,142200,United States,M,Data Science and Research
Senior,Full-time,138000,United States,M,Data Analysis
Senior,Full-time,92000,United States,M,Data Analysis
Senior,Full-time,273000,United States,M,Data Science and Research
Senior,Full-time,166500,United States,M,Data Science and Research
Entry-level,Full-time,65000,United States,M,Data Science and Research
Entry-level,Full-time,45000,United States,M,Data Science and Research
Senior,Full-time,180000,United States,M,Data Engineering
Senior,Full-time,150000,United States,M,Data Engineering
Senior,Full-time,174000,United States,M,Data Science and Research
Senior,Full-time,139000,United States,M,Data Science and Research
Senior,Full-time,212800,United States,L,Data Science and Research
Senior,Full-time,124100,United States,L,Data Science and Research
Senior,Full-time,247500,United States,M,Machine Learning and AI
Senior,Full-time,172200,United States,M,Machine Learning and AI
Senior,Full-time,189750,Canada,M,Data Science and Research
Senior,Full-time,119213,Canada,M,Data Science and Research
Senior,Full-time,190000,Canada,M,Leadership and Management
Senior,Full-time,140000,Canada,M,Leadership and Management
Senior,Full-time,228830,United States,M,Machine Learning and AI
Senior,Full-time,148590,United States,M,Machine Learning and AI
Mid-level,Full-time,140000,United States,S,Machine Learning and AI
Senior,Full-time,180514,United Kingdom,M,Machine Learning and AI
Senior,Full-time,108308,United Kingdom,M,Machine Learning and AI
Senior,Full-time,220000,United States,M,Machine Learning and AI
Senior,Full-time,170000,United States,M,Machine Learning and AI
Senior,Full-time,169000,United States,M,BI and Visualization
Senior,Full-time,110600,United States,M,BI and Visualization
Senior,Full-time,180514,United Kingdom,M,Data Engineering
Senior,Full-time,108308,United Kingdom,M,Data Engineering
Senior,Full-time,247300,United States,M,Data Engineering
Senior,Full-time,139700,United States,M,Data Engineering
Senior,Full-time,77737,Spain,M,Data Engineering
Senior,Full-time,64311,Spain,M,Data Engineering
Senior,Full-time,205500,United States,M,Data Science and Research
Senior,Full-time,132500,United States,M,Data Science and Research
Mid-level,Full-time,75000,United States,M,Data Analysis
Mid-level,Full-time,65000,United States,M,Data Analysis
Senior,Full-time,121000,United States,M,Data Engineering
Senior,Full-time,78000,United States,M,Data Engineering
Senior,Full-time,160000,United States,M,Data Engineering
Senior,Full-time,145000,United States,M,Data Engineering
Senior,Full-time,75577,Italy,M,Data Engineering
Senior,Full-time,62433,Italy,M,Data Engineering
Senior,Full-time,238000,Canada,M,Data Science and Research
Senior,Full-time,156000,Canada,M,Data Science and Research
Senior,Full-time,204500,United States,M,Data Analysis
Senior,Full-time,138900,United States,M,Data Analysis
Senior,Full-time,204500,United States,M,Machine Learning and AI
Senior,Full-time,142200,United States,M,Machine Learning and AI
Senior,Full-time,160000,United States,M,Data Engineering
Senior,Full-time,120000,United States,M,Data Engineering
Senior,Full-time,254000,United States,M,Data Engineering
Senior,Full-time,200000,United States,M,Data Engineering
Senior,Full-time,228000,United States,M,Data Science and Research
Senior,Full-time,136000,United States,M,Data Science and Research
Senior,Full-time,233300,United States,M,Data Science and Research
Senior,Full-time,155500,United States,M,Data Science and Research
Mid-level,Full-time,64781,Denmark,L,BI and Visualization
Senior,Full-time,94000,United States,M,Data Analysis
Senior,Full-time,81900,United States,M,Data Analysis
Senior,Full-time,190000,United States,M,Data Engineering
Senior,Full-time,140000,United States,M,Data Engineering
Senior,Full-time,199000,United Kingdom,M,Data Engineering
Senior,Full-time,162000,United Kingdom,M,Data Engineering
Senior,Full-time,92280,United Kingdom,M,Data Analysis
Senior,Full-time,67672,United Kingdom,M,Data Analysis
Senior,Full-time,208000,United States,M,Data Engineering
Senior,Full-time,109500,United States,M,Data Engineering
Senior,Full-time,240000,United States,M,Data Quality and Operations
Senior,Full-time,238530,United States,M,Data Quality and Operations
Senior,Full-time,95000,United States,M,Data Quality and Operations
Senior,Full-time,82000,United States,M,Data Quality and Operations
Executive,Full-time,80000,United States,M,Data Analysis
Executive,Full-time,70000,United States,M,Data Analysis
Senior,Full-time,155000,United States,M,BI and Visualization
Senior,Full-time,130000,United States,M,BI and Visualization
Senior,Full-time,169000,United States,M,Data Analysis
Senior,Full-time,110600,United States,M,Data Analysis
Senior,Full-time,190000,United States,M,Data Science and Research
Senior,Full-time,150000,United States,M,Data Science and Research
Senior,Full-time,154700,United States,M,Data Science and Research
Senior,Full-time,118900,United States,M,Data Science and Research
Senior,Full-time,232960,United States,M,Data Engineering
Senior,Full-time,166400,United States,M,Data Engineering
Mid-level,Full-time,156000,United States,M,Data Science and Research
Mid-level,Full-time,105000,United States,M,Data Science and Research
Senior,Full-time,193000,Canada,M,Machine Learning and AI
Senior,Full-time,143000,Canada,M,Machine Learning and AI
Senior,Full-time,190000,United States,M,Data Engineering
Senior,Full-time,140000,United States,M,Data Engineering
Senior,Full-time,138860,United States,M,Data Analysis
Senior,Full-time,119610,United States,M,Data Analysis
Senior,Full-time,205485,United States,M,Data Science and Research
Senior,Full-time,156560,United States,M,Data Science and Research
Mid-level,Full-time,230000,United States,M,Data Science and Research
Mid-level,Full-time,175000,United States,M,Data Science and Research
Senior,Full-time,210600,United Kingdom,M,Machine Learning and AI
Senior,Full-time,135000,United Kingdom,M,Machine Learning and AI
Senior,Full-time,265000,United States,M,Data Science and Research
Senior,Full-time,153000,United States,M,Data Science and Research
Senior,Full-time,260000,United States,M,Leadership and Management
Senior,Full-time,170000,United States,M,Leadership and Management
Mid-level,Full-time,105000,United States,M,Data Engineering
Mid-level,Full-time,65000,United States,M,Data Engineering
Senior,Full-time,157550,United States,M,Data Engineering
Senior,Full-time,104650,United States,M,Data Engineering
Senior,Full-time,225000,United States,M,BI and Visualization
Senior,Full-time,156400,United States,M,BI and Visualization
Senior,Full-time,150000,United States,M,Data Analysis
Senior,Full-time,125000,United States,M,Data Analysis
Mid-level,Full-time,135000,United Kingdom,M,Data Science and Research
Mid-level,Full-time,100000,United Kingdom,M,Data Science and Research
Mid-level,Full-time,100000,United States,M,Data Analysis
Mid-level,Full-time,59000,United States,M,Data Analysis
Mid-level,Full-time,70132,United Kingdom,M,Data Science and Research
Mid-level,Full-time,51676,United Kingdom,M,Data Science and Research
Senior,Full-time,92280,United Kingdom,M,Data Science and Research
Senior,Full-time,79976,United Kingdom,M,Data Science and Research
Mid-level,Full-time,15000,Ghana,M,BI and Visualization
Senior,Full-time,64781,Germany,L,Data Science and Research
Senior,Full-time,225000,United States,M,Data Science and Research
Senior,Full-time,156400,United States,M,Data Science and Research
Senior,Full-time,144100,United States,M,Data Analysis
Senior,Full-time,89100,United States,M,Data Analysis
Senior,Full-time,185900,United States,M,Data Engineering
Senior,Full-time,129300,United States,M,Data Engineering
Mid-level,Full-time,177000,United States,M,Leadership and Management
Mid-level,Full-time,110000,United States,M,Leadership and Management
Senior,Full-time,140000,United States,M,Data Science and Research
Senior,Full-time,100000,United States,M,Data Science and Research
Mid-level,Full-time,145000,United States,M,Data Science and Research
Mid-level,Full-time,115000,United States,M,Data Science and Research
Senior,Full-time,193600,United States,M,Data Engineering
Senior,Full-time,119700,United States,M,Data Engineering
Senior,Full-time,94000,United States,M,Data Analysis
Senior,Full-time,81900,United States,M,Data Analysis
Senior,Full-time,164000,United States,M,Data Science and Research
Senior,Full-time,130000,United States,M,Data Science and Research
Senior,Full-time,190000,United States,M,Data Engineering
Senior,Full-time,140000,United States,M,Data Engineering
Executive,Full-time,131721,Netherlands,L,Data Science and Research
Senior,Full-time,323300,United States,M,Data Science and Research
Senior,Full-time,184700,United States,M,Data Science and Research
Mid-level,Full-time,180000,United States,M,Machine Learning and AI
Mid-level,Full-time,120000,United States,M,Machine Learning and AI
Senior,Full-time,93918,United States,M,Data Analysis
Senior,Full-time,51962,United States,M,Data Analysis
Senior,Full-time,150000,United States,M,Data Science and Research
Senior,Full-time,130000,United States,M,Data Science and Research
Senior,Full-time,242000,Canada,M,Data Engineering
Senior,Full-time,134000,Canada,M,Data Engineering
Senior,Full-time,104000,United States,M,Data Architecture and Modeling
Senior,Full-time,86000,United States,M,Data Architecture and Modeling
Senior,Full-time,258800,United Kingdom,M,Machine Learning and AI
Senior,Full-time,199200,United Kingdom,M,Machine Learning and AI
Senior,Full-time,201000,United States,M,Data Science and Research
Senior,Full-time,122000,United States,M,Data Science and Research
Mid-level,Full-time,110000,United States,M,Data Analysis
Mid-level,Full-time,90000,United States,M,Data Analysis
Senior,Full-time,141100,United States,M,Data Science and Research
Senior,Full-time,94100,United States,M,Data Science and Research
Senior,Full-time,210000,United States,M,Data Engineering
Senior,Full-time,165000,United States,M,Data Engineering
Senior,Full-time,185900,United States,M,Data Engineering
Senior,Full-time,129300,United States,M,Data Engineering
Senior,Full-time,140000,United States,M,Data Science and Research
Senior,Full-time,126000,United States,M,Data Science and Research
Senior,Full-time,170000,United States,M,Data Science and Research
Senior,Full-time,130000,United States,M,Data Science and Research
Mid-level,Full-time,104584,United Kingdom,M,Data Engineering
Mid-level,Full-time,92280,United Kingdom,M,Data Engineering
Senior,Full-time,208500,United States,M,Leadership and Management
Senior,Full-time,165000,United States,M,Leadership and Management
Senior,Full-time,77737,Germany,L,Data Engineering
Senior,Full-time,86374,Sweden,L,Data Engineering
Senior,Full-time,169000,United States,M,BI and Visualization
Senior,Full-time,110600,United States,M,BI and Visualization
Senior,Full-time,185900,United States,M,Data Science and Research
Senior,Full-time,129300,United States,M,Data Science and Research
Senior,Full-time,225000,United States,M,Data Science and Research
Senior,Full-time,156400,United States,M,Data Science and Research
Senior,Full-time,309000,United States,M,Machine Learning and AI
Senior,Full-time,142000,United States,M,Machine Learning and AI
Senior,Full-time,225000,United States,M,Data Science and Research
Senior,Full-time,156400,United States,M,Data Science and Research
Senior,Full-time,204500,United States,M,Data Analysis
Senior,Full-time,138900,United States,M,Data Analysis
Senior,Full-time,185900,United States,M,Data Science and Research
Senior,Full-time,129300,United States,M,Data Science and Research
Senior,Full-time,323300,United States,M,Machine Learning and AI
Senior,Full-time,184700,United States,M,Machine Learning and AI
Senior,Full-time,247500,United States,M,Machine Learning and AI
Senior,Full-time,172200,United States,M,Machine Learning and AI
Senior,Full-time,204500,United States,M,Data Science and Research
Senior,Full-time,142200,United States,M,Data Science and Research
Senior,Full-time,135000,United States,M,BI and Visualization
Senior,Full-time,110000,United States,M,BI and Visualization
Senior,Full-time,180514,United Kingdom,M,Machine Learning and AI
Senior,Full-time,108308,United Kingdom,M,Machine Learning and AI
Senior,Full-time,118800,United States,M,BI and Visualization
Senior,Full-time,75000,United States,M,BI and Visualization
Senior,Full-time,145000,United States,M,Leadership and Management
Senior,Full-time,130000,United States,M,Leadership and Management
Senior,Full-time,180514,United Kingdom,M,Data Engineering
Senior,Full-time,108308,United Kingdom,M,Data Engineering
Senior,Full-time,193600,United States,M,Machine Learning and AI
Senior,Full-time,119700,United States,M,Machine Learning and AI
Senior,Full-time,130800,United States,M,BI and Visualization
Senior,Full-time,87200,United States,M,BI and Visualization
Senior,Full-time,215000,United States,M,Data Engineering
Senior,Full-time,150000,United States,M,Data Engineering
Executive,Full-time,247500,United States,M,BI and Visualization
Executive,Full-time,172200,United States,M,BI and Visualization
Mid-level,Full-time,61520,United Kingdom,M,Data Science and Research
Mid-level,Full-time,49216,United Kingdom,M,Data Science and Research
Senior,Full-time,204500,United States,M,Machine Learning and AI
Senior,Full-time,142200,United States,M,Machine Learning and AI
Senior,Full-time,169000,United States,M,Data Analysis
Senior,Full-time,110600,United States,M,Data Analysis
Senior,Full-time,204500,United States,M,Machine Learning and AI
Senior,Full-time,142200,United States,M,Machine Learning and AI
Senior,Full-time,238000,United States,M,Machine Learning and AI
Senior,Full-time,173000,United States,M,Machine Learning and AI
Senior,Full-time,225000,United States,M,BI and Visualization
Senior,Full-time,156400,United States,M,BI and Visualization
Senior,Full-time,204500,United States,M,Machine Learning and AI
Senior,Full-time,142200,United States,M,Machine Learning and AI
Senior,Full-time,225000,United States,M,Data Science and Research
Senior,Full-time,156400,United States,M,Data Science and Research
Senior,Full-time,185900,United States,M,Data Science and Research
Senior,Full-time,129300,United States,M,Data Science and Research
Executive,Full-time,205785,United Kingdom,M,Data Engineering
Executive,Full-time,123471,United Kingdom,M,Data Engineering
Senior,Full-time,299500,United States,M,Data Science and Research
Senior,Full-time,245100,United States,M,Data Science and Research
Senior,Full-time,153600,United States,M,Data Science and Research
Senior,Full-time,106800,United States,M,Data Science and Research
Entry-level,Full-time,40000,"Korea, Republic of",S,Machine Learning and AI
Senior,Full-time,71259,Spain,M,Data Science and Research
Mid-level,Full-time,125000,United States,M,Data Science and Research
Mid-level,Full-time,90000,United States,M,Data Science and Research
Senior,Full-time,290000,United States,M,Machine Learning and AI
Senior,Full-time,226000,United States,M,Machine Learning and AI
Senior,Full-time,222200,United States,L,Data Science and Research
Senior,Full-time,136000,United States,L,Data Science and Research
Senior,Full-time,161000,United States,M,Data Science and Research
Senior,Full-time,151000,United States,M,Data Science and Research
Senior,Full-time,53120,Estonia,M,Data Analysis
Senior,Full-time,38868,Estonia,M,Data Analysis
Senior,Full-time,136994,United States,M,Data Engineering
Senior,Full-time,101570,United States,M,Data Engineering
Senior,Full-time,214500,United States,M,Data Science and Research
Senior,Full-time,150000,United States,M,Data Science and Research
Senior,Full-time,150000,United States,M,Leadership and Management
Senior,Full-time,120000,United States,M,Leadership and Management
Senior,Full-time,278300,United States,M,Data Engineering
Senior,Full-time,205700,United States,M,Data Engineering
Senior,Full-time,185900,United States,M,Data Science and Research
Senior,Full-time,167310,United States,M,Data Science and Research
Mid-level,Full-time,114000,United States,M,Data Engineering
Mid-level,Full-time,100000,United States,M,Data Engineering
Senior,Full-time,260000,United States,L,Data Science and Research
Senior,Full-time,136000,United States,L,Data Science and Research
Senior,Full-time,162000,United States,M,Data Engineering
Senior,Full-time,111000,United States,M,Data Engineering
Senior,Full-time,225500,United States,M,Data Engineering
Senior,Full-time,139400,United States,M,Data Engineering
Senior,Full-time,225000,United States,M,Data Science and Research
Senior,Full-time,156400,United States,M,Data Science and Research
Mid-level,Full-time,177000,United States,M,Leadership and Management
Mid-level,Full-time,110000,United States,M,Leadership and Management
Senior,Full-time,120350,United States,M,Data Analysis
Senior,Full-time,74400,United States,M,Data Analysis
Senior,Full-time,194000,United States,M,Data Engineering
Senior,Full-time,161000,United States,M,Data Engineering
Entry-level,Full-time,32390,France,M,Data Science and Research
Senior,Full-time,184950,United States,M,Machine Learning and AI
Senior,Full-time,119250,United States,M,Machine Learning and AI
Senior,Full-time,178500,United States,M,Data Engineering
Senior,Full-time,136000,United States,M,Data Engineering
Senior,Full-time,189000,United States,M,Machine Learning and AI
Senior,Full-time,159090,United States,M,Machine Learning and AI
Mid-level,Full-time,91000,United States,M,Data Engineering
Mid-level,Full-time,82000,United States,M,Data Engineering
Senior,Full-time,149076,United States,M,Data Engineering
Senior,Full-time,82365,United States,M,Data Engineering
Senior,Full-time,192000,United States,M,Data Science and Research
Senior,Full-time,164000,United States,M,Data Science and Research
Senior,Full-time,175000,United States,M,Data Science and Research
Senior,Full-time,125000,United States,M,Data Science and Research
Senior,Full-time,194595,United States,M,Data Engineering
Senior,Full-time,158000,United States,M,Data Engineering
Senior,Full-time,240500,United States,L,Data Engineering
Senior,Full-time,123700,United States,L,Data Engineering
Senior,Full-time,212800,United States,L,Data Science and Research
Senior,Full-time,111600,United States,L,Data Science and Research
Mid-level,Full-time,257400,United States,M,Data Science and Research
Mid-level,Full-time,193500,United States,M,Data Science and Research
Senior,Full-time,305000,United States,M,Machine Learning and AI
Senior,Full-time,245000,United States,M,Machine Learning and AI
Senior,Full-time,205485,United States,M,Data Science and Research
Senior,Full-time,156560,United States,M,Data Science and Research
Senior,Full-time,168000,United States,L,Data Analysis
Senior,Full-time,78400,United States,L,Data Analysis
Senior,Full-time,260000,United States,M,Machine Learning and AI
Senior,Full-time,175000,United States,M,Machine Learning and AI
Executive,Full-time,130002,United States,M,Data Engineering
Executive,Full-time,71908,United States,M,Data Engineering
Senior,Full-time,212000,United States,M,Data Analysis
Senior,Full-time,132000,United States,M,Data Analysis
Mid-level,Full-time,177000,United States,M,Data Analysis
Mid-level,Full-time,110000,United States,M,Data Analysis
Senior,Full-time,164000,United States,M,Data Science and Research
Senior,Full-time,130000,United States,M,Data Science and Research
Senior,Full-time,185900,United States,M,Data Science and Research
Senior,Full-time,129300,United States,M,Data Science and Research
Senior,Full-time,248100,United States,M,Data Science and Research
Senior,Full-time,145900,United States,M,Data Science and Research
Senior,Full-time,148000,United States,M,Data Analysis
Senior,Full-time,92000,United States,M,Data Analysis
Senior,Full-time,248100,United States,M,Data Science and Research
Senior,Full-time,145900,United States,M,Data Science and Research
Senior,Full-time,155000,United States,M,Leadership and Management
Senior,Full-time,38000,United States,M,Leadership and Management
Senior,Full-time,218000,United States,M,Machine Learning and AI
Senior,Full-time,115000,United States,M,Machine Learning and AI
Senior,Full-time,104000,United States,M,Data Architecture and Modeling
Senior,Full-time,86000,United States,M,Data Architecture and Modeling
Senior,Full-time,235400,United States,M,Leadership and Management
Senior,Full-time,108320,United States,M,Leadership and Management
Senior,Full-time,95000,United States,M,Data Quality and Operations
Senior,Full-time,82000,United States,M,Data Quality and Operations
Senior,Full-time,152375,United States,M,Data Engineering
Senior,Full-time,94000,United States,M,Data Engineering
Senior,Full-time,115934,United States,M,Data Analysis
Senior,Full-time,81666,United States,M,Data Analysis
Mid-level,Full-time,110000,United States,M,Data Analysis
Mid-level,Full-time,79000,United States,M,Data Analysis
Senior,Full-time,273400,United States,M,Data Science and Research
Senior,Full-time,182200,United States,M,Data Science and Research
Mid-level,Full-time,160000,United States,M,Data Analysis
Mid-level,Full-time,112000,United States,M,Data Analysis
Senior,Full-time,285000,United States,M,Data Science and Research
Senior,Full-time,154000,United States,M,Data Science and Research
Senior,Full-time,220000,United States,M,Data Science and Research
Senior,Full-time,170000,United States,M,Data Science and Research
Executive,Full-time,174500,United States,M,Data Engineering
Executive,Full-time,113000,United States,M,Data Engineering
Senior,Full-time,225000,United States,M,Data Engineering
Senior,Full-time,125000,United States,M,Data Engineering
Mid-level,Full-time,200000,United States,M,Data Engineering
Mid-level,Full-time,180000,United States,M,Data Engineering
Mid-level,Full-time,250000,United States,M,Data Science and Research
Mid-level,Full-time,125000,United States,M,Data Science and Research
Mid-level,Full-time,110000,United States,M,Data Analysis
Mid-level,Full-time,90000,United States,M,Data Analysis
Mid-level,Full-time,275000,United States,M,Data Science and Research
Mid-level,Full-time,200000,United States,M,Data Science and Research
Mid-level,Full-time,275000,United States,M,Data Science and Research
Mid-level,Full-time,200000,United States,M,Data Science and Research
Senior,Full-time,258800,United Kingdom,M,Machine Learning and AI
Senior,Full-time,199200,United Kingdom,M,Machine Learning and AI
Senior,Full-time,177000,United Kingdom,M,Data Science and Research
Senior,Full-time,136000,United Kingdom,M,Data Science and Research
Mid-level,Full-time,110000,United States,M,Data Analysis
Mid-level,Full-time,80000,United States,M,Data Analysis
Senior,Full-time,115000,United States,M,Data Analysis
Senior,Full-time,75000,United States,M,Data Analysis
Senior,Full-time,138860,United States,M,Data Analysis
Senior,Full-time,122720,United States,M,Data Analysis
Senior,Full-time,140000,United States,M,Data Science and Research
Senior,Full-time,126000,United States,M,Data Science and Research
Senior,Full-time,231500,United States,M,Data Engineering
Senior,Full-time,118000,United States,M,Data Engineering
Executive,Full-time,299500,United States,M,Data Science and Research
Executive,Full-time,249600,United States,M,Data Science and Research
Senior,Full-time,185000,United States,L,BI and Visualization
Senior,Full-time,79600,United States,L,BI and Visualization
Senior,Full-time,193600,United States,M,Machine Learning and AI
Senior,Full-time,119700,United States,M,Machine Learning and AI
Senior,Full-time,240500,United States,L,Data Engineering
Senior,Full-time,123700,United States,L,Data Engineering
Mid-level,Full-time,120000,United States,M,Data Engineering
Mid-level,Full-time,110000,United States,M,Data Engineering
Mid-level,Full-time,100000,United States,M,Data Analysis
Mid-level,Full-time,75000,United States,M,Data Analysis
Senior,Full-time,297000,United States,M,Machine Learning and AI
Senior,Full-time,138000,United States,M,Machine Learning and AI
Mid-level,Full-time,135000,United States,M,Data Science and Research
Mid-level,Full-time,105000,United States,M,Data Science and Research
Senior,Full-time,267100,United States,M,Data Science and Research
Senior,Full-time,167200,United States,M,Data Science and Research
Senior,Full-time,202000,United States,M,Data Science and Research
Senior,Full-time,140000,United States,M,Data Science and Research
Senior,Full-time,174350,United States,M,Data Engineering
Senior,Full-time,126800,United States,M,Data Engineering
Senior,Full-time,258800,United Kingdom,M,Machine Learning and AI
Senior,Full-time,199200,United Kingdom,M,Machine Learning and AI
Senior,Full-time,188500,United States,M,Data Architecture and Modeling
Senior,Full-time,117000,United States,M,Data Architecture and Modeling
Senior,Full-time,150931,United States,M,Data Science and Research
Senior,Full-time,143250,United States,M,Data Science and Research
Senior,Full-time,330000,United States,M,Machine Learning and AI
Senior,Full-time,204000,United States,M,Machine Learning and AI
Senior,Full-time,247500,United States,M,Machine Learning and AI
Senior,Full-time,172200,United States,M,Machine Learning and AI
Senior,Full-time,200000,United States,M,Data Engineering
Senior,Full-time,160000,United States,M,Data Engineering
Senior,Full-time,205600,United States,L,Data Engineering
Senior,Full-time,105700,United States,L,Data Engineering
Senior,Full-time,324000,United States,M,Machine Learning and AI
Senior,Full-time,159000,United States,M,Machine Learning and AI
Senior,Full-time,231000,United States,M,Data Engineering
Senior,Full-time,157250,United States,M,Data Engineering
Senior,Full-time,240000,United States,M,Machine Learning and AI
Senior,Full-time,157250,United States,M,Machine Learning and AI
Senior,Full-time,232000,United States,M,Data Engineering
Senior,Full-time,108000,United States,M,Data Engineering
Senior,Full-time,145000,United States,M,Leadership and Management
Senior,Full-time,130000,United States,M,Leadership and Management
Senior,Full-time,277300,United Kingdom,M,Data Science and Research
Senior,Full-time,213300,United Kingdom,M,Data Science and Research
Senior,Full-time,180000,United States,M,Data Science and Research
Senior,Full-time,135000,United States,M,Data Science and Research
Senior,Full-time,209000,United States,M,Data Engineering
Senior,Full-time,135000,United States,M,Data Engineering
Senior,Full-time,260000,United States,L,Data Science and Research
Senior,Full-time,136000,United States,L,Data Science and Research
Senior,Full-time,209000,United States,M,Data Engineering
Senior,Full-time,135000,United States,M,Data Engineering
Senior,Full-time,184250,United States,M,Data Science and Research
Senior,Full-time,167500,United States,M,Data Science and Research
Senior,Full-time,95000,United States,M,Data Engineering
Senior,Full-time,85000,United States,M,Data Engineering
Mid-level,Full-time,230000,United States,M,Data Science and Research
Mid-level,Full-time,175000,United States,M,Data Science and Research
Mid-level,Full-time,110736,United Kingdom,M,Machine Learning and AI
Mid-level,Full-time,92280,United Kingdom,M,Machine Learning and AI
Senior,Full-time,154440,United States,M,Data Analysis
Senior,Full-time,68550,United States,M,Data Analysis
Entry-level,Full-time,90000,United States,M,Data Analysis
Entry-level,Full-time,60000,United States,M,Data Analysis
Senior,Full-time,226600,United States,M,Data Engineering
Senior,Full-time,140100,United States,M,Data Engineering
Senior,Full-time,169000,United States,M,BI and Visualization
Senior,Full-time,110600,United States,M,BI and Visualization
Senior,Full-time,171050,United States,M,BI and Visualization
Senior,Full-time,124400,United States,M,BI and Visualization
Senior,Full-time,225500,United States,M,Data Engineering
Senior,Full-time,139400,United States,M,Data Engineering
Senior,Full-time,226600,United States,M,Machine Learning and AI
Senior,Full-time,140100,United States,M,Machine Learning and AI
Senior,Full-time,162000,United States,M,Data Engineering
Senior,Full-time,111000,United States,M,Data Engineering
Entry-level,Full-time,49216,United Kingdom,M,Data Analysis
Entry-level,Full-time,41833,United Kingdom,M,Data Analysis
Senior,Full-time,136000,United States,M,Data Science and Research
Senior,Full-time,104000,United States,M,Data Science and Research
Senior,Full-time,80000,United States,M,Data Architecture and Modeling
Senior,Full-time,52500,United States,M,Data Architecture and Modeling
Senior,Full-time,150000,United States,M,Data Engineering
Senior,Full-time,115000,United States,M,Data Engineering
Senior,Full-time,253000,United States,M,Data Science and Research
Senior,Full-time,156400,United States,M,Data Science and Research
Senior,Full-time,300000,United States,M,Machine Learning and AI
Senior,Full-time,235000,United States,M,Machine Learning and AI
Senior,Full-time,223100,United States,L,Data Analysis
Senior,Full-time,114700,United States,L,Data Analysis
Senior,Full-time,172800,United Kingdom,M,Data Analysis
Senior,Full-time,110000,United Kingdom,M,Data Analysis
Senior,Full-time,95000,United States,M,Data Analysis
Senior,Full-time,70000,United States,M,Data Analysis
Senior,Full-time,180000,United States,M,Data Science and Research
Senior,Full-time,120000,United States,M,Data Science and Research
Mid-level,Full-time,152375,United States,M,Data Engineering
Mid-level,Full-time,94000,United States,M,Data Engineering
Senior,Full-time,183000,Canada,M,Data Engineering
Senior,Full-time,125000,Canada,M,Data Engineering
Senior,Full-time,185900,United States,M,Data Science and Research
Senior,Full-time,129300,United States,M,Data Science and Research
Senior,Full-time,120350,United States,M,Data Analysis
Senior,Full-time,74400,United States,M,Data Analysis
Senior,Full-time,134000,United States,M,Data Analysis
Senior,Full-time,120000,United States,M,Data Analysis
Senior,Full-time,57007,Estonia,M,Data Engineering
Senior,Full-time,44051,Estonia,M,Data Engineering
Senior,Full-time,258750,United States,M,Data Engineering
Senior,Full-time,172500,United States,M,Data Engineering
Senior,Full-time,254000,United States,M,Machine Learning and AI
Senior,Full-time,200000,United States,M,Machine Learning and AI
Senior,Full-time,153600,United States,M,Data Science and Research
Senior,Full-time,106800,United States,M,Data Science and Research
Senior,Full-time,230000,United States,M,Data Science and Research
Senior,Full-time,196000,United States,M,Data Science and Research
Senior,Full-time,185900,United States,M,Data Science and Research
Senior,Full-time,129300,United States,M,Data Science and Research
Mid-level,Full-time,128000,United States,M,BI and Visualization
Mid-level,Full-time,81500,United States,M,BI and Visualization
Executive,Full-time,220000,United States,M,Data Engineering
Executive,Full-time,150000,United States,M,Data Engineering
Senior,Full-time,226600,United States,M,Machine Learning and AI
Senior,Full-time,140100,United States,M,Machine Learning and AI
Senior,Full-time,248100,United States,M,Data Science and Research
Senior,Full-time,145900,United States,M,Data Science and Research
Senior,Full-time,155000,United States,M,Data Engineering
Senior,Full-time,109528,United States,M,Data Engineering
Mid-level,Full-time,287500,Australia,M,Machine Learning and AI
Mid-level,Full-time,207500,Australia,M,Machine Learning and AI
Senior,Full-time,248100,United States,M,Data Science and Research
Senior,Full-time,145900,United States,M,Data Science and Research
Senior,Full-time,134200,United Kingdom,M,Data Analysis
Senior,Full-time,103200,United Kingdom,M,Data Analysis
Senior,Full-time,240500,United States,L,Data Engineering
Senior,Full-time,123700,United States,L,Data Engineering
Senior,Full-time,192000,United States,M,Data Science and Research
Senior,Full-time,164000,United States,M,Data Science and Research
Senior,Full-time,269500,United States,M,Machine Learning and AI
Senior,Full-time,166600,United States,M,Machine Learning and AI
Senior,Full-time,160000,United States,L,Data Science and Research
Senior,Full-time,93919,United States,M,Data Analysis
Senior,Full-time,51962,United States,M,Data Analysis
Senior,Full-time,93919,United States,M,Data Analysis
Senior,Full-time,51962,United States,M,Data Analysis
Senior,Full-time,180000,United States,M,Data Architecture and Modeling
Senior,Full-time,115000,United States,M,Data Architecture and Modeling
Senior,Full-time,186600,United States,M,Data Analysis
Senior,Full-time,119800,United States,M,Data Analysis
Senior,Full-time,160000,United States,M,Data Engineering
Senior,Full-time,75000,United States,M,Data Engineering
Senior,Full-time,200000,United States,M,Data Architecture and Modeling
Senior,Full-time,115000,United States,M,Data Architecture and Modeling
Senior,Full-time,280000,United States,M,Data Analysis
Senior,Full-time,200000,United States,M,Data Analysis
Senior,Full-time,260000,United States,L,Data Science and Research
Senior,Full-time,136000,United States,L,Data Science and Research
Senior,Full-time,383910,United States,M,Machine Learning and AI
Senior,Full-time,315850,United States,M,Machine Learning and AI
Senior,Full-time,235000,United States,M,Data Science and Research
Senior,Full-time,204000,United States,M,Data Science and Research
Senior,Full-time,254000,United States,M,Machine Learning and AI
Senior,Full-time,200000,United States,M,Machine Learning and AI
Mid-level,Full-time,198000,United States,M,Data Science and Research
Mid-level,Full-time,132000,United States,M,Data Science and Research
Mid-level,Full-time,141600,United States,M,Data Science and Research
Mid-level,Full-time,94400,United States,M,Data Science and Research
Mid-level,Full-time,135000,United States,M,Data Engineering
Mid-level,Full-time,108000,United States,M,Data Engineering
Senior,Full-time,209450,United States,M,Data Science and Research
Senior,Full-time,167560,United States,M,Data Science and Research
Senior,Full-time,185000,United States,M,Machine Learning and AI
Senior,Full-time,164000,United States,M,Data Science and Research
Senior,Full-time,122000,United States,M,Data Engineering
Senior,Full-time,94000,United States,M,Data Engineering
Entry-level,Full-time,80000,United States,M,Data Engineering
Entry-level,Full-time,52500,United States,M,Data Engineering
Senior,Full-time,238000,United States,M,Data Science and Research
Senior,Full-time,149500,United States,M,Data Science and Research
Senior,Full-time,258000,United States,M,Data Science and Research
Senior,Full-time,202000,United States,M,Data Science and Research
Senior,Full-time,186600,United States,M,Data Engineering
Senior,Full-time,116500,United States,M,Data Engineering
Senior,Full-time,220000,United States,M,Data Engineering
Senior,Full-time,160000,United States,M,Data Engineering
Senior,Full-time,222200,United States,L,Data Science and Research
Senior,Full-time,136000,United States,L,Data Science and Research
Senior,Full-time,228000,United States,M,Data Science and Research
Senior,Full-time,136000,United States,M,Data Science and Research
Mid-level,Full-time,61520,United Kingdom,M,Data Engineering
Mid-level,Full-time,43064,United Kingdom,M,Data Engineering
Senior,Full-time,175000,United States,M,Data Science and Research
Senior,Full-time,145000,United States,M,Data Science and Research
Senior,Full-time,195000,United States,M,Data Analysis
Senior,Full-time,140000,United States,M,Data Analysis
Senior,Full-time,180000,United States,M,Data Engineering
Senior,Full-time,165000,United States,M,Data Engineering
Mid-level,Full-time,220000,United States,M,Data Science and Research
Mid-level,Full-time,190000,United States,M,Data Science and Research
Senior,Full-time,113366,Germany,L,Machine Learning and AI
Senior,Contract,118539,Canada,L,Data Engineering
Mid-level,Full-time,86128,United Kingdom,L,Data Analysis
Senior,Full-time,167500,United States,M,BI and Visualization
Senior,Full-time,106500,United States,M,BI and Visualization
Senior,Full-time,146000,United Kingdom,M,Machine Learning and AI
Senior,Full-time,97400,United Kingdom,M,Machine Learning and AI
Senior,Full-time,278700,United States,M,Data Science and Research
Senior,Full-time,159300,United States,M,Data Science and Research
Senior,Full-time,226600,United States,M,Data Engineering
Senior,Full-time,140100,United States,M,Data Engineering
Senior,Full-time,323300,United States,M,Data Science and Research
Senior,Full-time,184700,United States,M,Data Science and Research
Mid-level,Full-time,135000,United States,M,Data Engineering
Mid-level,Full-time,108000,United States,M,Data Engineering
Entry-level,Full-time,40747,Canada,L,Data Analysis
Senior,Full-time,170000,United States,M,Data Engineering
Senior,Full-time,120000,United States,M,Data Engineering
Senior,Full-time,166364,United States,M,Data Engineering
Senior,Full-time,116455,United States,M,Data Engineering
Senior,Full-time,145000,United States,M,BI and Visualization
Senior,Full-time,125000,United States,M,BI and Visualization
Senior,Full-time,184950,United States,M,Machine Learning and AI
Senior,Full-time,119250,United States,M,Machine Learning and AI
Mid-level,Full-time,95000,United States,M,Data Engineering
Mid-level,Full-time,76000,United States,M,Data Engineering
Entry-level,Full-time,80000,United States,M,Data Engineering
Entry-level,Full-time,52500,United States,M,Data Engineering
Senior,Full-time,160000,United States,M,Data Analysis
Senior,Full-time,131000,United States,M,Data Analysis
Senior,Full-time,168000,United States,M,Data Science and Research
Senior,Full-time,130000,United States,M,Data Science and Research
Senior,Full-time,250000,United States,M,Machine Learning and AI
Senior,Full-time,140000,United States,M,Machine Learning and AI
Senior,Full-time,145000,United States,M,Data Engineering
Senior,Full-time,115000,United States,M,Data Engineering
Senior,Full-time,222000,United States,M,Data Science and Research
Senior,Full-time,166500,United States,M,Data Science and Research
Senior,Full-time,205600,United States,M,Data Engineering
Senior,Full-time,105700,United States,M,Data Engineering
Senior,Full-time,136000,United States,M,Data Science and Research
Senior,Full-time,104000,United States,M,Data Science and Research
Senior,Full-time,138000,United States,M,BI and Visualization
Senior,Full-time,67000,United States,M,BI and Visualization
Senior,Full-time,211200,United States,M,Data Science and Research
Senior,Full-time,176000,United States,M,Data Science and Research
Senior,Full-time,230000,United States,M,Data Analysis
Senior,Full-time,135000,United States,M,Data Analysis
Mid-level,Full-time,80000,United States,M,Data Analysis
Mid-level,Full-time,60000,United States,M,Data Analysis
Senior,Full-time,200000,United States,M,BI and Visualization
Senior,Full-time,180000,United States,M,BI and Visualization
Senior,Full-time,18381,Türkiye,L,BI and Visualization
Senior,Full-time,155000,United States,M,Data Science and Research
Senior,Full-time,139500,United States,M,Data Science and Research
Mid-level,Full-time,128000,United States,M,BI and Visualization
Mid-level,Full-time,81500,United States,M,BI and Visualization
Entry-level,Full-time,200000,United States,M,Data Science and Research
Entry-level,Full-time,120000,United States,M,Data Science and Research
Executive,Full-time,126500,United States,M,Data Science and Research
Executive,Full-time,78000,United States,M,Data Science and Research
Senior,Full-time,157750,United States,M,Data Science and Research
Senior,Full-time,104650,United States,M,Data Science and Research
Senior,Full-time,176000,United States,M,Data Science and Research
Senior,Full-time,133000,United States,M,Data Science and Research
Mid-level,Full-time,120000,United States,M,Data Analysis
Mid-level,Full-time,100000,United States,M,Data Analysis
Mid-level,Full-time,70000,France,M,Machine Learning and AI
Mid-level,Full-time,40000,France,M,Machine Learning and AI
Mid-level,Full-time,190000,United States,M,Data Science and Research
Mid-level,Full-time,158080,United States,M,Data Science and Research
Senior,Full-time,182000,United States,M,Data Analysis
Senior,Full-time,150000,United States,M,Data Analysis
Senior,Full-time,171250,United States,M,Data Engineering
Senior,Full-time,113750,United States,M,Data Engineering
Senior,Full-time,252000,United States,M,Data Engineering
Senior,Full-time,129000,United States,M,Data Engineering
Senior,Full-time,231000,United States,M,Machine Learning and AI
Senior,Full-time,200800,United States,M,Machine Learning and AI
Entry-level,Full-time,250800,United States,M,Data Science and Research
Entry-level,Full-time,167200,United States,M,Data Science and Research
Entry-level,Full-time,250800,United States,M,Data Science and Research
Entry-level,Full-time,167200,United States,M,Data Science and Research
Senior,Full-time,159100,United States,M,Data Science and Research
Senior,Full-time,120160,United States,M,Data Science and Research
Senior,Full-time,140000,United States,M,Leadership and Management
Senior,Full-time,110000,United States,M,Leadership and Management
Mid-level,Full-time,165000,United States,M,Machine Learning and AI
Mid-level,Full-time,149094,United States,M,Machine Learning and AI
Executive,Full-time,290000,United States,L,Leadership and Management
Senior,Full-time,247500,United States,M,BI and Visualization
Senior,Full-time,172200,United States,M,BI and Visualization
Senior,Full-time,175000,United States,M,Data Engineering
Senior,Full-time,130000,United States,M,Data Engineering
Senior,Full-time,225000,United States,M,Data Science and Research
Senior,Full-time,156400,United States,M,Data Science and Research
Senior,Full-time,260000,United States,L,Data Science and Research
Senior,Full-time,136000,United States,L,Data Science and Research
Senior,Full-time,85000,United States,M,Data Analysis
Senior,Full-time,72250,United States,M,Data Analysis
Executive,Full-time,162500,United States,M,Data Engineering
Executive,Full-time,130000,United States,M,Data Engineering
Senior,Full-time,145000,United States,M,Leadership and Management
Senior,Full-time,130000,United States,M,Leadership and Management
Senior,Full-time,205600,United States,L,Data Engineering
Senior,Full-time,105700,United States,L,Data Engineering
Entry-level,Full-time,23753,Portugal,L,Data Quality and Operations
Senior,Full-time,83000,United States,M,Data Science and Research
Senior,Full-time,63967,United States,M,Data Science and Research
Senior,Full-time,188600,United States,M,Data Science and Research
Senior,Full-time,111550,United States,M,Data Science and Research
Senior,Full-time,219300,United States,M,Machine Learning and AI
Senior,Full-time,143000,United States,M,Machine Learning and AI
Senior,Full-time,232200,United States,M,Machine Learning and AI
Senior,Full-time,133300,United States,M,Machine Learning and AI
Senior,Full-time,130000,United States,M,Data Engineering
Senior,Full-time,80000,United States,M,Data Engineering
Senior,Full-time,204060,Germany,M,Machine Learning and AI
Senior,Full-time,140358,Germany,M,Machine Learning and AI
Mid-level,Full-time,198900,United States,M,Data Engineering
Mid-level,Full-time,183310,United States,M,Data Engineering
Entry-level,Full-time,43064,United Kingdom,M,Data Science and Research
Entry-level,Full-time,43064,United Kingdom,M,Data Science and Research
Senior,Full-time,204500,United States,M,Machine Learning and AI
Senior,Full-time,142200,United States,M,Machine Learning and AI
Senior,Full-time,392000,United States,M,Machine Learning and AI
Senior,Full-time,224000,United States,M,Machine Learning and AI
Senior,Full-time,233000,United States,M,Data Engineering
Senior,Full-time,199098,United States,M,Data Engineering
Senior,Full-time,172000,United States,M,Data Engineering
Senior,Full-time,107000,United States,M,Data Engineering
Senior,Full-time,93919,United States,M,Data Analysis
Senior,Full-time,51962,United States,M,Data Analysis
Senior,Full-time,220000,United States,M,Data Science and Research
Senior,Full-time,150000,United States,M,Data Science and Research
Mid-level,Full-time,128000,United States,M,Data Engineering
Mid-level,Full-time,81500,United States,M,Data Engineering
Senior,Full-time,200000,United States,M,Data Science and Research
Senior,Full-time,150000,United States,M,Data Science and Research
Senior,Full-time,208450,United States,M,Machine Learning and AI
Senior,Full-time,151600,United States,M,Machine Learning and AI
Senior,Full-time,208450,United States,M,Machine Learning and AI
Senior,Full-time,151600,United States,M,Machine Learning and AI
Senior,Full-time,240960,United States,M,Data Science and Research
Senior,Full-time,200800,United States,M,Data Science and Research
Mid-level,Full-time,120681,United States,M,Data Science and Research
Mid-level,Full-time,72409,United States,M,Data Science and Research
Senior,Full-time,192000,United States,M,Data Science and Research
Senior,Full-time,164000,United States,M,Data Science and Research
Entry-level,Full-time,80000,United States,M,Data Engineering
Entry-level,Full-time,52500,United States,M,Data Engineering
Senior,Full-time,250000,United States,M,Data Science and Research
Senior,Full-time,176000,United States,M,Data Science and Research
Senior,Full-time,250000,United States,M,Data Science and Research
Senior,Full-time,170000,United States,M,Data Science and Research
Senior,Full-time,250000,United States,M,Data Science and Research
Senior,Full-time,200000,United States,M,Data Science and Research
Senior,Full-time,136000,United States,M,Data Science and Research
Senior,Full-time,104000,United States,M,Data Science and Research
Mid-level,Full-time,230000,United States,M,Data Science and Research
Mid-level,Full-time,175000,United States,M,Data Science and Research
Senior,Full-time,38290,Brazil,L,Machine Learning and AI
Executive,Full-time,215936,United States,L,Machine Learning and AI
Mid-level,Full-time,167500,United States,M,Data Engineering
Mid-level,Full-time,106500,United States,M,Data Engineering
Senior,Full-time,330000,United States,M,Machine Learning and AI
Senior,Full-time,204000,United States,M,Machine Learning and AI
Senior,Full-time,226600,United States,M,Machine Learning and AI
Senior,Full-time,140100,United States,M,Machine Learning and AI
Senior,Full-time,359170,United States,M,Data Science and Research
Senior,Full-time,310270,United States,M,Data Science and Research
Senior,Full-time,359170,United States,M,Data Science and Research
Senior,Full-time,295490,United States,M,Data Science and Research
Senior,Full-time,178560,United States,M,Data Science and Research
Senior,Full-time,148800,United States,M,Data Science and Research
Senior,Full-time,278700,United States,M,Data Science and Research
Senior,Full-time,159300,United States,M,Data Science and Research
Senior,Full-time,331640,United States,M,Machine Learning and AI
Senior,Full-time,283780,United States,M,Machine Learning and AI
Executive,Full-time,167954,United States,M,Data Engineering
Executive,Full-time,115830,United States,M,Data Engineering
Senior,Full-time,150000,United States,M,Machine Learning and AI
Senior,Full-time,125000,United States,M,Machine Learning and AI
Senior,Full-time,331640,United States,M,Machine Learning and AI
Senior,Full-time,267720,United States,M,Machine Learning and AI
Senior,Full-time,185000,United States,M,BI and Visualization
Senior,Full-time,50000,United States,M,BI and Visualization
Senior,Full-time,331640,United States,M,Data Engineering
Senior,Full-time,283780,United States,M,Data Engineering
Senior,Full-time,189110,United States,M,Data Science and Research
Senior,Full-time,139000,United States,M,Data Science and Research
Senior,Full-time,199000,United States,M,Machine Learning and AI
Senior,Full-time,145000,United States,M,Machine Learning and AI
Senior,Full-time,199000,United States,M,Machine Learning and AI
Senior,Full-time,142000,United States,M,Machine Learning and AI
Senior,Full-time,230000,United Kingdom,M,Leadership and Management
Senior,Full-time,170000,United Kingdom,M,Leadership and Management
Senior,Full-time,331640,United States,M,Machine Learning and AI
Senior,Full-time,283780,United States,M,Machine Learning and AI
Senior,Full-time,66000,United States,M,Data Analysis
Senior,Full-time,52000,United States,M,Data Analysis
Senior,Full-time,110400,United States,M,Leadership and Management
Senior,Full-time,68000,United States,M,Leadership and Management
Senior,Full-time,323300,United States,M,Data Science and Research
Senior,Full-time,184700,United States,M,Data Science and Research
Senior,Full-time,202000,United States,M,Data Science and Research
Senior,Full-time,140000,United States,M,Data Science and Research
Senior,Full-time,235000,United States,M,Data Science and Research
Senior,Full-time,200000,United States,M,Data Science and Research
Senior,Full-time,359170,United States,M,Data Science and Research
Senior,Full-time,295490,United States,M,Data Science and Research
Senior,Full-time,316000,United States,M,Data Science and Research
Senior,Full-time,202000,United States,M,Data Science and Research
Senior,Full-time,178560,United States,M,Leadership and Management
Senior,Full-time,148800,United States,M,Leadership and Management
Senior,Full-time,170000,United States,M,Data Engineering
Senior,Full-time,120000,United States,M,Data Engineering
Senior,Full-time,200000,United States,L,Machine Learning and AI
Senior,Full-time,226600,United States,M,Machine Learning and AI
Senior,Full-time,140100,United States,M,Machine Learning and AI
Senior,Full-time,166500,United States,M,Data Analysis
Senior,Full-time,113220,United States,M,Data Analysis
Senior,Full-time,247500,United States,M,Machine Learning and AI
Senior,Full-time,172200,United States,M,Machine Learning and AI
Senior,Full-time,365630,United States,M,Machine Learning and AI
Senior,Full-time,315850,United States,M,Machine Learning and AI
Senior,Full-time,185000,United States,L,BI and Visualization
Senior,Full-time,79600,United States,L,BI and Visualization
Senior,Full-time,260000,United States,L,Data Science and Research
Senior,Full-time,136000,United States,L,Data Science and Research
Mid-level,Full-time,287500,Australia,M,Machine Learning and AI
Mid-level,Full-time,207500,Australia,M,Machine Learning and AI
Senior,Full-time,229000,United States,M,Data Engineering
Senior,Full-time,131000,United States,M,Data Engineering
Senior,Full-time,105000,United States,M,Data Analysis
Senior,Full-time,70000,United States,M,Data Analysis
Senior,Full-time,185000,United States,L,Data Science and Research
Senior,Full-time,86700,United States,L,Data Science and Research
Senior,Full-time,180000,United States,M,Data Engineering
Senior,Full-time,150000,United States,M,Data Engineering
Senior,Full-time,145000,United States,M,Data Engineering
Senior,Full-time,115000,United States,M,Data Engineering
Senior,Full-time,192300,United States,M,Data Analysis
Senior,Full-time,153800,United States,M,Data Analysis
Senior,Full-time,222200,United States,L,Data Science and Research
Senior,Full-time,136000,United States,L,Data Science and Research
Mid-level,Full-time,67419,Canada,L,Data Analysis
Senior,Full-time,150000,United States,M,Data Engineering
Senior,Full-time,90000,United States,M,Data Engineering
Senior,Full-time,155000,United States,M,Data Science and Research
Senior,Full-time,139500,United States,M,Data Science and Research
Mid-level,Full-time,131650,United States,M,Data Analysis
Mid-level,Full-time,105320,United States,M,Data Analysis
Senior,Full-time,222200,United States,L,Data Science and Research
Senior,Full-time,136000,United States,L,Data Science and Research
Senior,Full-time,204500,United States,M,Data Science and Research
Senior,Full-time,126400,United States,M,Data Science and Research
Senior,Full-time,309400,United States,L,Data Science and Research
Senior,Full-time,159100,United States,L,Data Science and Research
Senior,Full-time,235400,United States,M,Machine Learning and AI
Senior,Full-time,160080,United States,M,Machine Learning and AI
Senior,Full-time,146190,United States,M,Data Analysis
Senior,Full-time,119610,United States,M,Data Analysis
Mid-level,Full-time,190000,United States,M,Data Science and Research
Mid-level,Full-time,175000,United States,M,Data Science and Research
Senior,Full-time,299500,United States,M,Data Science and Research
Senior,Full-time,245100,United States,M,Data Science and Research
Executive,Full-time,228856,United Kingdom,M,Data Science and Research
Executive,Full-time,144540,United Kingdom,M,Data Science and Research
Senior,Full-time,210000,United States,M,Data Science and Research
Senior,Full-time,151800,United States,M,Data Science and Research
Senior,Full-time,331640,United States,M,Machine Learning and AI
Senior,Full-time,267720,United States,M,Machine Learning and AI
Mid-level,Full-time,150000,United States,M,Data Architecture and Modeling
Mid-level,Full-time,100000,United States,M,Data Architecture and Modeling
Senior,Full-time,126500,United States,M,Data Science and Research
Senior,Full-time,78000,United States,M,Data Science and Research
Senior,Full-time,48585,Spain,M,Data Science and Research
Senior,Full-time,38868,Spain,M,Data Science and Research
Senior,Full-time,126500,United States,M,Data Analysis
Senior,Full-time,78000,United States,M,Data Analysis
Senior,Full-time,167500,United States,M,BI and Visualization
Senior,Full-time,106500,United States,M,BI and Visualization
Senior,Full-time,105000,United States,M,Data Science and Research
Senior,Full-time,70000,United States,M,Data Science and Research
Mid-level,Full-time,300000,United Kingdom,M,Machine Learning and AI
Mid-level,Full-time,200000,United Kingdom,M,Machine Learning and AI
Senior,Full-time,96000,United States,M,Data Engineering
Senior,Full-time,72000,United States,M,Data Engineering
Senior,Full-time,323300,United States,M,Data Science and Research
Senior,Full-time,184700,United States,M,Data Science and Research
Senior,Full-time,205150,United States,M,Data Science and Research
Senior,Full-time,167850,United States,M,Data Science and Research
Senior,Full-time,267100,United States,M,Data Science and Research
Senior,Full-time,167200,United States,M,Data Science and Research
Senior,Full-time,247500,United States,M,BI and Visualization
Senior,Full-time,172200,United States,M,BI and Visualization
Senior,Full-time,130000,United States,M,Data Analysis
Senior,Full-time,110000,United States,M,Data Analysis
Senior,Full-time,253000,United States,M,Data Science and Research
Senior,Full-time,156400,United States,M,Data Science and Research
Senior,Full-time,222200,United States,L,Data Science and Research
Senior,Full-time,136000,United States,L,Data Science and Research
Senior,Full-time,278700,United States,M,Data Science and Research
Senior,Full-time,159300,United States,M,Data Science and Research
Senior,Full-time,222750,United States,M,Data Science and Research
Senior,Full-time,182250,United States,M,Data Science and Research
Entry-level,Full-time,104024,Switzerland,S,Data Science and Research
Mid-level,Full-time,50745,Andorra,S,Data Science and Research
Senior,Full-time,215000,United States,M,Data Engineering
Senior,Full-time,185000,United States,M,Data Engineering
Senior,Full-time,296400,United States,M,Machine Learning and AI
Senior,Full-time,148594,United States,M,Machine Learning and AI
Senior,Full-time,206000,United States,M,Data Science and Research
Senior,Full-time,140250,United States,M,Data Science and Research
Senior,Full-time,254500,United States,L,Leadership and Management
Senior,Full-time,130900,United States,L,Leadership and Management
Senior,Full-time,198000,United States,M,Data Science and Research
Senior,Full-time,124000,United States,M,Data Science and Research
Senior,Full-time,145000,United States,M,Leadership and Management
Senior,Full-time,130000,United States,M,Leadership and Management
Senior,Full-time,234485,United States,M,BI and Visualization
Senior,Full-time,112655,United States,M,BI and Visualization
Senior,Full-time,296400,United States,M,Machine Learning and AI
Senior,Full-time,148594,United States,M,Machine Learning and AI
Senior,Full-time,222200,United States,L,Data Science and Research
Senior,Full-time,136000,United States,L,Data Science and Research
Senior,Full-time,200000,United States,M,Machine Learning and AI
Senior,Full-time,150000,United States,M,Machine Learning and AI
Entry-level,Full-time,125000,United States,M,Data Analysis
Entry-level,Full-time,105000,United States,M,Data Analysis
Mid-level,Full-time,86128,United Kingdom,M,Data Science and Research
Mid-level,Full-time,51676,United Kingdom,M,Data Science and Research
Mid-level,Full-time,70179,France,M,Data Engineering
Mid-level,Full-time,64781,France,M,Data Engineering
Senior,Full-time,258000,Canada,M,Data Science and Research
Senior,Full-time,190000,Canada,M,Data Science and Research
Senior,Full-time,184184,United States,M,Data Science and Research
Senior,Full-time,167441,United States,M,Data Science and Research
Entry-level,Full-time,74087,Canada,L,Machine Learning and AI
Entry-level,Full-time,32390,Netherlands,L,Data Science and Research
Executive,Full-time,204500,United States,M,Data Engineering
Executive,Full-time,130000,United States,M,Data Engineering
Entry-level,Full-time,90000,United States,M,Leadership and Management
Entry-level,Full-time,84000,United States,M,Leadership and Management
Senior,Full-time,136000,United States,M,Data Science and Research
Senior,Full-time,104000,United States,M,Data Science and Research
Senior,Full-time,202400,United States,M,Data Engineering
Senior,Full-time,147200,United States,M,Data Engineering
Entry-level,Full-time,80000,United States,M,Data Engineering
Entry-level,Full-time,52500,United States,M,Data Engineering
Mid-level,Full-time,128000,United States,M,Data Engineering
Mid-level,Full-time,81500,United States,M,Data Engineering
Senior,Full-time,105000,United States,M,Data Analysis
Senior,Full-time,75000,United States,M,Data Analysis
Senior,Full-time,95000,United States,M,Data Analysis
Senior,Full-time,75000,United States,M,Data Analysis
Mid-level,Full-time,167500,United States,M,Data Engineering
Mid-level,Full-time,106500,United States,M,Data Engineering
Senior,Full-time,139500,United States,M,Data Science and Research
Senior,Full-time,90000,United States,M,Data Science and Research
Senior,Full-time,269500,United States,M,Machine Learning and AI
Senior,Full-time,166600,United States,M,Machine Learning and AI
Senior,Full-time,330000,United States,M,Machine Learning and AI
Senior,Full-time,204000,United States,M,Machine Learning and AI
Senior,Full-time,252000,United States,M,Data Engineering
Senior,Full-time,129000,United States,M,Data Engineering
Senior,Full-time,180000,United States,M,Data Engineering
Senior,Full-time,165000,United States,M,Data Engineering
Senior,Full-time,192000,United States,M,BI and Visualization
Senior,Full-time,142000,United States,M,BI and Visualization
Senior,Full-time,143000,United States,M,Data Quality and Operations
Senior,Full-time,129000,United States,M,Data Quality and Operations
Senior,Full-time,191000,United States,M,Data Science and Research
Senior,Full-time,146000,United States,M,Data Science and Research
Senior,Full-time,85000,United States,M,Data Management and Strategy
Senior,Full-time,70000,United States,M,Data Management and Strategy
Senior,Full-time,155000,United States,M,Data Science and Research
Senior,Full-time,139500,United States,M,Data Science and Research
Senior,Full-time,147648,United Kingdom,M,Data Engineering
Senior,Full-time,98432,United Kingdom,M,Data Engineering
Senior,Full-time,138860,United States,M,Data Analysis
Senior,Full-time,122720,United States,M,Data Analysis
Senior,Full-time,212800,United States,M,Machine Learning and AI
Senior,Full-time,144800,United States,M,Machine Learning and AI
Mid-level,Full-time,250000,United States,M,Data Analysis
Mid-level,Full-time,100000,United States,M,Data Analysis
Senior,Full-time,209450,United States,M,Data Science and Research
Senior,Full-time,167560,United States,M,Data Science and Research
Entry-level,Full-time,16000,Ecuador,L,Data Science and Research
Mid-level,Full-time,27000,Portugal,S,Data Engineering
Executive,Full-time,72000,Mexico,S,Leadership and Management
Senior,Full-time,172900,United States,M,Data Engineering
Senior,Full-time,144100,United States,M,Data Engineering
Senior,Full-time,230000,United States,M,Data Science and Research
Senior,Full-time,175000,United States,M,Data Science and Research
Senior,Full-time,160000,United States,M,BI and Visualization
Senior,Full-time,135000,United States,M,BI and Visualization
Senior,Full-time,150000,United States,M,Data Analysis
Senior,Full-time,110000,United States,M,Data Analysis
Senior,Full-time,101500,United States,M,Data Analysis
Senior,Full-time,83700,United States,M,Data Analysis
Senior,Full-time,310270,United States,M,Data Science and Research
Senior,Full-time,253430,United States,M,Data Science and Research
Senior,Full-time,202800,United States,L,BI and Visualization
Senior,Full-time,104300,United States,L,BI and Visualization
Senior,Full-time,110000,United States,M,Data Analysis
Senior,Full-time,70000,United States,M,Data Analysis
Senior,Full-time,283000,United States,M,Data Science and Research
Senior,Full-time,184000,United States,M,Data Science and Research
Senior,Full-time,166500,United States,M,Data Analysis
Senior,Full-time,113220,United States,M,Data Analysis
Executive,Full-time,220000,United States,M,Data Science and Research
Executive,Full-time,185000,United States,M,Data Science and Research
Senior,Full-time,260000,United States,M,Data Engineering
Senior,Full-time,225000,United States,M,Data Engineering
Senior,Full-time,246500,United States,M,Data Science and Research
Senior,Full-time,133500,United States,M,Data Science and Research
Senior,Full-time,331640,United States,M,Data Engineering
Senior,Full-time,283780,United States,M,Data Engineering
Senior,Full-time,331640,United States,M,Machine Learning and AI
Senior,Full-time,283780,United States,M,Machine Learning and AI
Senior,Full-time,174000,United States,M,Data Science and Research
Senior,Full-time,134000,United States,M,Data Science and Research
Senior,Full-time,359170,United States,M,Data Science and Research
Senior,Full-time,310270,United States,M,Data Science and Research
Senior,Full-time,331640,United States,M,Machine Learning and AI
Senior,Full-time,283780,United States,M,Machine Learning and AI
Senior,Full-time,359170,United States,M,Data Science and Research
Senior,Full-time,295490,United States,M,Data Science and Research
Senior,Full-time,189110,United States,M,Data Science and Research
Senior,Full-time,139000,United States,M,Data Science and Research
Executive,Full-time,330000,United States,M,Data Science and Research
Executive,Full-time,230000,United States,M,Data Science and Research
Senior,Full-time,254000,United States,M,Data Engineering
Senior,Full-time,200000,United States,M,Data Engineering
Senior,Full-time,309400,United States,L,Data Science and Research
Senior,Full-time,159100,United States,L,Data Science and Research
Senior,Full-time,331640,United States,M,Machine Learning and AI
Senior,Full-time,267720,United States,M,Machine Learning and AI
Senior,Full-time,283780,United States,M,Machine Learning and AI
Senior,Full-time,218540,United States,M,Machine Learning and AI
Mid-level,Full-time,123040,United Kingdom,M,Data Science and Research
Mid-level,Full-time,73824,United Kingdom,M,Data Science and Research
Mid-level,Full-time,167000,United States,M,Leadership and Management
Mid-level,Full-time,109000,United States,M,Leadership and Management
Senior,Full-time,208000,United States,M,Data Engineering
Senior,Full-time,193000,United States,M,Data Engineering
Senior,Full-time,359170,United States,M,Data Science and Research
Senior,Full-time,295490,United States,M,Data Science and Research
Entry-level,Full-time,47899,Germany,L,Data Analysis
Senior,Full-time,115000,Israel,S,Machine Learning and AI
Senior,Full-time,216000,United States,M,Data Science and Research
Senior,Full-time,184000,United States,M,Data Science and Research
Senior,Full-time,200000,United States,M,Machine Learning and AI
Senior,Full-time,145000,United States,M,Machine Learning and AI
Senior,Full-time,250000,United States,M,Machine Learning and AI
Senior,Full-time,166600,United States,M,Machine Learning and AI
Senior,Full-time,284000,United States,M,Machine Learning and AI
Senior,Full-time,227000,United States,M,Machine Learning and AI
Senior,Full-time,205000,United States,M,Data Science and Research
Senior,Full-time,160000,United States,M,Data Science and Research
Senior,Full-time,191400,United States,M,Machine Learning and AI
Senior,Full-time,127600,United States,M,Machine Learning and AI
Senior,Full-time,222200,United States,L,Data Science and Research
Senior,Full-time,136000,United States,L,Data Science and Research
Senior,Full-time,191400,United States,M,Machine Learning and AI
Senior,Full-time,127600,United States,M,Machine Learning and AI
Senior,Full-time,230000,United States,M,Machine Learning and AI
Senior,Full-time,175000,United States,M,Machine Learning and AI
Senior,Full-time,139600,United States,M,Data Analysis
Senior,Full-time,85700,United States,M,Data Analysis
Mid-level,Full-time,95000,United States,M,Data Quality and Operations
Mid-level,Full-time,70000,United States,M,Data Quality and Operations
Mid-level,Full-time,258000,United States,M,Data Engineering
Mid-level,Full-time,171000,United States,M,Data Engineering
Senior,Full-time,204500,United States,M,Data Science and Research
Senior,Full-time,126400,United States,M,Data Science and Research
Senior,Full-time,87000,Canada,M,Data Engineering
Senior,Full-time,73000,Canada,M,Data Engineering
Entry-level,Full-time,20000,Türkiye,S,Machine Learning and AI
Executive,Full-time,300000,United States,L,Data Science and Research
Mid-level,Full-time,110736,United Kingdom,M,Data Architecture and Modeling
Mid-level,Full-time,55368,United Kingdom,M,Data Architecture and Modeling
Senior,Full-time,232960,United States,M,Data Engineering
Senior,Full-time,151840,United States,M,Data Engineering
Senior,Full-time,163152,United States,M,Data Engineering
Senior,Full-time,108768,United States,M,Data Engineering
Senior,Full-time,370000,United States,M,Data Science and Research
Senior,Full-time,245000,United States,M,Data Science and Research
Senior,Full-time,285000,United States,M,Machine Learning and AI
Senior,Full-time,193900,United States,M,Machine Learning and AI
Senior,Full-time,240000,United States,M,Data Science and Research
Senior,Full-time,163200,United States,M,Data Science and Research
Senior,Full-time,222000,United States,M,Data Science and Research
Senior,Full-time,166500,United States,M,Data Science and Research
Senior,Full-time,240000,United States,M,Machine Learning and AI
Senior,Full-time,163200,United States,M,Machine Learning and AI
Senior,Full-time,345000,United States,M,Data Science and Research
Senior,Full-time,234700,United States,M,Data Science and Research
Senior,Full-time,100000,United States,S,Machine Learning and AI
Entry-level,Full-time,40000,Nigeria,S,Data Analysis
Senior,Full-time,226600,United States,M,Machine Learning and AI
Senior,Full-time,140100,United States,M,Machine Learning and AI
Senior,Full-time,241000,United States,M,Data Engineering
Senior,Full-time,155000,United States,M,Data Engineering
Senior,Full-time,210000,United States,L,Data Engineering
Mid-level,Full-time,90000,Saudi Arabia,M,Data Science and Research
Mid-level,Full-time,59382,Germany,L,Data Analysis
Senior,Full-time,90000,United States,M,Leadership and Management
Senior,Full-time,84000,United States,M,Leadership and Management
Senior,Full-time,160000,United States,M,Data Analysis
Senior,Full-time,140000,United States,M,Data Analysis
Senior,Full-time,221300,United States,M,Leadership and Management
Senior,Full-time,147500,United States,M,Leadership and Management
Executive,Full-time,204500,United States,M,Data Engineering
Executive,Full-time,130000,United States,M,Data Engineering
Senior,Full-time,210000,United States,M,Machine Learning and AI
Senior,Full-time,160000,United States,M,Machine Learning and AI
Senior,Full-time,204500,United States,M,Machine Learning and AI
Senior,Full-time,142200,United States,M,Machine Learning and AI
Senior,Full-time,186600,United States,M,Data Analysis
Senior,Full-time,119800,United States,M,Data Analysis
Senior,Full-time,192000,United States,M,Leadership and Management
Senior,Full-time,151000,United States,M,Leadership and Management
Senior,Full-time,185000,United States,L,BI and Visualization
Senior,Full-time,79600,United States,L,BI and Visualization
Senior,Full-time,169000,United States,M,Data Science and Research
Senior,Full-time,129300,United States,M,Data Science and Research
Senior,Full-time,204500,United States,M,Data Engineering
Senior,Full-time,142200,United States,M,Data Engineering
Senior,Full-time,250000,United States,M,Data Engineering
Senior,Full-time,130000,United States,M,Data Engineering
Senior,Full-time,210000,United States,M,BI and Visualization
Senior,Full-time,170000,United States,M,BI and Visualization
Senior,Full-time,221300,United States,M,Leadership and Management
Senior,Full-time,147500,United States,M,Leadership and Management
Senior,Full-time,189750,United States,M,Data Science and Research
Senior,Full-time,131100,United States,M,Data Science and Research
Senior,Full-time,299500,United States,M,Data Science and Research
Senior,Full-time,245100,United States,M,Data Science and Research
Mid-level,Full-time,128000,United States,M,Data Engineering
Mid-level,Full-time,81500,United States,M,Data Engineering
Entry-level,Full-time,80000,United States,M,Data Engineering
Entry-level,Full-time,52500,United States,M,Data Engineering
Senior,Full-time,370000,United States,M,Data Science and Research
Senior,Full-time,200000,United States,M,Data Science and Research
Mid-level,Full-time,72000,Colombia,M,Data Engineering
Mid-level,Full-time,60000,Colombia,M,Data Engineering
Senior,Full-time,180000,United States,M,Data Science and Research
Senior,Full-time,140000,United States,M,Data Science and Research
Senior,Full-time,94000,United States,M,Data Analysis
Senior,Full-time,81900,United States,M,Data Analysis
Senior,Full-time,210000,United States,M,Leadership and Management
Senior,Full-time,159090,United States,M,Leadership and Management
Senior,Full-time,210000,United States,M,Machine Learning and AI
Senior,Full-time,175000,United States,M,Machine Learning and AI
Senior,Full-time,118000,United States,M,Data Analysis
Senior,Full-time,94400,United States,M,Data Analysis
Mid-level,Full-time,150000,United States,M,Data Architecture and Modeling
Mid-level,Full-time,90000,United States,M,Data Architecture and Modeling
Mid-level,Full-time,190000,Canada,M,Data Science and Research
Mid-level,Full-time,125000,Canada,M,Data Science and Research
Entry-level,Full-time,130002,United States,M,Data Engineering
Entry-level,Full-time,71908,United States,M,Data Engineering
Mid-level,Full-time,80000,United States,M,Data Analysis
Mid-level,Full-time,60000,United States,M,Data Analysis
Mid-level,Full-time,167500,United States,M,Data Engineering
Mid-level,Full-time,106500,United States,M,Data Engineering
Senior,Full-time,202800,United States,L,BI and Visualization
Senior,Full-time,104300,United States,L,BI and Visualization
Mid-level,Full-time,81838,Australia,L,Machine Learning and AI
Entry-level,Full-time,60000,United States,L,Data Analysis
Senior,Full-time,185900,United States,M,Data Engineering
Senior,Full-time,129300,United States,M,Data Engineering
Senior,Full-time,150000,United States,M,Data Analysis
Senior,Full-time,110000,United States,M,Data Analysis
Senior,Full-time,230000,United States,M,Data Science and Research
Senior,Full-time,175000,United States,M,Data Science and Research
Senior,Full-time,200000,United States,M,Machine Learning and AI
Senior,Full-time,170000,United States,M,Machine Learning and AI
Senior,Full-time,175000,United States,M,Data Science and Research
Senior,Full-time,160000,United States,M,Data Science and Research
Senior,Full-time,255000,United States,M,Data Science and Research
Senior,Full-time,160000,United States,M,Data Science and Research
Senior,Full-time,116990,United States,M,Leadership and Management
Senior,Full-time,82920,United States,M,Leadership and Management
Senior,Full-time,121000,United States,M,Data Engineering
Senior,Full-time,78000,United States,M,Data Engineering
Senior,Full-time,159000,United States,M,Leadership and Management
Senior,Full-time,105000,United States,M,Leadership and Management
Senior,Full-time,309400,United States,L,Data Science and Research
Senior,Full-time,159100,United States,L,Data Science and Research
Mid-level,Full-time,155000,United States,M,Data Science and Research
Mid-level,Full-time,102000,United States,M,Data Science and Research
Senior,Full-time,374000,United States,M,Data Science and Research
Senior,Full-time,197500,United States,M,Data Science and Research
Senior,Full-time,260000,United States,L,Data Science and Research
Senior,Full-time,136000,United States,L,Data Science and Research
Senior,Full-time,240000,United States,M,Data Science and Research
Senior,Full-time,187000,United States,M,Data Science and Research
Mid-level,Full-time,20000,United States,L,Data Science and Research
Senior,Full-time,210000,United States,M,Machine Learning and AI
Senior,Full-time,190000,United States,M,Machine Learning and AI
Mid-level,Full-time,95000,United States,M,Data Quality and Operations
Mid-level,Full-time,70000,United States,M,Data Quality and Operations
Senior,Full-time,195000,United States,M,Data Science and Research
Senior,Full-time,119000,United States,M,Data Science and Research
Senior,Full-time,216000,United States,M,Data Science and Research
Senior,Full-time,184000,United States,M,Data Science and Research
Senior,Full-time,200000,United States,M,Machine Learning and AI
Senior,Full-time,160000,United States,M,Machine Learning and AI
Senior,Full-time,80000,United States,M,Data Analysis
Senior,Full-time,70000,United States,M,Data Analysis
Senior,Full-time,185000,United States,L,BI and Visualization
Senior,Full-time,79600,United States,L,BI and Visualization
Mid-level,Full-time,73824,United Kingdom,M,Data Analysis
Mid-level,Full-time,61520,United Kingdom,M,Data Analysis
Senior,Full-time,266450,United States,M,Data Science and Research
Senior,Full-time,177700,United States,M,Data Science and Research
Senior,Full-time,245000,United States,M,Data Science and Research
Senior,Full-time,185000,United States,M,Data Science and Research
Senior,Full-time,247500,United States,M,Machine Learning and AI
Senior,Full-time,172200,United States,M,Machine Learning and AI
Senior,Full-time,222200,United States,L,Data Science and Research
Senior,Full-time,136000,United States,L,Data Science and Research
Senior,Full-time,55720,United States,M,Data Quality and Operations
Senior,Full-time,50700,United States,M,Data Quality and Operations
Mid-level,Part-time,56000,United States,M,Data Analysis
Senior,Full-time,370000,United States,M,Data Science and Research
Senior,Full-time,200000,United States,M,Data Science and Research
Senior,Full-time,196000,United States,M,Data Engineering
Senior,Full-time,121000,United States,M,Data Engineering
Senior,Full-time,202800,United States,L,BI and Visualization
Senior,Full-time,104300,United States,L,BI and Visualization
Mid-level,Full-time,135000,United States,M,Data Architecture and Modeling
Mid-level,Full-time,115000,United States,M,Data Architecture and Modeling
Senior,Full-time,302000,United States,M,Machine Learning and AI
Senior,Full-time,189000,United States,M,Machine Learning and AI
Mid-level,Full-time,65000,United States,M,Data Analysis
Mid-level,Full-time,55000,United States,M,Data Analysis
Senior,Full-time,220000,United States,M,Machine Learning and AI
Senior,Full-time,170000,United States,M,Machine Learning and AI
Senior,Full-time,185000,United States,L,BI and Visualization
Senior,Full-time,79600,United States,L,BI and Visualization
Senior,Full-time,110000,United States,M,Data Analysis
Senior,Full-time,75000,United States,M,Data Analysis
Senior,Full-time,150000,United States,M,BI and Visualization
Senior,Full-time,93000,United States,M,BI and Visualization
Senior,Full-time,190000,United States,L,Data Science and Research
Senior,Full-time,46565,Poland,L,Data Engineering
Senior,Full-time,204500,United States,M,Machine Learning and AI
Senior,Full-time,142200,United States,M,Machine Learning and AI
Senior,Full-time,204500,United States,M,Data Science and Research
Senior,Full-time,126400,United States,M,Data Science and Research
Senior,Full-time,216000,United States,M,Machine Learning and AI
Senior,Full-time,184000,United States,M,Machine Learning and AI
Senior,Full-time,139600,United States,M,Data Analysis
Senior,Full-time,85700,United States,M,Data Analysis
Mid-level,Full-time,100000,United States,M,Data Science and Research
Mid-level,Full-time,128750,United States,M,Data Science and Research
Mid-level,Full-time,79350,United States,M,Data Science and Research
Mid-level,Full-time,73824,United Kingdom,M,Leadership and Management
Mid-level,Full-time,67672,United Kingdom,M,Leadership and Management
Senior,Full-time,185900,United States,M,Data Science and Research
Senior,Full-time,129300,United States,M,Data Science and Research
Senior,Full-time,174000,United States,M,Leadership and Management
Senior,Full-time,134000,United States,M,Leadership and Management
Mid-level,Full-time,155000,United States,M,Data Science and Research
Mid-level,Full-time,125000,United States,M,Data Science and Research
Senior,Full-time,185000,United States,L,BI and Visualization
Senior,Full-time,79600,United States,L,BI and Visualization
Senior,Full-time,194400,United States,M,Data Engineering
Senior,Full-time,132192,United States,M,Data Engineering
Senior,Full-time,273400,United States,M,Machine Learning and AI
Senior,Full-time,182200,United States,M,Machine Learning and AI
Mid-level,Full-time,165000,Australia,M,Data Analysis
Mid-level,Full-time,142500,Australia,M,Data Analysis
Senior,Full-time,213654,United Kingdom,M,Data Science and Research
Senior,Full-time,142436,United Kingdom,M,Data Science and Research
Senior,Full-time,124230,United States,M,Data Engineering
Senior,Full-time,68637,United States,M,Data Engineering
Mid-level,Full-time,204000,United States,M,Data Engineering
Mid-level,Full-time,161500,United States,M,Data Engineering
Senior,Full-time,204500,United States,M,Machine Learning and AI
Senior,Full-time,142200,United States,M,Machine Learning and AI
Senior,Full-time,185900,United States,M,Data Science and Research
Senior,Full-time,129300,United States,M,Data Science and Research
Mid-level,Full-time,200000,United States,M,Data Science and Research
Mid-level,Full-time,100000,United States,M,Data Science and Research
Senior,Full-time,260000,United States,L,Data Science and Research
Senior,Full-time,136000,United States,L,Data Science and Research
Senior,Full-time,175000,United States,M,Data Science and Research
Senior,Full-time,148750,United States,M,Data Science and Research
Senior,Full-time,226600,United States,M,Machine Learning and AI
Senior,Full-time,140100,United States,M,Machine Learning and AI
Senior,Full-time,135000,United States,M,Data Science and Research
Senior,Full-time,95000,United States,M,Data Science and Research
Senior,Full-time,287700,United States,L,Machine Learning and AI
Senior,Full-time,148000,United States,L,Machine Learning and AI
Senior,Full-time,227240,United States,M,Data Science and Research
Senior,Full-time,197600,United States,M,Data Science and Research
Senior,Full-time,161000,United States,M,Data Science and Research
Senior,Full-time,140000,United States,M,Data Science and Research
Senior,Full-time,221000,United States,M,Machine Learning and AI
Senior,Full-time,185000,United States,M,Machine Learning and AI
Senior,Full-time,210000,United States,M,Data Science and Research
Senior,Full-time,178500,United States,M,Data Science and Research
Mid-level,Full-time,180000,United States,M,Machine Learning and AI
Mid-level,Full-time,150000,United States,M,Machine Learning and AI
Mid-level,Full-time,146100,United Kingdom,M,Leadership and Management
Mid-level,Full-time,112400,United Kingdom,M,Leadership and Management
Senior,Full-time,160000,United States,M,Data Analysis
Senior,Full-time,140000,United States,M,Data Analysis
Mid-level,Full-time,86128,United Kingdom,M,Data Architecture and Modeling
Mid-level,Full-time,79976,United Kingdom,M,Data Architecture and Modeling
Senior,Full-time,331640,United States,M,Machine Learning and AI
Senior,Full-time,267720,United States,M,Machine Learning and AI
Senior,Full-time,285000,United States,M,Data Engineering
Senior,Full-time,205000,United States,M,Data Engineering
Entry-level,Full-time,90000,United States,M,Machine Learning and AI
Senior,Full-time,120350,United States,M,Data Analysis
Senior,Full-time,74400,United States,M,Data Analysis
Senior,Full-time,146000,United States,M,Data Engineering
Senior,Full-time,94000,United States,M,Data Engineering
Mid-level,Full-time,237400,United States,M,Machine Learning and AI
Mid-level,Full-time,158200,United States,M,Machine Learning and AI
Senior,Full-time,225000,United States,M,BI and Visualization
Senior,Full-time,156400,United States,M,BI and Visualization
Senior,Full-time,192000,United States,M,Machine Learning and AI
Senior,Full-time,164000,United States,M,Machine Learning and AI
Senior,Full-time,150000,United States,M,BI and Visualization
Senior,Full-time,141000,United States,M,BI and Visualization
Senior,Full-time,260000,United States,L,Data Science and Research
Senior,Full-time,136000,United States,L,Data Science and Research
Senior,Full-time,309400,United States,L,Data Science and Research
Senior,Full-time,159100,United States,L,Data Science and Research
Senior,Full-time,267000,United States,M,Leadership and Management
Senior,Full-time,205000,United States,M,Leadership and Management
Senior,Full-time,147100,United States,M,Data Science and Research
Senior,Full-time,90700,United States,M,Data Science and Research
Senior,Full-time,115000,United States,M,Data Analysis
Senior,Full-time,72000,United States,M,Data Analysis
Senior,Full-time,169000,United States,M,Data Analysis
Senior,Full-time,110600,United States,M,Data Analysis
Senior,Full-time,67672,United Kingdom,M,Data Analysis
Senior,Full-time,67672,United Kingdom,M,Data Analysis
Senior,Full-time,185000,United States,L,BI and Visualization
Senior,Full-time,79600,United States,L,BI and Visualization
Senior,Full-time,165000,United States,M,Data Engineering
Senior,Full-time,141000,United States,M,Data Engineering
Entry-level,Full-time,177177,United Kingdom,L,Data Engineering
Senior,Full-time,240000,United States,S,Data Science and Research
Senior,Full-time,142000,United States,S,Data Science and Research
Mid-level,Contract,180000,United States,S,Machine Learning and AI
Mid-level,Contract,105000,United States,S,Machine Learning and AI
Entry-level,Full-time,80000,United States,M,Data Analysis
Entry-level,Full-time,60000,United States,M,Data Analysis
Senior,Full-time,268000,United States,M,Machine Learning and AI
Senior,Full-time,180000,United States,M,Machine Learning and AI
Mid-level,Full-time,144628,United States,M,Leadership and Management
Mid-level,Full-time,115702,United States,M,Leadership and Management
Senior,Full-time,144000,United States,M,Data Analysis
Senior,Full-time,132000,United States,M,Data Analysis
Senior,Full-time,106400,United Kingdom,M,Data Analysis
Senior,Full-time,81800,United Kingdom,M,Data Analysis
Senior,Full-time,134200,United Kingdom,M,Data Analysis
Senior,Full-time,103200,United Kingdom,M,Data Analysis
Senior,Full-time,110000,United States,M,Data Analysis
Senior,Full-time,93500,United States,M,Data Analysis
Senior,Full-time,208200,United States,M,Data Engineering
Senior,Full-time,151200,United States,M,Data Engineering
Senior,Full-time,240000,United States,M,Machine Learning and AI
Senior,Full-time,180000,United States,M,Machine Learning and AI
Senior,Full-time,270000,United States,M,Data Science and Research
Senior,Full-time,220000,United States,M,Data Science and Research
Executive,Full-time,194500,United States,M,Data Engineering
Executive,Full-time,115500,United States,M,Data Engineering
Senior,Full-time,225000,United States,M,Data Science and Research
Senior,Full-time,156400,United States,M,Data Science and Research
Senior,Full-time,140000,United Kingdom,M,Data Analysis
Senior,Full-time,100000,United Kingdom,M,Data Analysis
Senior,Full-time,193600,United States,M,Machine Learning and AI
Senior,Full-time,119700,United States,M,Machine Learning and AI
Senior,Full-time,225000,France,M,Machine Learning and AI
Senior,Full-time,199000,France,M,Machine Learning and AI
Entry-level,Full-time,50000,United States,M,Data Analysis
Entry-level,Full-time,40000,United States,M,Data Analysis
Senior,Full-time,185900,United States,M,Data Science and Research
Senior,Full-time,129300,United States,M,Data Science and Research
Senior,Full-time,120000,United States,M,Data Analysis
Senior,Full-time,95000,United States,M,Data Analysis
Mid-level,Full-time,98432,United Kingdom,M,Data Analysis
Mid-level,Full-time,55368,United Kingdom,M,Data Analysis
Senior,Full-time,225000,United States,M,Data Science and Research
Senior,Full-time,156400,United States,M,Data Science and Research
Senior,Full-time,399880,United Kingdom,L,Leadership and Management
Entry-level,Full-time,41027,Spain,L,Data Engineering
Senior,Full-time,155000,United States,M,Machine Learning and AI
Senior,Full-time,100000,United States,M,Machine Learning and AI
Senior,Full-time,85000,United States,M,Data Analysis
Senior,Full-time,65000,United States,M,Data Analysis
Senior,Full-time,280100,United States,M,Data Architecture and Modeling
Senior,Full-time,168100,United States,M,Data Architecture and Modeling
Senior,Full-time,200000,United States,M,Machine Learning and AI
Senior,Full-time,120000,United States,M,Machine Learning and AI
Senior,Full-time,185000,United States,L,BI and Visualization
Senior,Full-time,79600,United States,L,BI and Visualization
Senior,Full-time,149040,United States,M,Data Engineering
Senior,Full-time,113900,United States,M,Data Engineering
Senior,Full-time,240000,United States,M,Machine Learning and AI
Senior,Full-time,180000,United States,M,Machine Learning and AI
Senior,Full-time,165000,United States,M,Machine Learning and AI
Senior,Full-time,145000,United States,M,Machine Learning and AI
Senior,Full-time,165000,United States,M,Machine Learning and AI
Senior,Full-time,145000,United States,M,Machine Learning and AI
Senior,Full-time,274450,United States,M,Data Architecture and Modeling
Senior,Full-time,199600,United States,M,Data Architecture and Modeling
Mid-level,Full-time,83500,United States,M,Data Engineering
Mid-level,Full-time,52500,United States,M,Data Engineering
Senior,Full-time,140000,Canada,M,BI and Visualization
Senior,Full-time,76500,Canada,M,BI and Visualization
Senior,Full-time,48585,Spain,M,Data Science and Research
Senior,Full-time,38868,Spain,M,Data Science and Research
Senior,Full-time,306000,United States,M,Data Architecture and Modeling
Senior,Full-time,204000,United States,M,Data Architecture and Modeling
Senior,Full-time,204500,United States,M,Machine Learning and AI
Senior,Full-time,142200,United States,M,Machine Learning and AI
Senior,Full-time,185900,United States,M,Data Science and Research
Senior,Full-time,129300,United States,M,Data Science and Research
Senior,Full-time,136000,United States,M,Data Analysis
Senior,Full-time,104000,United States,M,Data Analysis
Senior,Full-time,115000,United States,M,Data Engineering
Senior,Full-time,81500,United States,M,Data Engineering
Mid-level,Full-time,280000,United Kingdom,L,Data Science and Research
Executive,Full-time,250000,United States,M,Data Science and Research
Executive,Full-time,180000,United States,M,Data Science and Research
Mid-level,Full-time,100000,United States,M,Data Engineering
Mid-level,Full-time,70000,United States,M,Data Engineering
Mid-level,Full-time,100000,United States,M,Data Engineering
Mid-level,Full-time,70000,United States,M,Data Engineering
Senior,Full-time,240000,United States,M,Data Science and Research
Senior,Full-time,157000,United States,M,Data Science and Research
Senior,Full-time,222200,United States,L,Data Science and Research
Senior,Full-time,136000,United States,L,Data Science and Research
Senior,Full-time,204500,United States,M,Machine Learning and AI
Senior,Full-time,142200,United States,M,Machine Learning and AI
Senior,Full-time,140700,United States,M,Data Analysis
Senior,Full-time,109600,United States,M,Data Analysis
Senior,Full-time,278000,United States,M,Machine Learning and AI
Senior,Full-time,173000,United States,M,Machine Learning and AI
Senior,Full-time,110000,United States,M,Data Analysis
Senior,Full-time,95000,United States,M,Data Analysis
Senior,Full-time,305000,United States,M,Data Engineering
Senior,Full-time,160000,United States,M,Data Engineering
Senior,Full-time,175000,United States,M,Data Engineering
Senior,Full-time,125000,United States,M,Data Engineering
Senior,Full-time,155000,United Kingdom,M,Data Analysis
Senior,Full-time,120000,United Kingdom,M,Data Analysis
Senior,Full-time,85000,United States,M,Data Analysis
Senior,Full-time,80000,United States,M,Data Analysis
Entry-level,Full-time,24000,United States,M,Data Science and Research
Senior,Full-time,165400,United Kingdom,M,Machine Learning and AI
Senior,Full-time,127300,United Kingdom,M,Machine Learning and AI
Senior,Full-time,260000,United States,L,Data Science and Research
Senior,Full-time,136000,United States,L,Data Science and Research
Senior,Full-time,259000,United States,M,BI and Visualization
Senior,Full-time,138750,United States,M,BI and Visualization
Senior,Full-time,185900,United States,M,Data Science and Research
Senior,Full-time,129300,United States,M,Data Science and Research
Senior,Full-time,273400,United States,M,Machine Learning and AI
Senior,Full-time,182200,United States,M,Machine Learning and AI
Senior,Full-time,192000,United States,M,Data Science and Research
Senior,Full-time,178000,United States,M,Data Science and Research
Senior,Full-time,218000,United States,M,Data Science and Research
Senior,Full-time,85000,United States,M,Data Science and Research
Senior,Full-time,132000,United States,M,Data Management and Strategy
Senior,Full-time,71500,United States,M,Data Management and Strategy
Senior,Full-time,252000,United States,M,Data Engineering
Senior,Full-time,129000,United States,M,Data Engineering
Senior,Full-time,215050,United States,M,Leadership and Management
Senior,Full-time,113100,United States,M,Leadership and Management
Senior,Full-time,260000,United States,L,Data Science and Research
Senior,Full-time,136000,United States,L,Data Science and Research
Senior,Full-time,218000,United States,M,Data Science and Research
Senior,Full-time,85000,United States,M,Data Science and Research
Mid-level,Full-time,130000,United States,M,Data Science and Research
Mid-level,Full-time,85000,United States,M,Data Science and Research
Executive,Full-time,250000,United States,M,Data Engineering
Executive,Full-time,200000,United States,M,Data Engineering
Senior,Full-time,220000,United States,M,Machine Learning and AI
Senior,Full-time,170000,United States,M,Machine Learning and AI
Senior,Full-time,145000,United States,M,Data Engineering
Senior,Full-time,115000,United States,M,Data Engineering
Senior,Full-time,184000,United States,M,Data Science and Research
Senior,Full-time,123000,United States,M,Data Science and Research
Mid-level,Full-time,75000,United States,M,Data Analysis
Mid-level,Full-time,65000,United States,M,Data Analysis
Senior,Full-time,168400,United States,M,Data Science and Research
Senior,Full-time,90700,United States,M,Data Science and Research
Senior,Full-time,185900,United States,M,Data Engineering
Senior,Full-time,129300,United States,M,Data Engineering
Senior,Full-time,258000,Canada,M,Data Science and Research
Senior,Full-time,190000,Canada,M,Data Science and Research
Senior,Full-time,169000,United States,M,Data Analysis
Senior,Full-time,110600,United States,M,Data Analysis
Senior,Full-time,80000,United States,M,Data Analysis
Senior,Full-time,70000,United States,M,Data Analysis
Senior,Full-time,136505,United States,M,Data Analysis
Senior,Full-time,100895,United States,M,Data Analysis
Senior,Full-time,200000,United States,M,Machine Learning and AI
Senior,Full-time,150000,United States,M,Machine Learning and AI
Senior,Full-time,202800,United States,L,BI and Visualization
Senior,Full-time,104300,United States,L,BI and Visualization
Senior,Full-time,275300,United States,M,Data Engineering
Senior,Full-time,183500,United States,M,Data Engineering
Senior,Full-time,168400,United States,M,Data Science and Research
Senior,Full-time,105200,United States,M,Data Science and Research
Mid-level,Full-time,240000,United States,M,Data Architecture and Modeling
Mid-level,Full-time,150000,United States,M,Data Architecture and Modeling
Mid-level,Full-time,130000,United States,M,Leadership and Management
Mid-level,Full-time,120000,United States,M,Leadership and Management
Mid-level,Full-time,93000,United States,L,Data Analysis
Senior,Full-time,248100,United States,M,Data Science and Research
Senior,Full-time,145900,United States,M,Data Science and Research
Senior,Full-time,177000,United States,M,Data Analysis
Senior,Full-time,118000,United States,M,Data Analysis
Senior,Full-time,120350,United States,M,Data Analysis
Senior,Full-time,74400,United States,M,Data Analysis
Senior,Full-time,190000,United States,M,Data Engineering
Senior,Full-time,120000,United States,M,Data Engineering
Senior,Full-time,237400,United Kingdom,M,Machine Learning and AI
Senior,Full-time,132870,United Kingdom,M,Machine Learning and AI
Senior,Full-time,248100,United States,M,Data Science and Research
Senior,Full-time,145900,United States,M,Data Science and Research
Senior,Full-time,170000,United States,M,Data Science and Research
Senior,Full-time,125000,United States,M,Data Science and Research
Senior,Full-time,105000,United States,M,Data Engineering
Senior,Full-time,90000,United States,M,Data Engineering
Senior,Full-time,317070,United States,M,Machine Learning and AI
Senior,Full-time,170730,United States,M,Machine Learning and AI
Mid-level,Full-time,170000,United States,M,Machine Learning and AI
Mid-level,Full-time,125000,United States,M,Machine Learning and AI
Senior,Full-time,158700,United States,M,Data Engineering
Senior,Full-time,123906,United States,M,Data Engineering
Senior,Full-time,222200,United States,L,Data Science and Research
Senior,Full-time,136000,United States,L,Data Science and Research
Senior,Full-time,166000,United States,M,Data Engineering
Senior,Full-time,128000,United States,M,Data Engineering
Mid-level,Full-time,80976,Spain,M,Data Engineering
Mid-level,Full-time,66940,Spain,M,Data Engineering
Executive,Full-time,333500,United States,M,Data Engineering
Executive,Full-time,180500,United States,M,Data Engineering
Senior,Full-time,242921,United States,M,Machine Learning and AI
Senior,Full-time,170045,United States,M,Machine Learning and AI
Senior,Full-time,248100,United States,M,Data Science and Research
Senior,Full-time,145900,United States,M,Data Science and Research
Mid-level,Full-time,92280,United Kingdom,M,Data Engineering
Mid-level,Full-time,76284,United Kingdom,M,Data Engineering
Senior,Full-time,225000,United States,M,BI and Visualization
Senior,Full-time,156400,United States,M,BI and Visualization
Executive,Full-time,257400,United States,M,Data Engineering
Executive,Full-time,210600,United States,M,Data Engineering
Mid-level,Full-time,65000,United States,M,Data Quality and Operations
Mid-level,Full-time,50000,United States,M,Data Quality and Operations
Senior,Full-time,293000,United States,M,Data Engineering
Senior,Full-time,180000,United States,M,Data Engineering
Executive,Full-time,260000,United States,M,Data Science and Research
Executive,Full-time,192000,United States,M,Data Science and Research
Mid-level,Full-time,170000,United States,M,Machine Learning and AI
Mid-level,Full-time,125000,United States,M,Machine Learning and AI
Entry-level,Full-time,99000,United States,L,Data Analysis
Senior,Full-time,130000,United States,M,Data Analysis
Senior,Full-time,100000,United States,M,Data Analysis
Senior,Full-time,233000,United States,M,Machine Learning and AI
Senior,Full-time,166000,United States,M,Machine Learning and AI
Senior,Full-time,185100,United States,M,Data Engineering
Senior,Full-time,127600,United States,M,Data Engineering
Mid-level,Full-time,105000,United States,M,Data Analysis
Mid-level,Full-time,80000,United States,M,Data Analysis
Executive,Full-time,160000,United States,M,Data Analysis
Executive,Full-time,55000,United States,M,Data Analysis
Senior,Full-time,241000,United States,M,Machine Learning and AI
Senior,Full-time,163000,United States,M,Machine Learning and AI
Mid-level,Full-time,120000,United States,M,Data Science and Research
Mid-level,Full-time,90000,United States,M,Data Science and Research
Senior,Full-time,218000,United States,M,Data Science and Research
Senior,Full-time,118000,United States,M,Data Science and Research
Senior,Full-time,210000,United States,M,Data Science and Research
Senior,Full-time,168000,United States,M,Data Science and Research
Senior,Full-time,311000,United States,M,Machine Learning and AI
Senior,Full-time,162540,United States,M,Machine Learning and AI
Mid-level,Full-time,51676,United Kingdom,M,Data Analysis
Mid-level,Full-time,43064,United Kingdom,M,Data Analysis
Executive,Full-time,258750,United States,M,Data Science and Research
Executive,Full-time,185000,United States,M,Data Science and Research
Executive,Full-time,225000,United States,M,Data Science and Research
Executive,Full-time,145000,United States,M,Data Science and Research
Senior,Full-time,226600,United States,M,Machine Learning and AI
Senior,Full-time,140100,United States,M,Machine Learning and AI
Senior,Full-time,48585,Spain,M,Data Science and Research
Senior,Full-time,38868,Spain,M,Data Science and Research
Senior,Full-time,190000,United States,M,Data Science and Research
Senior,Full-time,165000,United States,M,Data Science and Research
Senior,Full-time,175000,United States,M,Data Science and Research
Senior,Full-time,160000,United States,M,Data Science and Research
Senior,Full-time,247500,United States,M,Machine Learning and AI
Senior,Full-time,172200,United States,M,Machine Learning and AI
Senior,Full-time,247500,United States,M,Machine Learning and AI
Senior,Full-time,172200,United States,M,Machine Learning and AI
Senior,Full-time,153600,United States,M,Data Engineering
Senior,Full-time,106800,United States,M,Data Engineering
Senior,Full-time,140000,Canada,M,BI and Visualization
Senior,Full-time,76500,Canada,M,BI and Visualization
Senior,Full-time,182850,United States,M,Data Engineering
Senior,Full-time,113000,United States,M,Data Engineering
Senior,Full-time,150000,United States,M,Data Engineering
Senior,Full-time,120000,United States,M,Data Engineering
Mid-level,Full-time,105000,United States,M,Data Analysis
Mid-level,Full-time,95000,United States,M,Data Analysis
Senior,Full-time,306000,United States,M,Data Architecture and Modeling
Senior,Full-time,204000,United States,M,Data Architecture and Modeling
Senior,Full-time,160000,United States,M,Data Science and Research
Senior,Full-time,135000,United States,M,Data Science and Research
Senior,Full-time,104584,United Kingdom,M,Data Architecture and Modeling
Senior,Full-time,92280,United Kingdom,M,Data Architecture and Modeling
Mid-level,Full-time,126000,United States,M,Data Analysis
Mid-level,Full-time,86400,United States,M,Data Analysis
Senior,Full-time,232760,United States,M,Data Engineering
Senior,Full-time,169280,United States,M,Data Engineering
Senior,Full-time,136000,United States,M,Data Analysis
Senior,Full-time,104000,United States,M,Data Analysis
Senior,Full-time,185900,United States,M,Data Science and Research
Senior,Full-time,129300,United States,M,Data Science and Research
Senior,Full-time,168000,United States,M,Data Science and Research
Senior,Full-time,130000,United States,M,Data Science and Research
Senior,Full-time,185900,United States,M,Data Science and Research
Senior,Full-time,129300,United States,M,Data Science and Research
Mid-level,Full-time,162500,United States,M,Data Engineering
Mid-level,Full-time,130000,United States,M,Data Engineering
Senior,Full-time,240350,United States,M,Data Science and Research
Senior,Full-time,174800,United States,M,Data Science and Research
Senior,Full-time,247500,United States,M,Machine Learning and AI
Senior,Full-time,172200,United States,M,Machine Learning and AI
Senior,Full-time,154000,United States,M,Data Engineering
Senior,Full-time,116000,United States,M,Data Engineering
Senior,Full-time,168000,United States,M,Data Science and Research
Senior,Full-time,130000,United States,M,Data Science and Research
Senior,Full-time,153600,United States,M,Data Analysis
Senior,Full-time,107500,United States,M,Data Analysis
Mid-level,Full-time,94100,United Kingdom,M,Data Analysis
Mid-level,Full-time,72400,United Kingdom,M,Data Analysis
Senior,Full-time,178000,United States,M,Machine Learning and AI
Senior,Full-time,152000,United States,M,Machine Learning and AI
Senior,Full-time,192000,United States,M,Data Science and Research
Senior,Full-time,164000,United States,M,Data Science and Research
Senior,Full-time,233200,United States,M,Data Science and Research
Senior,Full-time,140000,United States,M,Data Science and Research
Senior,Full-time,194000,United States,M,Data Engineering
Senior,Full-time,161000,United States,M,Data Engineering
Senior,Full-time,225000,United States,M,BI and Visualization
Senior,Full-time,156400,United States,M,BI and Visualization
Senior,Full-time,210000,United States,M,Machine Learning and AI
Senior,Full-time,160000,United States,M,Machine Learning and AI
Senior,Full-time,153600,United States,M,Data Analysis
Senior,Full-time,107500,United States,M,Data Analysis
Senior,Full-time,185900,United States,M,Data Engineering
Senior,Full-time,129300,United States,M,Data Engineering
Senior,Full-time,145000,United States,M,Data Science and Research
Senior,Full-time,120000,United States,M,Data Science and Research
Senior,Full-time,206000,United States,M,Data Analysis
Senior,Full-time,130000,United States,M,Data Analysis
Senior,Full-time,153600,United States,M,Data Analysis
Senior,Full-time,107500,United States,M,Data Analysis
Senior,Full-time,146100,United Kingdom,M,Data Engineering
Senior,Full-time,112400,United Kingdom,M,Data Engineering
Senior,Full-time,241000,United States,M,Data Engineering
Senior,Full-time,155000,United States,M,Data Engineering
Executive,Full-time,194500,United States,M,Data Engineering
Executive,Full-time,115500,United States,M,Data Engineering
Mid-level,Full-time,110000,United States,M,Data Management and Strategy
Mid-level,Full-time,70000,United States,M,Data Management and Strategy
Senior,Full-time,199000,United States,M,Machine Learning and AI
Senior,Full-time,145000,United States,M,Machine Learning and AI
Senior,Full-time,200000,United States,M,Data Science and Research
Senior,Full-time,170000,United States,M,Data Science and Research
Senior,Full-time,150120,United States,M,Data Science and Research
Senior,Full-time,120096,United States,M,Data Science and Research
Senior,Full-time,253000,United States,M,Machine Learning and AI
Senior,Full-time,168000,United States,M,Machine Learning and AI
Senior,Full-time,200000,United States,M,Data Science and Research
Senior,Full-time,170000,United States,M,Data Science and Research
Senior,Full-time,185900,United States,M,Data Science and Research
Senior,Full-time,129300,United States,M,Data Science and Research
Senior,Full-time,178600,United States,M,Leadership and Management
Senior,Full-time,142880,United States,M,Leadership and Management
Senior,Full-time,255000,United States,M,Data Science and Research
Senior,Full-time,169000,United States,M,Data Science and Research
Mid-level,Full-time,155000,United States,M,Data Science and Research
Mid-level,Full-time,100000,United States,M,Data Science and Research
Mid-level,Full-time,151410,United States,M,Data Engineering
Mid-level,Full-time,144200,United States,M,Data Engineering
Entry-level,Full-time,151410,United States,M,Data Science and Research
Entry-level,Full-time,115360,United States,M,Data Science and Research
Senior,Full-time,252000,United States,M,Data Engineering
Senior,Full-time,129000,United States,M,Data Engineering
Mid-level,Full-time,193170,United States,M,Leadership and Management
Mid-level,Full-time,116480,United States,M,Leadership and Management
Mid-level,Full-time,250000,United States,M,Data Science and Research
Mid-level,Full-time,125000,United States,M,Data Science and Research
Senior,Full-time,146000,United States,M,Data Engineering
Senior,Full-time,94000,United States,M,Data Engineering
Executive,Full-time,246080,United Kingdom,M,Data Science and Research
Executive,Full-time,203016,United Kingdom,M,Data Science and Research
Executive,Full-time,135344,United Kingdom,M,Leadership and Management
Executive,Full-time,110736,United Kingdom,M,Leadership and Management
Senior,Full-time,260000,United States,L,Data Science and Research
Senior,Full-time,136000,United States,L,Data Science and Research
Executive,Full-time,329500,United States,M,Leadership and Management
Executive,Full-time,269600,United States,M,Leadership and Management
Senior,Full-time,250500,United States,M,Data Architecture and Modeling
Senior,Full-time,159500,United States,M,Data Architecture and Modeling
Entry-level,Full-time,115000,United States,M,Data Analysis
Entry-level,Full-time,105000,United States,M,Data Analysis
Senior,Full-time,250000,United States,M,Data Science and Research
Senior,Full-time,170000,United States,M,Data Science and Research
Senior,Full-time,198800,United States,M,Data Science and Research
Senior,Full-time,105200,United States,M,Data Science and Research
Entry-level,Full-time,94035,United States,M,Data Analysis
Entry-level,Full-time,57920,United States,M,Data Analysis
Senior,Full-time,222200,United States,L,Data Science and Research
Senior,Full-time,136000,United States,L,Data Science and Research
Senior,Full-time,113600,United States,M,Data Analysis
Senior,Full-time,60000,United States,M,Data Analysis
Senior,Full-time,150000,United States,M,Data Engineering
Senior,Full-time,130000,United States,M,Data Engineering
Senior,Full-time,256000,United States,M,Data Science and Research
Senior,Full-time,160000,United States,M,Data Science and Research
Senior,Full-time,180000,United States,M,Data Engineering
Senior,Full-time,165000,United States,M,Data Engineering
Senior,Full-time,116000,United States,M,Data Analysis
Senior,Full-time,78000,United States,M,Data Analysis
Senior,Full-time,245000,United Kingdom,M,Machine Learning and AI
Senior,Full-time,210000,United Kingdom,M,Machine Learning and AI
Senior,Full-time,115934,United States,M,Data Analysis
Senior,Full-time,81666,United States,M,Data Analysis
Senior,Full-time,283200,United States,M,Machine Learning and AI
Senior,Full-time,188800,United States,M,Machine Learning and AI
Senior,Full-time,220000,United States,M,Data Science and Research
Senior,Full-time,150000,United States,M,Data Science and Research
Senior,Full-time,192000,United States,M,Data Science and Research
Senior,Full-time,164000,United States,M,Data Science and Research
Mid-level,Freelance,36000,Ghana,S,Data Analysis
Senior,Full-time,205640,United States,M,Data Science and Research
Senior,Full-time,142600,United States,M,Data Science and Research
Senior,Full-time,193200,United States,M,Data Engineering
Senior,Full-time,156400,United States,M,Data Engineering
Senior,Full-time,196000,United States,M,Machine Learning and AI
Senior,Full-time,121000,United States,M,Machine Learning and AI
Senior,Full-time,72000,Argentina,M,Data Engineering
Senior,Full-time,48000,Argentina,M,Data Engineering
Senior,Full-time,165000,United States,M,Data Engineering
Senior,Full-time,132300,United States,M,Data Engineering
Senior,Full-time,244000,Canada,M,Data Science and Research
Senior,Full-time,197000,Canada,M,Data Science and Research
Senior,Full-time,328000,United States,M,Data Science and Research
Senior,Full-time,211000,United States,M,Data Science and Research
Senior,Full-time,237000,United States,M,Data Science and Research
Senior,Full-time,201450,United States,M,Data Science and Research
Senior,Full-time,229000,United States,M,Machine Learning and AI
Senior,Full-time,206000,United States,M,Machine Learning and AI
Senior,Full-time,231000,United States,M,Data Science and Research
Senior,Full-time,134000,United States,M,Data Science and Research
Senior,Full-time,183750,United States,M,Machine Learning and AI
Senior,Full-time,165400,United States,M,Machine Learning and AI
Mid-level,Full-time,175000,United States,M,Data Engineering
Mid-level,Full-time,125000,United States,M,Data Engineering
Senior,Full-time,152900,United Kingdom,M,Leadership and Management
Senior,Full-time,117700,United Kingdom,M,Leadership and Management
Senior,Full-time,285800,United States,M,Data Science and Research
Senior,Full-time,154600,United States,M,Data Science and Research
Senior,Full-time,289120,United States,M,Data Quality and Operations
Senior,Full-time,192400,United States,M,Data Quality and Operations
Mid-level,Full-time,179998,Saudi Arabia,S,Data Analysis
Mid-level,Full-time,35000,India,L,Data Science and Research
Senior,Full-time,230000,United States,M,Data Engineering
Senior,Full-time,166000,United States,M,Data Engineering
Mid-level,Full-time,258000,United States,L,Data Architecture and Modeling
Senior,Full-time,225000,United States,M,Data Science and Research
Senior,Full-time,156400,United States,M,Data Science and Research
Senior,Full-time,190000,United States,M,Data Engineering
Senior,Full-time,150000,United States,M,Data Engineering
Senior,Full-time,196000,United States,M,Data Science and Research
Senior,Full-time,121000,United States,M,Data Science and Research
Senior,Full-time,219000,United States,M,Data Science and Research
Senior,Full-time,141000,United States,M,Data Science and Research
Senior,Full-time,230000,United States,M,Data Engineering
Senior,Full-time,206000,United States,M,Data Engineering
Senior,Full-time,192000,United States,M,Data Science and Research
Senior,Full-time,164000,United States,M,Data Science and Research
Mid-level,Full-time,300000,Australia,M,Machine Learning and AI
Mid-level,Full-time,260000,Australia,M,Machine Learning and AI
Senior,Full-time,147000,United States,M,Data Analysis
Senior,Full-time,92000,United States,M,Data Analysis
Senior,Full-time,200000,United States,M,Machine Learning and AI
Senior,Full-time,140000,United States,M,Machine Learning and AI
Mid-level,Full-time,110000,United States,M,Leadership and Management
Mid-level,Full-time,70000,United States,M,Leadership and Management
Senior,Full-time,284310,United States,M,Data Engineering
Senior,Full-time,153090,United States,M,Data Engineering
Senior,Full-time,261500,United States,L,Machine Learning and AI
Senior,Full-time,134500,United States,L,Machine Learning and AI
Entry-level,Contract,83200,United States,S,Data Analysis
Senior,Full-time,204500,Germany,M,Data Engineering
Senior,Full-time,142200,Germany,M,Data Engineering
Senior,Full-time,145000,United States,M,Data Analysis
Senior,Full-time,106000,United States,M,Data Analysis
Senior,Full-time,190000,United States,M,Data Science and Research
Senior,Full-time,160000,United States,M,Data Science and Research
Senior,Full-time,275300,United States,M,Leadership and Management
Senior,Full-time,183500,United States,M,Leadership and Management
Mid-level,Full-time,147648,United Kingdom,M,Data Engineering
Mid-level,Full-time,123040,United Kingdom,M,Data Engineering
Senior,Full-time,182850,United States,M,Data Engineering
Senior,Full-time,113000,United States,M,Data Engineering
Senior,Full-time,202800,United States,L,BI and Visualization
Senior,Full-time,104300,United States,L,BI and Visualization
Senior,Full-time,215000,United States,M,Data Engineering
Senior,Full-time,175000,United States,M,Data Engineering
Executive,Full-time,228856,United Kingdom,M,Data Science and Research
Executive,Full-time,144540,United Kingdom,M,Data Science and Research
Mid-level,Full-time,162500,United States,M,Data Engineering
Mid-level,Full-time,130000,United States,M,Data Engineering
Mid-level,Full-time,140000,United States,M,Data Science and Research
Mid-level,Full-time,115000,United States,M,Data Science and Research
Senior,Full-time,136600,United States,M,Data Engineering
Senior,Full-time,109280,United States,M,Data Engineering
Senior,Full-time,221000,United States,M,Machine Learning and AI
Senior,Full-time,185000,United States,M,Machine Learning and AI
Senior,Full-time,84000,Colombia,M,Data Analysis
Senior,Full-time,60000,Colombia,M,Data Analysis
Mid-level,Full-time,73824,United Kingdom,M,Leadership and Management
Mid-level,Full-time,61520,United Kingdom,M,Leadership and Management
Mid-level,Full-time,70000,United States,M,Data Analysis
Senior,Freelance,60000,Nigeria,M,Machine Learning and AI
Senior,Full-time,281000,United States,M,Data Science and Research
Senior,Full-time,196000,United States,M,Data Science and Research
Senior,Full-time,146000,United States,M,Data Engineering
Senior,Full-time,94000,United States,M,Data Engineering
Entry-level,Full-time,69500,United States,M,Data Management and Strategy
Entry-level,Full-time,46400,United States,M,Data Management and Strategy
Senior,Full-time,185000,United States,M,Data Engineering
Senior,Full-time,150000,United States,M,Data Engineering
Senior,Full-time,145000,United States,M,Data Engineering
Senior,Full-time,115000,United States,M,Data Engineering
Senior,Full-time,254000,United States,M,Data Engineering
Senior,Full-time,200000,United States,M,Data Engineering
Senior,Full-time,260000,United States,L,Data Science and Research
Senior,Full-time,136000,United States,L,Data Science and Research
Senior,Full-time,281000,Canada,M,Data Science and Research
Senior,Full-time,181000,Canada,M,Data Science and Research
Senior,Full-time,285000,United States,M,Data Architecture and Modeling
Senior,Full-time,210000,United States,M,Data Architecture and Modeling
Entry-level,Full-time,69525,United States,M,Data Analysis
Entry-level,Full-time,61800,United States,M,Data Analysis
Senior,Full-time,192000,United States,M,Data Science and Research
Senior,Full-time,164000,United States,M,Data Science and Research
Senior,Full-time,178000,United States,M,Machine Learning and AI
Senior,Full-time,152000,United States,M,Machine Learning and AI
Senior,Full-time,160000,Japan,L,BI and Visualization
Entry-level,Full-time,40000,United States,M,Data Science and Research
Senior,Full-time,125000,United States,M,Data Analysis
Senior,Full-time,95000,United States,M,Data Analysis
Senior,Full-time,130000,United States,M,BI and Visualization
Senior,Full-time,110000,United States,M,BI and Visualization
Senior,Full-time,48585,Spain,M,Data Science and Research
Senior,Full-time,38868,Spain,M,Data Science and Research
Senior,Full-time,145000,United States,M,Data Engineering
Senior,Full-time,120000,United States,M,Data Engineering
Senior,Full-time,283200,United States,M,Machine Learning and AI
Senior,Full-time,188800,United States,M,Machine Learning and AI
Senior,Full-time,225000,France,M,Data Science and Research
Senior,Full-time,168000,France,M,Data Science and Research
Senior,Full-time,140000,United States,M,Data Science and Research
Senior,Full-time,105000,United States,M,Data Science and Research
Entry-level,Full-time,130001,United States,M,Data Science and Research
Entry-level,Full-time,71907,United States,M,Data Science and Research
Senior,Full-time,144000,Canada,M,Leadership and Management
Senior,Full-time,80000,Canada,M,Leadership and Management
Senior,Full-time,205000,United States,M,Data Architecture and Modeling
Senior,Full-time,150000,United States,M,Data Architecture and Modeling
Senior,Full-time,189400,United Kingdom,M,Data Analysis
Senior,Full-time,131685,United Kingdom,M,Data Analysis
Executive,Full-time,204500,United States,M,Leadership and Management
Executive,Full-time,142200,United States,M,Leadership and Management
Senior,Full-time,150000,United States,M,Data Science and Research
Senior,Full-time,130000,United States,M,Data Science and Research
Mid-level,Full-time,120000,United States,M,Data Engineering
Mid-level,Full-time,120000,United States,M,Data Engineering
Senior,Full-time,172000,United Kingdom,M,Data Analysis
Senior,Full-time,110000,United Kingdom,M,Data Analysis
Senior,Full-time,260000,United States,L,Data Science and Research
Senior,Full-time,136000,United States,L,Data Science and Research
Senior,Full-time,110000,United States,M,Data Analysis
Senior,Full-time,90000,United States,M,Data Analysis
Entry-level,Full-time,60000,United States,M,Data Analysis
Entry-level,Full-time,77791,Canada,L,Data Science and Research
Mid-level,Full-time,55410,United Kingdom,M,Data Science and Research
Senior,Full-time,57000,Russian Federation,L,Data Analysis
Mid-level,Full-time,120000,United Kingdom,M,Machine Learning and AI
Senior,Full-time,168400,United States,M,Data Architecture and Modeling
Senior,Full-time,90700,United States,M,Data Architecture and Modeling
Senior,Full-time,150000,United States,M,Data Analysis
Senior,Full-time,95000,United States,M,Data Analysis
Senior,Full-time,161000,United States,M,Data Engineering
Senior,Full-time,85000,United States,M,Data Engineering
Senior,Full-time,240000,United States,M,Data Science and Research
Senior,Full-time,157250,United States,M,Data Science and Research
Senior,Full-time,260000,United States,L,Data Science and Research
Senior,Full-time,136000,United States,L,Data Science and Research
Senior,Full-time,277500,United States,M,Data Science and Research
Senior,Full-time,206000,United States,M,Data Science and Research
Mid-level,Full-time,165000,United States,M,Machine Learning and AI
Mid-level,Full-time,150000,United States,M,Machine Learning and AI
Senior,Full-time,222200,United States,L,Data Science and Research
Senior,Full-time,136000,United States,L,Data Science and Research
Senior,Full-time,236500,United States,M,Data Science and Research
Senior,Full-time,176000,United States,M,Data Science and Research
Senior,Full-time,155000,United Kingdom,M,Data Analysis
Senior,Full-time,120000,United Kingdom,M,Data Analysis
Senior,Full-time,172800,United Kingdom,M,Data Science and Research
Senior,Full-time,110000,United Kingdom,M,Data Science and Research
Senior,Full-time,260000,United States,L,Data Science and Research
Senior,Full-time,136000,United States,L,Data Science and Research
Senior,Full-time,171250,United States,M,Data Engineering
Senior,Full-time,113750,United States,M,Data Engineering
Mid-level,Contract,60000,Nigeria,M,Data Analysis
Entry-level,Full-time,100000,United States,L,Data Engineering
Senior,Contract,323905,United States,M,Data Analysis
Senior,Full-time,146000,United States,M,Data Engineering
Senior,Full-time,75000,United States,M,Data Engineering
Senior,Full-time,146000,United States,M,Data Engineering
Senior,Full-time,75000,United States,M,Data Engineering
Entry-level,Full-time,150000,United States,M,Data Science and Research
Entry-level,Full-time,100000,United States,M,Data Science and Research
Senior,Full-time,62000,United States,M,Data Analysis
Senior,Full-time,55000,United States,M,Data Analysis
Mid-level,Full-time,155000,United States,M,Leadership and Management
Mid-level,Full-time,140000,United States,M,Leadership and Management
Mid-level,Full-time,36000,Nigeria,M,Data Science and Research
Senior,Full-time,247500,United States,M,Machine Learning and AI
Senior,Full-time,172200,United States,M,Machine Learning and AI
Mid-level,Full-time,110000,United States,M,Data Management and Strategy
Mid-level,Full-time,70000,United States,M,Data Management and Strategy
Senior,Full-time,230000,United States,M,Machine Learning and AI
Senior,Full-time,140100,United States,M,Machine Learning and AI
Senior,Full-time,297300,United States,M,Machine Learning and AI
Senior,Full-time,198200,United States,M,Machine Learning and AI
Mid-level,Full-time,204000,United States,M,Data Engineering
Mid-level,Full-time,161500,United States,M,Data Engineering
Senior,Full-time,144000,United Kingdom,M,Data Quality and Operations
Senior,Full-time,77000,United Kingdom,M,Data Quality and Operations
Mid-level,Full-time,87500,United States,M,Data Management and Strategy
Mid-level,Full-time,62500,United States,M,Data Management and Strategy
Senior,Full-time,160000,United States,M,Data Analysis
Senior,Full-time,135000,United States,M,Data Analysis
Senior,Full-time,216000,United States,M,Machine Learning and AI
Senior,Full-time,184000,United States,M,Machine Learning and AI
Mid-level,Full-time,110736,United Kingdom,M,Data Architecture and Modeling
Mid-level,Full-time,55368,United Kingdom,M,Data Architecture and Modeling
Senior,Full-time,253000,United States,M,Data Science and Research
Senior,Full-time,156400,United States,M,Data Science and Research
Senior,Full-time,265000,United States,M,Data Engineering
Senior,Full-time,200000,United States,M,Data Engineering
Senior,Full-time,217000,United States,M,Data Engineering
Senior,Full-time,185000,United States,M,Data Engineering
Senior,Full-time,177300,United Kingdom,M,Data Science and Research
Senior,Full-time,136300,United Kingdom,M,Data Science and Research
Senior,Full-time,83000,United States,M,Data Analysis
Senior,Full-time,72000,United States,M,Data Analysis
Senior,Full-time,208450,United States,M,Data Analysis
Senior,Full-time,170550,United States,M,Data Analysis
Senior,Full-time,72000,Colombia,M,Data Engineering
Senior,Full-time,60000,Colombia,M,Data Engineering
Senior,Full-time,200000,United States,M,Machine Learning and AI
Senior,Full-time,130000,United States,M,Machine Learning and AI
Senior,Full-time,190000,United States,M,Data Science and Research
Senior,Full-time,165000,United States,M,Data Science and Research
Entry-level,Full-time,165000,United States,M,Data Science and Research
Entry-level,Full-time,145000,United States,M,Data Science and Research
Senior,Full-time,222200,United States,L,Data Science and Research
Senior,Full-time,136000,United States,L,Data Science and Research
Executive,Full-time,336400,United States,M,Data Science and Research
Executive,Full-time,201900,United States,M,Data Science and Research
Mid-level,Full-time,189750,United States,M,Data Science and Research
Mid-level,Full-time,131100,United States,M,Data Science and Research
Mid-level,Full-time,270000,United States,M,Data Science and Research
Mid-level,Full-time,95000,United States,M,Data Science and Research
Senior,Full-time,170000,United States,M,Data Engineering
Senior,Full-time,120000,United States,M,Data Engineering
Mid-level,Full-time,117300,United States,M,Data Engineering
Mid-level,Full-time,69000,United States,M,Data Engineering
Senior,Full-time,182000,United States,M,Data Engineering
Senior,Full-time,144000,United States,M,Data Engineering
Mid-level,Full-time,244000,United States,M,Data Science and Research
Mid-level,Full-time,200000,United States,M,Data Science and Research
Senior,Full-time,120000,United States,M,Data Analysis
Senior,Full-time,100000,United States,M,Data Analysis
Mid-level,Full-time,260000,United States,M,Data Engineering
Mid-level,Full-time,175000,United States,M,Data Engineering
Senior,Full-time,190000,United States,M,Data Engineering
Senior,Full-time,150000,United States,M,Data Engineering
Senior,Full-time,210000,United States,M,Data Science and Research
Senior,Full-time,160000,United States,M,Data Science and Research
Senior,Full-time,210000,United States,M,Data Science and Research
Senior,Full-time,160000,United States,M,Data Science and Research
Senior,Full-time,210000,United States,M,Data Science and Research
Senior,Full-time,160000,United States,M,Data Science and Research
Senior,Full-time,210000,United States,M,Data Science and Research
Senior,Full-time,160000,United States,M,Data Science and Research
Senior,Full-time,210000,United States,M,Data Science and Research
Senior,Full-time,160000,United States,M,Data Science and Research
Senior,Full-time,250000,United States,M,Machine Learning and AI
Senior,Full-time,100000,United States,M,Machine Learning and AI
Senior,Full-time,225000,United States,M,Machine Learning and AI
Senior,Full-time,175000,United States,M,Machine Learning and AI
Senior,Full-time,210000,United States,M,Data Science and Research
Senior,Full-time,160000,United States,M,Data Science and Research
Senior,Full-time,210000,United States,M,Data Science and Research
Senior,Full-time,160000,United States,M,Data Science and Research
Senior,Full-time,210000,United States,M,Data Science and Research
Senior,Full-time,160000,United States,M,Data Science and Research
Senior,Full-time,236500,United States,M,Data Science and Research
Senior,Full-time,176000,United States,M,Data Science and Research
Mid-level,Full-time,105000,United States,M,Data Science and Research
Mid-level,Full-time,102500,United States,M,Data Science and Research
Senior,Full-time,370000,United States,M,Data Science and Research
Senior,Full-time,200000,United States,M,Data Science and Research
Senior,Full-time,260000,United States,M,Data Engineering
Senior,Full-time,225000,United States,M,Data Engineering
Senior,Full-time,370000,United States,M,Data Science and Research
Senior,Full-time,200000,United States,M,Data Science and Research
Mid-level,Full-time,186600,United States,M,Data Engineering
Mid-level,Full-time,116500,United States,M,Data Engineering
Senior,Full-time,80000,Argentina,M,Data Engineering
Senior,Full-time,60000,Argentina,M,Data Engineering
Senior,Full-time,299500,United States,M,Data Science and Research
Senior,Full-time,245100,United States,M,Data Science and Research
Senior,Full-time,222000,United States,M,Machine Learning and AI
Senior,Full-time,138000,United States,M,Machine Learning and AI
Senior,Full-time,207300,Canada,M,Data Analysis
Senior,Full-time,149200,Canada,M,Data Analysis
Senior,Full-time,292000,United States,M,Machine Learning and AI
Senior,Full-time,164500,United States,M,Machine Learning and AI
Senior,Full-time,292200,United States,M,Machine Learning and AI
Senior,Full-time,164500,United States,M,Machine Learning and AI
Senior,Full-time,163800,United States,M,Data Engineering
Senior,Full-time,126000,United States,M,Data Engineering
Senior,Full-time,160000,United States,M,Data Science and Research
Senior,Full-time,120000,United States,M,Data Science and Research
Senior,Full-time,140000,United States,M,Data Analysis
Senior,Full-time,120000,United States,M,Data Analysis
Mid-level,Full-time,120000,Germany,M,Machine Learning and AI
Senior,Full-time,280000,United States,M,Machine Learning and AI
Senior,Full-time,210000,United States,M,Machine Learning and AI
Mid-level,Full-time,170000,United States,M,Data Science and Research
Mid-level,Full-time,150000,United States,M,Data Science and Research
Mid-level,Full-time,200000,United States,M,Machine Learning and AI
Mid-level,Full-time,170000,United States,M,Machine Learning and AI
Executive,Full-time,225000,United States,M,Data Science and Research
Executive,Full-time,175000,United States,M,Data Science and Research
Senior,Full-time,189750,United States,M,Data Science and Research
Senior,Full-time,131100,United States,M,Data Science and Research
Senior,Full-time,123400,United States,M,Data Analysis
Senior,Full-time,82200,United States,M,Data Analysis
Entry-level,Full-time,49216,United Kingdom,M,Data Engineering
Entry-level,Full-time,43064,United Kingdom,M,Data Engineering
Executive,Full-time,225000,United States,M,Machine Learning and AI
Senior,Full-time,50000,Nigeria,S,Leadership and Management
Senior,Full-time,161800,United States,M,Data Engineering
Senior,Full-time,121400,United States,M,Data Engineering
Senior,Full-time,285000,United States,M,Data Science and Research
Senior,Full-time,193900,United States,M,Data Science and Research
Senior,Full-time,240000,United States,M,Leadership and Management
Senior,Full-time,196000,United States,M,Leadership and Management
Senior,Full-time,214000,United States,M,Data Science and Research
Senior,Full-time,164000,United States,M,Data Science and Research
Senior,Full-time,170000,United States,M,Data Science and Research
Senior,Full-time,155000,United States,M,Data Science and Research
Senior,Full-time,125000,United States,M,Data Analysis
Senior,Full-time,98000,United States,M,Data Analysis
Senior,Full-time,199000,United States,M,Machine Learning and AI
Senior,Full-time,145000,United States,M,Machine Learning and AI
Senior,Full-time,260000,United States,M,Machine Learning and AI
Senior,Full-time,200000,United States,M,Machine Learning and AI
Mid-level,Full-time,105066,United Kingdom,S,Data Science and Research
Mid-level,Full-time,110736,United Kingdom,M,Data Engineering
Mid-level,Full-time,86128,United Kingdom,M,Data Engineering
Senior,Full-time,185900,United States,M,Data Science and Research
Senior,Full-time,129300,United States,M,Data Science and Research
Executive,Full-time,200000,United States,M,Data Engineering
Executive,Full-time,145000,United States,M,Data Engineering
Senior,Full-time,175000,United States,M,Data Engineering
Senior,Full-time,120000,United States,M,Data Engineering
Senior,Full-time,145000,United States,M,Data Engineering
Senior,Full-time,120000,United States,M,Data Engineering
Senior,Full-time,252000,United States,M,Data Engineering
Senior,Full-time,129000,United States,M,Data Engineering
Senior,Full-time,289800,United Kingdom,M,Leadership and Management
Senior,Full-time,214000,United Kingdom,M,Leadership and Management
Senior,Full-time,142000,United States,M,Data Analysis
Senior,Full-time,87500,United States,M,Data Analysis
Senior,Full-time,222200,United States,L,Data Science and Research
Senior,Full-time,136000,United States,L,Data Science and Research
Senior,Full-time,220000,United States,M,Machine Learning and AI
Senior,Full-time,165000,United States,M,Machine Learning and AI
Senior,Full-time,48585,Spain,M,Data Science and Research
Senior,Full-time,38868,Spain,M,Data Science and Research
Senior,Full-time,280830,Canada,M,Data Science and Research
Senior,Full-time,173175,Canada,M,Data Science and Research
Senior,Full-time,195000,United States,M,Data Science and Research
Senior,Full-time,160000,United States,M,Data Science and Research
Senior,Full-time,275300,United States,M,Data Science and Research
Senior,Full-time,183500,United States,M,Data Science and Research
Senior,Full-time,175000,United States,M,Data Science and Research
Senior,Full-time,145000,United States,M,Data Science and Research
Mid-level,Full-time,105000,United States,M,Data Analysis
Mid-level,Full-time,85000,United States,M,Data Analysis
Senior,Full-time,175000,United States,M,Data Science and Research
Senior,Full-time,160000,United States,M,Data Science and Research
Mid-level,Full-time,92280,United Kingdom,M,BI and Visualization
Mid-level,Full-time,49216,United Kingdom,M,BI and Visualization
Mid-level,Full-time,162500,United States,M,Data Engineering
Mid-level,Full-time,130000,United States,M,Data Engineering
Senior,Full-time,75038,Spain,M,Machine Learning and AI
Senior,Full-time,64781,Spain,M,Machine Learning and AI
Senior,Full-time,174350,United States,M,Data Engineering
Senior,Full-time,126800,United States,M,Data Engineering
Senior,Full-time,71475,Italy,M,Machine Learning and AI
Senior,Full-time,61541,Italy,M,Machine Learning and AI
Senior,Full-time,245000,United States,M,Data Engineering
Senior,Full-time,140000,United States,M,Data Engineering
Senior,Full-time,231250,United States,M,Leadership and Management
Senior,Full-time,138750,United States,M,Leadership and Management
Mid-level,Full-time,155000,United States,M,Machine Learning and AI
Mid-level,Full-time,125000,United States,M,Machine Learning and AI
Mid-level,Full-time,242000,United States,M,Data Engineering
Mid-level,Full-time,195000,United States,M,Data Engineering
Entry-level,Full-time,155000,United States,M,Data Science and Research
Entry-level,Full-time,125000,United States,M,Data Science and Research
Senior,Full-time,222200,United States,L,Data Science and Research
Senior,Full-time,136000,United States,L,Data Science and Research
Mid-level,Full-time,160000,United States,M,Machine Learning and AI
Mid-level,Full-time,140000,United States,M,Machine Learning and AI
Mid-level,Full-time,110000,United States,M,Data Management and Strategy
Mid-level,Full-time,70000,United States,M,Data Management and Strategy
Senior,Full-time,183924,United States,M,Data Science and Research
Senior,Full-time,125760,United States,M,Data Science and Research
Senior,Full-time,150000,United States,M,Data Analysis
Senior,Full-time,105000,United States,M,Data Analysis
Mid-level,Full-time,430640,United Kingdom,M,Leadership and Management
Mid-level,Full-time,61520,United Kingdom,M,Leadership and Management
Senior,Full-time,86374,Spain,L,Data Science and Research
Mid-level,Contract,30000,United States,S,Machine Learning and AI
Mid-level,Contract,25500,United States,S,Machine Learning and AI
Senior,Full-time,175000,Canada,M,Data Science and Research
Senior,Full-time,120000,Canada,M,Data Science and Research
Senior,Full-time,222200,United States,L,Data Science and Research
Senior,Full-time,136000,United States,L,Data Science and Research
Senior,Full-time,219000,Canada,M,Data Science and Research
Senior,Full-time,141000,Canada,M,Data Science and Research
Senior,Full-time,147100,United States,M,Data Science and Research
Senior,Full-time,90700,United States,M,Data Science and Research
Senior,Full-time,130000,United States,M,Data Analysis
Senior,Full-time,100000,United States,M,Data Analysis
Entry-level,Full-time,213660,United States,L,Data Science and Research
Entry-level,Full-time,130760,United States,L,Data Science and Research
Senior,Full-time,147100,United States,M,Data Architecture and Modeling
Senior,Full-time,90700,United States,M,Data Architecture and Modeling
Senior,Full-time,170000,United States,M,Data Science and Research
Senior,Full-time,150000,United States,M,Data Science and Research
Mid-level,Full-time,150000,United States,M,Data Analysis
Mid-level,Full-time,110000,United States,M,Data Analysis
Senior,Full-time,275000,Germany,M,Data Science and Research
Senior,Full-time,174000,Germany,M,Data Science and Research
Senior,Full-time,230000,United Kingdom,M,Leadership and Management
Senior,Full-time,143200,United Kingdom,M,Leadership and Management
Senior,Full-time,225000,United States,M,BI and Visualization
Senior,Full-time,156400,United States,M,BI and Visualization
Senior,Full-time,200000,United States,M,Machine Learning and AI
Senior,Full-time,130000,United States,M,Machine Learning and AI
Senior,Full-time,90000,Canada,M,Data Architecture and Modeling
Senior,Full-time,72000,Canada,M,Data Architecture and Modeling
Senior,Full-time,253200,United States,M,Data Engineering
Senior,Full-time,90700,United States,M,Data Engineering
Senior,Full-time,342810,United States,M,Machine Learning and AI
Senior,Full-time,184590,United States,M,Machine Learning and AI
Mid-level,Full-time,162500,United States,M,Data Engineering
Mid-level,Full-time,130000,United States,M,Data Engineering
Mid-level,Full-time,105380,United States,M,Data Analysis
Mid-level,Full-time,64500,United States,M,Data Analysis
Entry-level,Full-time,30000,Nigeria,L,Data Analysis
Entry-level,Full-time,204620,United States,L,Data Science and Research
Entry-level,Full-time,110680,United States,L,Data Science and Research
Senior,Full-time,270703,United States,M,Data Engineering
Senior,Full-time,221484,United States,M,Data Engineering
Senior,Full-time,212750,United States,M,Data Science and Research
Senior,Full-time,185000,United States,M,Data Science and Research
Senior,Full-time,262000,United States,M,Data Science and Research
Senior,Full-time,245000,United States,M,Data Science and Research
Senior,Full-time,275300,United States,M,Data Science and Research
Senior,Full-time,183500,United States,M,Data Science and Research
Senior,Full-time,218500,United States,M,Data Science and Research
Senior,Full-time,199098,United States,M,Data Science and Research
Senior,Full-time,203300,United States,M,Data Engineering
Senior,Full-time,123600,United States,M,Data Engineering
Senior,Full-time,189110,United States,M,Data Science and Research
Senior,Full-time,139000,United States,M,Data Science and Research
Executive,Full-time,258750,United States,M,Data Science and Research
Executive,Full-time,185000,United States,M,Data Science and Research
Senior,Full-time,231500,United States,M,Data Engineering
Senior,Full-time,166000,United States,M,Data Engineering
Senior,Full-time,172500,United States,M,Data Science and Research
Senior,Full-time,110500,United States,M,Data Science and Research
Senior,Full-time,238000,United States,M,Data Engineering
Senior,Full-time,176000,United States,M,Data Engineering
Senior,Full-time,237000,United States,M,Data Engineering
Senior,Full-time,201450,United States,M,Data Engineering
Senior,Full-time,309400,United States,L,Data Science and Research
Senior,Full-time,159100,United States,L,Data Science and Research
Senior,Full-time,115000,United States,M,Data Engineering
Senior,Full-time,81500,United States,M,Data Engineering
Senior,Full-time,237000,United States,M,Data Science and Research
Senior,Full-time,201450,United States,M,Data Science and Research
Senior,Full-time,280000,United States,M,Machine Learning and AI
Senior,Full-time,210000,United States,M,Machine Learning and AI
Senior,Full-time,280100,United States,M,Data Architecture and Modeling
Senior,Full-time,168100,United States,M,Data Architecture and Modeling
Senior,Full-time,193500,United States,M,Data Engineering
Senior,Full-time,139000,United States,M,Data Engineering
Senior,Full-time,150000,United States,M,Machine Learning and AI
Mid-level,Full-time,70179,Germany,S,Machine Learning and AI
Mid-level,Full-time,97171,Netherlands,L,Machine Learning and AI
Senior,Full-time,185900,United States,M,BI and Visualization
Senior,Full-time,129300,United States,M,BI and Visualization
Senior,Full-time,225000,United States,M,Data Engineering
Senior,Full-time,175000,United States,M,Data Engineering
Senior,Full-time,185000,United States,M,Data Engineering
Senior,Full-time,140000,United States,M,Data Engineering
Senior,Full-time,48585,Spain,M,Data Science and Research
Senior,Full-time,38868,Spain,M,Data Science and Research
Senior,Full-time,105000,United States,M,Data Science and Research
Senior,Full-time,70000,United States,M,Data Science and Research
Entry-level,Full-time,163196,United States,M,Machine Learning and AI
Entry-level,Full-time,145885,United States,M,Machine Learning and AI
Senior,Full-time,217000,United States,M,Data Engineering
Senior,Full-time,185000,United States,M,Data Engineering
Senior,Full-time,202800,United States,L,Data Analysis
Senior,Full-time,104300,United States,L,Data Analysis
Senior,Full-time,145000,United States,M,Data Analysis
Senior,Full-time,65000,United States,M,Data Analysis
Senior,Full-time,165000,United States,M,Data Engineering
Senior,Full-time,132300,United States,M,Data Engineering
Senior,Full-time,179170,United States,M,Data Engineering
Senior,Full-time,94300,United States,M,Data Engineering
Senior,Full-time,152500,United States,M,Leadership and Management
Senior,Full-time,116450,United States,M,Leadership and Management
Senior,Full-time,247300,United States,M,Data Engineering
Senior,Full-time,133800,United States,M,Data Engineering
Senior,Full-time,203000,United States,M,Data Science and Research
Senior,Full-time,133000,United States,M,Data Science and Research
Entry-level,Full-time,220000,United States,L,Data Science and Research
Entry-level,Full-time,56536,Switzerland,S,Machine Learning and AI
Senior,Full-time,150000,United States,M,Data Science and Research
Senior,Full-time,120000,United States,M,Data Science and Research
Senior,Full-time,289800,United States,M,Leadership and Management
Senior,Full-time,214000,United States,M,Leadership and Management
Senior,Full-time,179820,United States,M,Leadership and Management
Senior,Full-time,143860,United States,M,Leadership and Management
Senior,Full-time,283200,United States,M,Machine Learning and AI
Senior,Full-time,188800,United States,M,Machine Learning and AI
Senior,Full-time,289800,United States,M,Leadership and Management
Senior,Full-time,214200,United States,M,Leadership and Management
Senior,Full-time,185900,United States,M,Data Engineering
Senior,Full-time,129300,United States,M,Data Engineering
Senior,Full-time,252000,United States,M,Data Engineering
Senior,Full-time,129000,United States,M,Data Engineering
Mid-level,Full-time,155000,United States,M,Leadership and Management
Mid-level,Full-time,140000,United States,M,Leadership and Management
Senior,Full-time,161800,United States,M,Data Engineering
Senior,Full-time,141600,United States,M,Data Engineering
Senior,Full-time,342300,United States,L,Machine Learning and AI
Senior,Full-time,176100,United States,L,Machine Learning and AI
Mid-level,Full-time,100000,United States,M,Data Engineering
Mid-level,Full-time,70000,United States,M,Data Engineering
Entry-level,Full-time,85000,United States,M,Data Engineering
Entry-level,Full-time,65000,United States,M,Data Engineering
Senior,Full-time,138784,United States,M,Data Science and Research
Senior,Full-time,83270,United States,M,Data Science and Research
Entry-level,Full-time,75000,United States,M,Data Analysis
Entry-level,Full-time,70000,United States,M,Data Analysis
Senior,Full-time,204500,United States,M,Data Analysis
Senior,Full-time,138900,United States,M,Data Analysis
Senior,Full-time,318300,United States,M,Machine Learning and AI
Senior,Full-time,212200,United States,M,Machine Learning and AI
Senior,Full-time,95000,United States,M,Data Engineering
Senior,Full-time,75000,United States,M,Data Engineering
Senior,Full-time,195000,United States,M,Data Science and Research
Senior,Full-time,160000,United States,M,Data Science and Research
Senior,Full-time,230000,United States,M,Leadership and Management
Senior,Full-time,143200,United States,M,Leadership and Management
Mid-level,Full-time,100000,United States,M,Data Engineering
Mid-level,Full-time,70000,United States,M,Data Engineering
Mid-level,Full-time,105000,United States,L,Data Analysis
Mid-level,Full-time,46755,United Kingdom,M,Data Analysis
Mid-level,Full-time,43064,United Kingdom,M,Data Analysis
Senior,Full-time,145000,United States,M,Data Engineering
Senior,Full-time,115000,United States,M,Data Engineering
Senior,Full-time,168400,United States,M,Data Analysis
Senior,Full-time,105200,United States,M,Data Analysis
Senior,Full-time,309400,United States,L,Data Science and Research
Senior,Full-time,159100,United States,L,Data Science and Research
Senior,Full-time,190000,United States,M,Machine Learning and AI
Senior,Full-time,150000,United States,M,Machine Learning and AI
Mid-level,Full-time,162500,United States,M,Data Engineering
Mid-level,Full-time,130000,United States,M,Data Engineering
Senior,Full-time,150000,United States,M,Leadership and Management
Senior,Full-time,120000,United States,M,Leadership and Management
Senior,Full-time,145000,United States,M,Data Engineering
Senior,Full-time,120000,United States,M,Data Engineering
Senior,Full-time,222200,United States,L,Data Science and Research
Senior,Full-time,136000,United States,L,Data Science and Research
Senior,Full-time,55368,Central African Republic,M,Data Analysis
Senior,Full-time,43064,Central African Republic,M,Data Analysis
Senior,Full-time,241000,United States,M,Data Engineering
Senior,Full-time,155000,United States,M,Data Engineering
Senior,Full-time,220000,United States,M,Data Engineering
Senior,Full-time,190000,United States,M,Data Engineering
Mid-level,Full-time,67672,United Kingdom,M,Data Science and Research
Mid-level,Full-time,55368,United Kingdom,M,Data Science and Research
Executive,Full-time,15000,Canada,M,Data Analysis
Mid-level,Full-time,86128,United Kingdom,M,Data Engineering
Mid-level,Full-time,58444,United Kingdom,M,Data Engineering
Entry-level,Full-time,85000,United States,M,Data Analysis
Entry-level,Full-time,75000,United States,M,Data Analysis
Senior,Full-time,160000,United States,M,Data Engineering
Senior,Full-time,140000,United States,M,Data Engineering
Mid-level,Full-time,300000,United States,M,Machine Learning and AI
Mid-level,Full-time,250000,United States,M,Machine Learning and AI
Senior,Full-time,228000,United States,M,Data Science and Research
Senior,Full-time,186000,United States,M,Data Science and Research
Senior,Full-time,190000,United States,M,Data Science and Research
Senior,Full-time,170000,United States,M,Data Science and Research
Mid-level,Full-time,230000,United States,M,Data Science and Research
Mid-level,Full-time,200000,United States,M,Data Science and Research
Senior,Full-time,180000,United States,M,Data Architecture and Modeling
Senior,Full-time,115000,United States,M,Data Architecture and Modeling
Senior,Full-time,200000,United States,M,Data Architecture and Modeling
Senior,Full-time,115000,United States,M,Data Architecture and Modeling
Senior,Full-time,53984,France,S,Data Engineering
Executive,Full-time,220000,United States,M,Data Engineering
Executive,Full-time,205000,United States,M,Data Engineering
Mid-level,Full-time,180000,United States,M,Data Engineering
Mid-level,Full-time,130000,United States,M,Data Engineering
Senior,Full-time,200000,United States,M,Data Engineering
Senior,Full-time,150000,United States,M,Data Engineering
Senior,Full-time,215000,United States,M,Machine Learning and AI
Senior,Full-time,170000,United States,M,Machine Learning and AI
Senior,Full-time,247500,United States,M,Machine Learning and AI
Senior,Full-time,172200,United States,M,Machine Learning and AI
Senior,Full-time,224000,Canada,M,Data Science and Research
Senior,Full-time,176000,Canada,M,Data Science and Research
Senior,Full-time,120000,United States,M,Data Analysis
Senior,Full-time,75000,United States,M,Data Analysis
Senior,Full-time,67635,Finland,M,Data Science and Research
Mid-level,Full-time,74883,Finland,M,Machine Learning and AI
Senior,Full-time,140000,United States,M,Data Analysis
Senior,Full-time,120000,United States,M,Data Analysis
Senior,Full-time,128000,United States,M,Data Engineering
Senior,Full-time,81500,United States,M,Data Engineering
Senior,Full-time,145000,United States,M,Data Engineering
Senior,Full-time,115000,United States,M,Data Engineering
Senior,Full-time,185000,United States,M,Data Engineering
Senior,Full-time,140000,United States,M,Data Engineering
Executive,Full-time,329500,United States,M,Leadership and Management
Executive,Full-time,269600,United States,M,Leadership and Management
Senior,Full-time,100000,United States,M,Data Quality and Operations
Senior,Full-time,80000,United States,M,Data Quality and Operations
Senior,Full-time,250000,United States,M,Data Science and Research
Senior,Full-time,162500,United States,M,Data Science and Research
Mid-level,Full-time,200000,United States,M,Machine Learning and AI
Senior,Full-time,145000,United States,M,Data Engineering
Senior,Full-time,100000,United States,M,Data Engineering
Executive,Full-time,145000,United States,M,Data Engineering
Executive,Full-time,115000,United States,M,Data Engineering
Senior,Full-time,203500,United States,M,Data Science and Research
Senior,Full-time,152000,United States,M,Data Science and Research
Senior,Full-time,239000,United States,L,Data Science and Research
Senior,Full-time,122900,United States,L,Data Science and Research
Senior,Full-time,237000,United States,M,Data Science and Research
Senior,Full-time,145000,United States,M,Data Science and Research
Senior,Full-time,191765,United States,M,Data Science and Research
Senior,Full-time,134236,United States,M,Data Science and Research
Senior,Full-time,190000,United States,M,Leadership and Management
Senior,Full-time,112000,United States,M,Leadership and Management
Senior,Full-time,88256,United Kingdom,L,Data Science and Research
Entry-level,Full-time,85000,United States,M,Data Engineering
Entry-level,Full-time,65000,United States,M,Data Engineering
Senior,Full-time,135000,United States,M,Data Analysis
Senior,Full-time,105500,United States,M,Data Analysis
Senior,Full-time,293000,United States,M,Data Science and Research
Senior,Full-time,185000,United States,M,Data Science and Research
Senior,Full-time,80000,United States,M,Data Analysis
Senior,Full-time,70000,United States,M,Data Analysis
Senior,Full-time,220000,United States,M,Data Engineering
Senior,Full-time,160000,United States,M,Data Engineering
Senior,Full-time,175000,United States,M,Data Science and Research
Senior,Full-time,145000,United States,M,Data Science and Research
Senior,Full-time,200000,United States,M,Data Analysis
Senior,Full-time,148500,United States,M,Data Analysis
Senior,Full-time,48585,Spain,M,Data Science and Research
Senior,Full-time,38868,Spain,M,Data Science and Research
Senior,Full-time,240500,United States,L,Data Engineering
Senior,Full-time,123700,United States,L,Data Engineering
Senior,Full-time,152900,United States,M,Leadership and Management
Senior,Full-time,117100,United States,M,Leadership and Management
Senior,Full-time,173000,United States,M,Leadership and Management
Senior,Full-time,113000,United States,M,Leadership and Management
Senior,Full-time,260000,United States,L,Data Science and Research
Senior,Full-time,136000,United States,L,Data Science and Research
Executive,Full-time,175000,United States,M,Data Engineering
Executive,Full-time,110000,United States,M,Data Engineering
Senior,Full-time,260000,United States,L,Data Science and Research
Senior,Full-time,136000,United States,L,Data Science and Research
Senior,Full-time,130000,United States,M,Data Science and Research
Senior,Full-time,110000,United States,M,Data Science and Research
Senior,Full-time,205000,United States,M,Data Science and Research
Senior,Full-time,184000,United States,M,Data Science and Research
Senior,Full-time,149500,United States,M,Data Analysis
Senior,Full-time,127075,United States,M,Data Analysis
Senior,Full-time,195000,United States,M,Data Science and Research
Senior,Full-time,160000,United States,M,Data Science and Research
Senior,Full-time,219535,United States,M,Data Engineering
Senior,Full-time,146115,United States,M,Data Engineering
Senior,Full-time,170000,United States,M,Data Science and Research
Senior,Full-time,135000,United States,M,Data Science and Research
Senior,Full-time,175000,United States,M,Data Science and Research
Senior,Full-time,145000,United States,M,Data Science and Research
Senior,Full-time,199000,United States,M,Data Science and Research
Senior,Full-time,162000,United States,M,Data Science and Research
Senior,Full-time,222200,United States,L,Data Science and Research
Senior,Full-time,136000,United States,L,Data Science and Research
Executive,Full-time,221000,United States,M,Leadership and Management
Executive,Full-time,153000,United States,M,Leadership and Management
Senior,Full-time,187000,United States,M,Data Analysis
Senior,Full-time,128000,United States,M,Data Analysis
Senior,Full-time,210000,United States,M,Data Science and Research
Senior,Full-time,136000,United States,M,Data Science and Research
Senior,Full-time,175000,United States,M,Data Science and Research
Senior,Full-time,100000,United States,M,Data Science and Research
Senior,Full-time,179000,United States,M,Data Engineering
Senior,Full-time,109000,United States,M,Data Engineering
Senior,Full-time,245000,United States,M,Data Science and Research
Senior,Full-time,180000,United States,M,Data Science and Research
Senior,Full-time,142000,United States,M,Data Analysis
Senior,Full-time,75000,United States,M,Data Analysis
Senior,Full-time,198800,United States,M,Leadership and Management
Senior,Full-time,105200,United States,M,Leadership and Management
Senior,Full-time,125000,United States,M,Data Analysis
Senior,Full-time,112000,United States,M,Data Analysis
Senior,Full-time,210000,United States,M,Data Science and Research
Senior,Full-time,155000,United States,M,Data Science and Research
Senior,Full-time,115000,United States,M,Leadership and Management
Senior,Full-time,86000,United States,M,Leadership and Management
Senior,Full-time,165000,United States,M,Data Science and Research
Senior,Full-time,140000,United States,M,Data Science and Research
Senior,Full-time,139000,United States,M,Data Analysis
Senior,Full-time,106000,United States,M,Data Analysis
Entry-level,Full-time,40747,Canada,L,Data Analysis
Senior,Full-time,275000,Canada,S,Machine Learning and AI
Senior,Freelance,50000,Ukraine,S,Machine Learning and AI
Mid-level,Full-time,280700,United States,M,Machine Learning and AI
Mid-level,Full-time,150450,United States,M,Machine Learning and AI
Entry-level,Full-time,51861,Canada,L,Data Science and Research
Senior,Full-time,250500,United States,M,Data Architecture and Modeling
Senior,Full-time,159500,United States,M,Data Architecture and Modeling
Senior,Full-time,145000,United States,M,Data Engineering
Senior,Full-time,115000,United States,M,Data Engineering
Senior,Full-time,140000,United States,M,Data Analysis
Senior,Full-time,120000,United States,M,Data Analysis
Entry-level,Full-time,130001,United States,M,Data Science and Research
Entry-level,Full-time,71907,United States,M,Data Science and Research
Mid-level,Full-time,93918,United States,M,Data Science and Research
Mid-level,Full-time,51962,United States,M,Data Science and Research
Senior,Full-time,175000,Canada,M,Data Analysis
Senior,Full-time,135000,Canada,M,Data Analysis
Entry-level,Full-time,85000,United States,M,Data Engineering
Entry-level,Full-time,65000,United States,M,Data Engineering
Senior,Full-time,257000,United States,M,Machine Learning and AI
Senior,Full-time,147000,United States,M,Machine Learning and AI
Senior,Full-time,222000,United States,M,Data Engineering
Senior,Full-time,175000,United States,M,Data Engineering
Senior,Full-time,203000,United States,M,Data Science and Research
Senior,Full-time,133200,United States,M,Data Science and Research
Entry-level,Full-time,213660,United States,L,Data Science and Research
Entry-level,Full-time,130760,United States,L,Data Science and Research
Senior,Full-time,221000,United States,M,Data Engineering
Senior,Full-time,147000,United States,M,Data Engineering
Senior,Full-time,100000,United States,M,Data Quality and Operations
Senior,Full-time,80000,United States,M,Data Quality and Operations
Senior,Full-time,185900,United States,M,Data Science and Research
Senior,Full-time,129300,United States,M,Data Science and Research
Senior,Full-time,238000,United States,M,Data Science and Research
Senior,Full-time,156000,United States,M,Data Science and Research
Senior,Full-time,304000,United States,M,Machine Learning and AI
Senior,Full-time,199000,United States,M,Machine Learning and AI
Mid-level,Full-time,48585,Spain,M,Data Engineering
Senior,Full-time,150000,United States,M,Data Engineering
Senior,Full-time,130000,United States,M,Data Engineering
Senior,Full-time,140000,United States,M,Data Science and Research
Senior,Full-time,110000,United States,M,Data Science and Research
Mid-level,Full-time,90000,United States,M,Data Analysis
Mid-level,Full-time,75000,United States,M,Data Analysis
Mid-level,Full-time,198340,United Kingdom,M,Data Science and Research
Mid-level,Full-time,104055,United Kingdom,M,Data Science and Research
Senior,Full-time,240000,United States,M,Data Engineering
Senior,Full-time,183600,United States,M,Data Engineering
Mid-level,Full-time,130000,United States,M,Data Management and Strategy
Mid-level,Full-time,80000,United States,M,Data Management and Strategy
Senior,Full-time,250000,United States,M,Data Engineering
Senior,Full-time,150000,United States,M,Data Engineering
Senior,Full-time,160000,United States,M,Leadership and Management
Senior,Full-time,120000,United States,M,Leadership and Management
Senior,Full-time,289076,United States,M,Machine Learning and AI
Senior,Full-time,202353,United States,M,Machine Learning and AI
Senior,Full-time,145000,United States,M,Data Engineering
Senior,Full-time,120000,United States,M,Data Engineering
Senior,Full-time,155000,United States,M,Data Analysis
Senior,Full-time,106000,United States,M,Data Analysis
Senior,Full-time,200000,United States,M,Data Engineering
Senior,Full-time,160000,United States,M,Data Engineering
Senior,Full-time,157750,United States,M,Data Science and Research
Senior,Full-time,104650,United States,M,Data Science and Research
Mid-level,Full-time,180000,United States,M,Data Science and Research
Mid-level,Full-time,140000,United States,M,Data Science and Research
Executive,Full-time,200000,United States,M,Data Science and Research
Executive,Full-time,145000,United States,M,Data Science and Research
Mid-level,Full-time,68000,United States,L,Data Analysis
Entry-level,Full-time,60000,United States,M,Data Engineering
Senior,Full-time,48585,Spain,M,Data Science and Research
Senior,Full-time,38868,Spain,M,Data Science and Research
Entry-level,Full-time,85000,United States,M,Data Engineering
Entry-level,Full-time,65000,United States,M,Data Engineering
Mid-level,Full-time,125000,United States,M,Data Engineering
Mid-level,Full-time,90000,United States,M,Data Engineering
Senior,Full-time,105000,United States,M,Data Analysis
Senior,Full-time,90000,United States,M,Data Analysis
Senior,Full-time,179820,United States,M,Leadership and Management
Senior,Full-time,143860,United States,M,Leadership and Management
Senior,Full-time,135000,United States,M,Data Analysis
Senior,Full-time,105500,United States,M,Data Analysis
Entry-level,Full-time,155000,United States,M,Data Science and Research
Entry-level,Full-time,125000,United States,M,Data Science and Research
Senior,Full-time,241000,United States,M,Machine Learning and AI
Senior,Full-time,181000,United States,M,Machine Learning and AI
Senior,Full-time,252000,United States,M,Data Science and Research
Senior,Full-time,154000,United States,M,Data Science and Research
Executive,Full-time,180000,United States,M,Data Architecture and Modeling
Executive,Full-time,155000,United States,M,Data Architecture and Modeling
Senior,Full-time,191765,United States,M,Data Science and Research
Senior,Full-time,134236,United States,M,Data Science and Research
Senior,Full-time,175000,United States,M,Data Science and Research
Senior,Full-time,145000,United States,M,Data Science and Research
Senior,Full-time,237000,United States,M,Data Science and Research
Senior,Full-time,145000,United States,M,Data Science and Research
Entry-level,Full-time,155000,United States,M,Data Science and Research
Entry-level,Full-time,125000,United States,M,Data Science and Research
Senior,Full-time,80000,United States,M,Data Analysis
Senior,Full-time,70000,United States,M,Data Analysis
Senior,Full-time,146000,United States,M,Data Engineering
Senior,Full-time,75000,United States,M,Data Engineering
Entry-level,Full-time,64200,United States,M,Data Analysis
Entry-level,Full-time,56100,United States,M,Data Analysis
Senior,Full-time,170000,United States,M,Machine Learning and AI
Senior,Full-time,130000,United States,M,Machine Learning and AI
Senior,Full-time,208450,United States,M,Data Analysis
Senior,Full-time,170550,United States,M,Data Analysis
Senior,Full-time,125000,United States,M,Machine Learning and AI
Senior,Full-time,100000,United States,M,Machine Learning and AI
Mid-level,Full-time,135000,United States,M,Leadership and Management
Mid-level,Full-time,120000,United States,M,Leadership and Management
Senior,Full-time,200000,United States,M,Data Science and Research
Senior,Full-time,170000,United States,M,Data Science and Research
Senior,Full-time,171250,Ireland,M,Data Science and Research
Senior,Full-time,113750,Ireland,M,Data Science and Research
Senior,Full-time,222200,United States,L,Data Science and Research
Senior,Full-time,136000,United States,L,Data Science and Research
Senior,Full-time,260000,United States,L,Data Science and Research
Senior,Full-time,136000,United States,L,Data Science and Research
Senior,Full-time,153600,United States,M,Data Analysis
Senior,Full-time,100500,United States,M,Data Analysis
Senior,Full-time,205000,United States,M,Data Science and Research
Senior,Full-time,184000,United States,M,Data Science and Research
Senior,Full-time,115000,Canada,M,Machine Learning and AI
Senior,Full-time,95000,Canada,M,Machine Learning and AI
Mid-level,Full-time,182500,United States,M,Data Analysis
Mid-level,Full-time,121500,United States,M,Data Analysis
Senior,Full-time,203100,United States,M,Data Engineering
Senior,Full-time,114500,United States,M,Data Engineering
Mid-level,Full-time,73824,United Kingdom,M,Data Analysis
Mid-level,Full-time,55368,United Kingdom,M,Data Analysis
Senior,Full-time,252000,United States,M,Data Engineering
Senior,Full-time,129000,United States,M,Data Engineering
Entry-level,Full-time,92700,United States,M,Data Engineering
Entry-level,Full-time,61800,United States,M,Data Engineering
Senior,Full-time,160000,United States,M,Data Engineering
Senior,Full-time,130000,United States,M,Data Engineering
Senior,Full-time,258000,Canada,M,Data Science and Research
Senior,Full-time,190000,Canada,M,Data Science and Research
Senior,Full-time,170000,United States,M,Data Science and Research
Senior,Full-time,135000,United States,M,Data Science and Research
Mid-level,Full-time,167500,United States,M,Data Architecture and Modeling
Mid-level,Full-time,106500,United States,M,Data Architecture and Modeling
Senior,Full-time,195000,United States,M,Data Science and Research
Senior,Full-time,160000,United States,M,Data Science and Research
Mid-level,Full-time,146000,United States,M,Data Engineering
Mid-level,Full-time,75000,United States,M,Data Engineering
Entry-level,Full-time,59888,Netherlands,L,Data Engineering
Executive,Full-time,286000,United States,M,Data Engineering
Executive,Full-time,207000,United States,M,Data Engineering
Senior,Full-time,100000,United States,M,Data Analysis
Senior,Full-time,80000,United States,M,Data Analysis
Senior,Full-time,223250,United States,M,Data Engineering
Senior,Full-time,178600,United States,M,Data Engineering
Executive,Full-time,353200,United States,M,Data Science and Research
Executive,Full-time,249300,United States,M,Data Science and Research
Mid-level,Full-time,230000,United States,M,Machine Learning and AI
Mid-level,Full-time,220000,United States,M,Machine Learning and AI
Senior,Full-time,297300,United States,M,Data Science and Research
Senior,Full-time,198200,United States,M,Data Science and Research
Mid-level,Full-time,210000,United States,M,Data Science and Research
Mid-level,Full-time,151800,United States,M,Data Science and Research
Senior,Full-time,200000,United States,M,Data Science and Research
Senior,Full-time,170000,United States,M,Data Science and Research
Senior,Full-time,317070,United States,M,Data Science and Research
Senior,Full-time,170730,United States,M,Data Science and Research
Senior,Full-time,128000,United States,M,Data Engineering
Senior,Full-time,81500,United States,M,Data Engineering
Entry-level,Full-time,21593,Spain,M,Data Analysis
Senior,Full-time,108000,Ukraine,M,Machine Learning and AI
Senior,Full-time,60000,Ukraine,M,Machine Learning and AI
Mid-level,Full-time,134000,United States,M,Machine Learning and AI
Mid-level,Full-time,124000,United States,M,Machine Learning and AI
Senior,Full-time,171250,United States,M,Data Engineering
Senior,Full-time,113750,United States,M,Data Engineering
Senior,Full-time,165000,United States,M,Data Engineering
Senior,Full-time,132300,United States,M,Data Engineering
Senior,Full-time,225000,United States,M,Data Science and Research
Senior,Full-time,175000,United States,M,Data Science and Research
Senior,Full-time,230000,United States,M,Data Engineering
Senior,Full-time,124500,United States,M,Data Engineering
Senior,Full-time,247500,United States,M,Machine Learning and AI
Senior,Full-time,172200,United States,M,Machine Learning and AI
Senior,Full-time,175000,United States,M,Data Analysis
Senior,Full-time,145000,United States,M,Data Analysis
Senior,Full-time,148700,United States,M,Data Analysis
Senior,Full-time,125600,United States,M,Data Analysis
Senior,Full-time,145000,United States,M,Data Engineering
Senior,Full-time,115000,United States,M,Data Engineering
Senior,Full-time,200000,United States,M,Data Science and Research
Senior,Full-time,150000,United States,M,Data Science and Research
Entry-level,Full-time,160000,United States,M,Data Science and Research
Entry-level,Full-time,120000,United States,M,Data Science and Research
Senior,Full-time,185000,United States,M,Data Analysis
Senior,Full-time,120250,United States,M,Data Analysis
Senior,Full-time,275300,United States,M,Data Science and Research
Senior,Full-time,183000,United States,M,Data Science and Research
Senior,Full-time,170000,United States,M,Data Architecture and Modeling
Senior,Full-time,125000,United States,M,Data Architecture and Modeling
Mid-level,Full-time,167500,United States,M,Data Architecture and Modeling
Mid-level,Full-time,106500,United States,M,Data Architecture and Modeling
Senior,Full-time,250000,United States,M,Data Science and Research
Senior,Full-time,200000,United States,M,Data Science and Research
Mid-level,Full-time,135000,United States,L,Machine Learning and AI
Senior,Full-time,216000,United States,M,Machine Learning and AI
Senior,Full-time,184000,United States,M,Machine Learning and AI
Senior,Full-time,180000,United States,M,Data Engineering
Senior,Full-time,165000,United States,M,Data Engineering
Senior,Full-time,185900,United States,M,Data Science and Research
Senior,Full-time,129300,United States,M,Data Science and Research
Senior,Full-time,145000,United States,M,Data Engineering
Senior,Full-time,120000,United States,M,Data Engineering
Mid-level,Full-time,143865,United States,M,Data Engineering
Mid-level,Full-time,115092,United States,M,Data Engineering
Mid-level,Full-time,130000,United States,M,Machine Learning and AI
Mid-level,Full-time,90000,United States,M,Machine Learning and AI
Senior,Full-time,173000,United States,M,Data Science and Research
Senior,Full-time,132000,United States,M,Data Science and Research
Senior,Full-time,208049,United States,M,Data Analysis
Senior,Full-time,128500,United States,M,Data Analysis
Senior,Full-time,179820,United States,M,Leadership and Management
Senior,Full-time,143860,United States,M,Leadership and Management
Senior,Full-time,167500,United States,M,Data Engineering
Senior,Full-time,106500,United States,M,Data Engineering
Senior,Full-time,275300,United States,M,Data Science and Research
Senior,Full-time,183500,United States,M,Data Science and Research
Mid-level,Full-time,149600,United States,M,Data Engineering
Mid-level,Full-time,102000,United States,M,Data Engineering
Executive,Full-time,145000,United States,M,Data Science and Research
Executive,Full-time,100000,United States,M,Data Science and Research
Senior,Full-time,190000,United States,M,Data Analysis
Senior,Full-time,95000,United States,M,Data Analysis
Senior,Full-time,153600,United States,M,Data Analysis
Senior,Full-time,106800,United States,M,Data Analysis
Mid-level,Full-time,97171,Ireland,M,Data Science and Research
Mid-level,Full-time,80976,Ireland,M,Data Science and Research
Mid-level,Full-time,128000,United States,M,Data Analysis
Mid-level,Full-time,85000,United States,M,Data Analysis
Mid-level,Full-time,151000,United States,M,Data Engineering
Mid-level,Full-time,140000,United States,M,Data Engineering
Senior,Full-time,275300,United States,M,Data Science and Research
Senior,Full-time,183500,United States,M,Data Science and Research
Senior,Full-time,220000,United States,M,Machine Learning and AI
Senior,Full-time,170000,United States,M,Machine Learning and AI
Senior,Full-time,135000,United States,M,Data Analysis
Senior,Full-time,105500,United States,M,Data Analysis
Senior,Full-time,100000,United States,M,Data Analysis
Senior,Full-time,80000,United States,M,Data Analysis
Entry-level,Full-time,43187,Germany,M,Machine Learning and AI
Senior,Full-time,160000,Canada,M,Data Engineering
Senior,Full-time,145000,Canada,M,Data Engineering
Mid-level,Full-time,154000,United States,M,Data Analysis
Mid-level,Full-time,143000,United States,M,Data Analysis
Mid-level,Full-time,79976,United Kingdom,M,Data Science and Research
Mid-level,Full-time,51676,United Kingdom,M,Data Science and Research
Entry-level,Full-time,190000,United States,M,Data Science and Research
Entry-level,Full-time,120000,United States,M,Data Science and Research
Mid-level,Full-time,86128,United Kingdom,M,Data Science and Research
Mid-level,Full-time,51676,United Kingdom,M,Data Science and Research
Mid-level,Full-time,110736,United Kingdom,M,Data Science and Research
Mid-level,Full-time,73824,United Kingdom,M,Data Science and Research
Senior,Full-time,150000,United States,M,Data Engineering
Senior,Full-time,111000,United States,M,Data Engineering
Executive,Full-time,265000,United States,M,Data Engineering
Executive,Full-time,235000,United States,M,Data Engineering
Entry-level,Full-time,122638,Switzerland,L,Data Science and Research
Mid-level,Full-time,73546,Germany,M,Data Science and Research
Senior,Full-time,160000,United States,M,Data Engineering
Senior,Full-time,130000,United States,M,Data Engineering
Mid-level,Full-time,75000,United States,M,Data Engineering
Mid-level,Full-time,60400,United States,M,Data Engineering
Entry-level,Full-time,85000,United States,M,Data Analysis
Entry-level,Full-time,75000,United States,M,Data Analysis
Senior,Full-time,252000,United States,M,Data Engineering
Senior,Full-time,129000,United States,M,Data Engineering
Entry-level,Full-time,92700,United States,M,Data Engineering
Entry-level,Full-time,61800,United States,M,Data Engineering
Senior,Full-time,172309,Ireland,L,Data Science and Research
Mid-level,Full-time,60462,Germany,M,Data Science and Research
Mid-level,Full-time,83500,United States,M,Data Analysis
Mid-level,Full-time,52500,United States,M,Data Analysis
Senior,Full-time,201036,United States,M,Data Science and Research
Senior,Full-time,134024,United States,M,Data Science and Research
Senior,Full-time,165000,United States,M,Data Analysis
Senior,Full-time,140000,United States,M,Data Analysis
Entry-level,Full-time,62000,United States,M,Data Engineering
Entry-level,Full-time,58000,United States,M,Data Engineering
Senior,Full-time,172000,United States,M,Data Science and Research
Senior,Full-time,115000,United States,M,Data Science and Research
Entry-level,Full-time,125000,United States,M,Data Engineering
Entry-level,Full-time,90000,United States,M,Data Engineering
Senior,Full-time,163800,United States,M,Data Engineering
Senior,Full-time,126000,United States,M,Data Engineering
Senior,Full-time,237000,United States,M,Data Science and Research
Senior,Full-time,145000,United States,M,Data Science and Research
Mid-level,Full-time,90000,United States,M,Data Engineering
Mid-level,Full-time,90000,United States,M,Data Engineering
Senior,Full-time,139500,United States,M,Data Engineering
Senior,Full-time,109400,United States,M,Data Engineering
Senior,Full-time,258000,Canada,M,Data Science and Research
Senior,Full-time,190000,Canada,M,Data Science and Research
Mid-level,Full-time,145000,United States,M,Data Engineering
Mid-level,Full-time,120000,United States,M,Data Engineering
Senior,Full-time,205600,United States,L,Data Engineering
Senior,Full-time,105700,United States,L,Data Engineering
Senior,Full-time,252000,United States,M,Data Engineering
Senior,Full-time,129000,United States,M,Data Engineering
Senior,Full-time,239748,United States,M,Data Science and Research
Senior,Full-time,159832,United States,M,Data Science and Research
Senior,Full-time,186300,United States,M,Data Science and Research
Senior,Full-time,102500,United States,M,Data Science and Research
Senior,Full-time,165000,United States,M,Data Engineering
Senior,Full-time,132300,United States,M,Data Engineering
Senior,Full-time,190000,United States,M,Data Science and Research
Senior,Full-time,126000,United States,M,Data Science and Research
Senior,Full-time,149040,United States,M,Data Architecture and Modeling
Senior,Full-time,113900,United States,M,Data Architecture and Modeling
Senior,Full-time,153600,United States,M,Data Engineering
Senior,Full-time,106800,United States,M,Data Engineering
Senior,Full-time,172600,United States,M,Data Engineering
Senior,Full-time,107900,United States,M,Data Engineering
Senior,Full-time,180180,United States,M,Data Analysis
Senior,Full-time,106020,United States,M,Data Analysis
Senior,Full-time,376080,United States,M,Data Architecture and Modeling
Senior,Full-time,213120,United States,M,Data Architecture and Modeling
Senior,Full-time,153600,United States,M,Data Analysis
Senior,Full-time,100500,United States,M,Data Analysis
Senior,Full-time,206500,United States,M,Data Analysis
Senior,Full-time,121600,United States,M,Data Analysis
Senior,Full-time,260000,United States,M,Data Engineering
Senior,Full-time,225000,United States,M,Data Engineering
Executive,Full-time,194500,United States,M,Data Engineering
Executive,Full-time,115500,United States,M,Data Engineering
Senior,Full-time,170000,United States,L,Cloud and Database
Senior,Full-time,90000,United States,L,Machine Learning and AI
Entry-level,Full-time,95000,United States,M,Data Analysis
Entry-level,Full-time,70000,United States,M,Data Analysis
Senior,Full-time,275000,United States,M,Data Engineering
Senior,Full-time,160000,United States,M,Data Engineering
Senior,Full-time,115934,United States,M,Data Analysis
Senior,Full-time,81666,United States,M,Data Analysis
Senior,Full-time,175000,United States,M,Data Science and Research
Senior,Full-time,120000,United States,M,Data Science and Research
Senior,Full-time,150000,United States,M,Machine Learning and AI
Senior,Full-time,120000,United States,M,Machine Learning and AI
Senior,Full-time,200000,United States,M,Data Science and Research
Senior,Full-time,175000,United States,M,Data Science and Research
Mid-level,Full-time,206000,United States,M,Data Analysis
Mid-level,Full-time,130000,United States,M,Data Analysis
Senior,Full-time,138000,United Kingdom,M,Data Architecture and Modeling
Senior,Full-time,92000,United Kingdom,M,Data Architecture and Modeling
Senior,Full-time,65000,Colombia,M,Leadership and Management
Senior,Full-time,48000,Colombia,M,Leadership and Management
Senior,Full-time,110000,United States,M,Data Analysis
Senior,Full-time,75000,United States,M,Data Analysis
Senior,Full-time,130000,United States,M,Leadership and Management
Senior,Full-time,87000,United States,M,Leadership and Management
Mid-level,Full-time,160000,United States,M,Data Analysis
Mid-level,Full-time,112000,United States,M,Data Analysis
Mid-level,Full-time,162500,United States,M,Data Engineering
Mid-level,Full-time,130000,United States,M,Data Engineering
Senior,Full-time,299500,United States,M,Data Science and Research
Senior,Full-time,245100,United States,M,Data Science and Research
Mid-level,Full-time,145000,United States,M,Data Science and Research
Mid-level,Full-time,100000,United States,M,Data Science and Research
Senior,Full-time,147100,United States,M,Data Engineering
Senior,Full-time,90700,United States,M,Data Engineering
Entry-level,Full-time,115100,United States,M,Data Engineering
Entry-level,Full-time,73900,United States,M,Data Engineering
Senior,Full-time,168400,United States,M,Data Engineering
Senior,Full-time,105200,United States,M,Data Engineering
Senior,Full-time,210000,United States,M,Data Science and Research
Senior,Full-time,160000,United States,M,Data Science and Research
Mid-level,Full-time,145000,United States,M,Data Science and Research
Mid-level,Full-time,100000,United States,M,Data Science and Research
Senior,Full-time,222200,United States,L,Data Science and Research
Senior,Full-time,136000,United States,L,Data Science and Research
Mid-level,Full-time,100000,United States,M,Data Analysis
Mid-level,Full-time,85000,United States,M,Data Analysis
Mid-level,Full-time,86128,United Kingdom,M,Data Engineering
Mid-level,Full-time,58444,United Kingdom,M,Data Engineering
Executive,Full-time,200000,United States,M,Data Science and Research
Executive,Full-time,145000,United States,M,Data Science and Research
Mid-level,Full-time,140000,United States,M,Data Engineering
Mid-level,Full-time,95000,United States,M,Data Engineering
Senior,Full-time,185000,United States,M,Data Analysis
Senior,Full-time,120250,United States,M,Data Analysis
Mid-level,Full-time,130000,United States,L,Data Analysis
Senior,Full-time,205000,United States,M,Data Science and Research
Senior,Full-time,140000,United States,M,Data Science and Research
Senior,Full-time,297300,United States,M,Data Science and Research
Senior,Full-time,198200,United States,M,Data Science and Research
Senior,Full-time,141288,United States,M,Data Science and Research
Senior,Full-time,94192,United States,M,Data Science and Research
Senior,Full-time,184000,United States,M,Data Engineering
Senior,Full-time,143000,United States,M,Data Engineering
Senior,Full-time,70000,United States,M,Data Analysis
Senior,Full-time,55000,United States,M,Data Analysis
Senior,Full-time,275300,United States,M,Leadership and Management
Senior,Full-time,183500,United States,M,Leadership and Management
Mid-level,Full-time,75000,United States,M,Data Analysis
Mid-level,Full-time,65000,United States,M,Data Analysis
Mid-level,Full-time,160000,United States,M,Machine Learning and AI
Mid-level,Full-time,147000,United States,M,Machine Learning and AI
Senior,Full-time,149040,United States,M,Data Architecture and Modeling
Senior,Full-time,113900,United States,M,Data Architecture and Modeling
Mid-level,Full-time,74883,Singapore,L,Data Engineering
Senior,Full-time,180180,United States,M,Data Analysis
Senior,Full-time,106020,United States,M,Data Analysis
Entry-level,Full-time,70000,Australia,L,Machine Learning and AI
Entry-level,Full-time,80000,Sweden,M,Machine Learning and AI
Mid-level,Full-time,250000,United States,M,Machine Learning and AI
Mid-level,Full-time,150000,United States,M,Machine Learning and AI
Senior,Full-time,139500,United States,M,Data Engineering
Senior,Full-time,109400,United States,M,Data Engineering
Senior,Full-time,105000,United States,M,Data Science and Research
Senior,Full-time,70000,United States,M,Data Science and Research
Executive,Full-time,210914,United States,M,Data Engineering
Executive,Full-time,116704,United States,M,Data Engineering
Entry-level,Full-time,150000,United States,M,Data Science and Research
Entry-level,Full-time,100000,United States,M,Data Science and Research
Senior,Full-time,146000,United States,M,Data Engineering
Senior,Full-time,75000,United States,M,Data Engineering
Entry-level,Full-time,75000,United States,M,Data Analysis
Entry-level,Full-time,60000,United States,M,Data Analysis
Mid-level,Full-time,185700,United States,M,Leadership and Management
Mid-level,Full-time,165000,United States,M,Leadership and Management
Senior,Full-time,160000,United States,M,Data Engineering
Senior,Full-time,130000,United States,M,Data Engineering
Senior,Full-time,169000,United States,M,Data Analysis
Senior,Full-time,110600,United States,M,Data Analysis
Senior,Full-time,193000,United States,M,Data Quality and Operations
Senior,Full-time,136850,United States,M,Data Quality and Operations
Senior,Full-time,139500,United States,M,Machine Learning and AI
Senior,Full-time,109400,United States,M,Machine Learning and AI
Senior,Full-time,276000,United States,M,Data Engineering
Senior,Full-time,178500,United States,M,Data Engineering
Mid-level,Full-time,59382,Spain,M,Data Science and Research
Mid-level,Full-time,48585,Spain,M,Data Science and Research
Mid-level,Full-time,75577,Slovenia,M,Data Engineering
Mid-level,Full-time,48585,Slovenia,M,Data Engineering
Senior,Full-time,198094,United Kingdom,M,Machine Learning and AI
Senior,Full-time,102492,United Kingdom,M,Machine Learning and AI
Senior,Full-time,138666,United Kingdom,M,Data Engineering
Senior,Full-time,102492,United Kingdom,M,Data Engineering
Senior,Full-time,252000,United States,M,Data Engineering
Senior,Full-time,129000,United States,M,Data Engineering
Senior,Full-time,130000,United States,L,BI and Visualization
Mid-level,Full-time,150000,United States,M,Data Science and Research
Senior,Full-time,163800,United States,M,Data Engineering
Senior,Full-time,126000,United States,M,Data Engineering
Senior,Full-time,260000,Canada,M,Machine Learning and AI
Senior,Full-time,110000,Canada,M,Machine Learning and AI
Senior,Full-time,170000,United States,M,Leadership and Management
Senior,Full-time,130000,United States,M,Leadership and Management
Senior,Full-time,247500,United States,M,Machine Learning and AI
Senior,Full-time,172200,United States,M,Machine Learning and AI
Senior,Full-time,239748,United States,M,Data Science and Research
Senior,Full-time,159832,United States,M,Data Science and Research
Senior,Full-time,163800,United States,M,Machine Learning and AI
Senior,Full-time,126000,United States,M,Machine Learning and AI
Mid-level,Full-time,128750,United States,M,Data Science and Research
Mid-level,Full-time,106250,United States,M,Data Science and Research
Senior,Full-time,252000,United States,M,Data Engineering
Senior,Full-time,129000,United States,M,Data Engineering
Senior,Full-time,299500,United States,M,Data Science and Research
Senior,Full-time,245100,United States,M,Data Science and Research
Mid-level,Full-time,155000,United States,M,Leadership and Management
Mid-level,Full-time,140000,United States,M,Leadership and Management
Executive,Full-time,167500,United States,M,Data Engineering
Executive,Full-time,106500,United States,M,Data Engineering
Senior,Full-time,188500,United States,M,Data Architecture and Modeling
Senior,Full-time,117000,United States,M,Data Architecture and Modeling
Senior,Full-time,250000,United States,M,Data Analysis
Senior,Full-time,138000,United States,M,Data Analysis
Mid-level,Full-time,130000,Canada,M,Data Analysis
Mid-level,Full-time,100000,Canada,M,Data Analysis
Senior,Full-time,124163,Germany,L,Machine Learning and AI
Senior,Full-time,140000,United States,M,Data Engineering
Senior,Full-time,120000,United States,M,Data Engineering
Senior,Full-time,160000,United States,M,BI and Visualization
Senior,Full-time,135000,United States,M,BI and Visualization
Mid-level,Full-time,104500,United States,M,Data Science and Research
Mid-level,Full-time,70000,United States,M,Data Science and Research
Mid-level,Full-time,90000,United States,M,Data Science and Research
Mid-level,Full-time,70000,United States,M,Data Science and Research
Senior,Full-time,153600,United States,M,Data Engineering
Senior,Full-time,106800,United States,M,Data Engineering
Entry-level,Full-time,125000,United States,M,Data Engineering
Entry-level,Full-time,90000,United States,M,Data Engineering
Mid-level,Full-time,185000,United States,M,Data Science and Research
Mid-level,Full-time,125000,United States,M,Data Science and Research
Senior,Full-time,127000,United States,M,Data Analysis
Senior,Full-time,94000,United States,M,Data Analysis
Senior,Full-time,210550,United States,M,Data Science and Research
Senior,Full-time,153300,United States,M,Data Science and Research
Mid-level,Full-time,200000,United States,M,Data Science and Research
Mid-level,Full-time,150000,United States,M,Data Science and Research
Senior,Full-time,161500,United States,M,Data Analysis
Senior,Full-time,119500,United States,M,Data Analysis
Senior,Full-time,175000,United States,M,Data Analysis
Senior,Full-time,145000,United States,M,Data Analysis
Senior,Full-time,175000,United States,M,Data Science and Research
Senior,Full-time,148750,United States,M,Data Science and Research
Senior,Full-time,105000,United States,M,Leadership and Management
Senior,Full-time,85000,United States,M,Leadership and Management
Senior,Full-time,215000,United States,M,Data Science and Research
Senior,Full-time,146300,United States,M,Data Science and Research
Entry-level,Full-time,215936,Germany,L,Machine Learning and AI
Mid-level,Full-time,72000,Mexico,M,Data Engineering
Mid-level,Full-time,60000,Mexico,M,Data Engineering
Senior,Full-time,153400,United States,M,Machine Learning and AI
Senior,Full-time,122700,United States,M,Machine Learning and AI
Mid-level,Full-time,260000,United States,M,Data Engineering
Mid-level,Full-time,175000,United States,M,Data Engineering
Senior,Full-time,186300,United States,M,Data Science and Research
Senior,Full-time,123900,United States,M,Data Science and Research
Mid-level,Full-time,340000,United States,M,Data Science and Research
Mid-level,Full-time,150000,United States,M,Data Science and Research
Senior,Full-time,153400,United States,M,Machine Learning and AI
Senior,Full-time,122700,United States,M,Machine Learning and AI
Mid-level,Full-time,250000,United States,M,Data Engineering
Mid-level,Full-time,175000,United States,M,Data Engineering
Mid-level,Full-time,64781,France,M,Data Science and Research
Senior,Full-time,185900,United States,M,Data Analysis
Senior,Full-time,121700,United States,M,Data Analysis
Senior,Full-time,153600,United States,M,Data Analysis
Senior,Full-time,106800,United States,M,Data Analysis
Senior,Freelance,50000,Australia,M,Data Engineering
Entry-level,Full-time,100000,United States,L,Data Analysis
Senior,Full-time,247500,United States,M,Machine Learning and AI
Senior,Full-time,172200,United States,M,Machine Learning and AI
Executive,Full-time,310000,United States,M,Data Engineering
Executive,Full-time,239000,United States,M,Data Engineering
Senior,Full-time,125000,United States,M,Data Analysis
Senior,Full-time,110000,United States,M,Data Analysis
Entry-level,Full-time,150000,United States,M,Data Analysis
Entry-level,Full-time,100000,United States,M,Data Analysis
Senior,Full-time,149076,United States,M,Data Science and Research
Senior,Full-time,82365,United States,M,Data Science and Research
Mid-level,Full-time,146000,United States,M,Data Engineering
Mid-level,Full-time,75000,United States,M,Data Engineering
Senior,Full-time,139500,United States,M,Machine Learning and AI
Senior,Full-time,109400,United States,M,Machine Learning and AI
Senior,Full-time,139500,United States,M,Data Engineering
Senior,Full-time,109400,United States,M,Data Engineering
Mid-level,Full-time,149600,United States,M,Data Engineering
Mid-level,Full-time,102000,United States,M,Data Engineering
Mid-level,Full-time,98432,United Kingdom,M,Data Analysis
Mid-level,Full-time,49216,United Kingdom,M,Data Analysis
Senior,Full-time,252000,United States,M,Data Engineering
Senior,Full-time,129000,United States,M,Data Engineering
Senior,Full-time,95000,United States,M,Data Analysis
Senior,Full-time,85500,United States,M,Data Analysis
Senior,Full-time,185900,United States,M,Data Analysis
Senior,Full-time,121700,United States,M,Data Analysis
Entry-level,Full-time,150000,United States,M,Data Science and Research
Entry-level,Full-time,100000,United States,M,Data Science and Research
Mid-level,Full-time,145000,United States,M,Data Engineering
Mid-level,Full-time,125000,United States,M,Data Engineering
Mid-level,Full-time,150000,United States,M,Data Science and Research
Mid-level,Full-time,97750,United States,M,Data Science and Research
Senior,Full-time,201000,United States,M,Data Science and Research
Senior,Full-time,122000,United States,M,Data Science and Research
Senior,Full-time,252000,United States,M,Data Engineering
Senior,Full-time,129000,United States,M,Data Engineering
Senior,Full-time,120000,United States,M,Data Analysis
Senior,Full-time,75000,United States,M,Data Analysis
Mid-level,Full-time,116990,United States,M,Data Science and Research
Mid-level,Full-time,82920,United States,M,Data Science and Research
Senior,Full-time,185900,United States,M,Data Science and Research
Senior,Full-time,129300,United States,M,Data Science and Research
Mid-level,Full-time,200000,United States,S,Machine Learning and AI
Mid-level,Full-time,125000,United States,S,Machine Learning and AI
Senior,Full-time,201000,United States,M,Data Science and Research
Senior,Full-time,122000,United States,M,Data Science and Research
Senior,Full-time,204500,United States,M,Machine Learning and AI
Senior,Full-time,142200,United States,M,Machine Learning and AI
Senior,Full-time,155000,United States,M,Leadership and Management
Senior,Full-time,140000,United States,M,Leadership and Management
Mid-level,Full-time,205920,United States,M,Machine Learning and AI
Mid-level,Full-time,171600,United States,M,Machine Learning and AI
Senior,Full-time,121500,United States,M,Data Engineering
Senior,Full-time,78000,United States,M,Data Engineering
Mid-level,Full-time,154000,United States,M,Data Engineering
Mid-level,Full-time,116000,United States,M,Data Engineering
Senior,Full-time,190000,United States,M,Data Science and Research
Senior,Full-time,136000,United States,M,Data Science and Research
Mid-level,Full-time,79976,United Kingdom,M,Data Analysis
Mid-level,Full-time,44356,United Kingdom,M,Data Analysis
Senior,Full-time,180000,United States,M,Data Analysis
Senior,Full-time,110000,United States,M,Data Analysis
Senior,Full-time,275300,United States,M,Data Science and Research
Senior,Full-time,183000,United States,M,Data Science and Research
Senior,Full-time,170000,United States,M,Data Engineering
Senior,Full-time,140000,United States,M,Data Engineering
Senior,Full-time,154000,United States,M,Data Engineering
Senior,Full-time,116000,United States,M,Data Engineering
Senior,Full-time,160000,United States,M,Data Engineering
Senior,Full-time,130000,United States,M,Data Engineering
Mid-level,Full-time,200000,United States,M,Data Engineering
Mid-level,Full-time,120000,United States,M,Data Engineering
Senior,Full-time,175000,United States,M,Data Science and Research
Senior,Full-time,160000,United States,M,Data Science and Research
Mid-level,Full-time,129192,United Kingdom,M,Data Engineering
Mid-level,Full-time,104584,United Kingdom,M,Data Engineering
Senior,Full-time,153600,United States,M,Data Engineering
Senior,Full-time,106800,United States,M,Data Engineering
Entry-level,Full-time,85000,United States,M,Data Analysis
Entry-level,Full-time,75000,United States,M,Data Analysis
Senior,Full-time,225000,United States,M,Data Science and Research
Senior,Full-time,156400,United States,M,Data Science and Research
Senior,Full-time,150000,United States,M,Leadership and Management
Senior,Full-time,120000,United States,M,Leadership and Management
Senior,Full-time,163800,United States,M,Machine Learning and AI
Senior,Full-time,126000,United States,M,Machine Learning and AI
Senior,Full-time,145000,United States,M,Data Analysis
Senior,Full-time,90000,United States,M,Data Analysis
Senior,Full-time,204500,United States,M,Machine Learning and AI
Senior,Full-time,142200,United States,M,Machine Learning and AI
Senior,Full-time,95000,United States,M,Data Analysis
Senior,Full-time,85500,United States,M,Data Analysis
Senior,Full-time,167500,United States,M,Data Engineering
Senior,Full-time,106500,United States,M,Data Engineering
Senior,Full-time,163800,United States,M,Data Engineering
Senior,Full-time,126000,United States,M,Data Engineering
Mid-level,Full-time,155000,United States,M,Leadership and Management
Mid-level,Full-time,140000,United States,M,Leadership and Management
Senior,Full-time,250000,United States,M,Data Science and Research
Senior,Full-time,200000,United States,M,Data Science and Research
Senior,Full-time,260000,United States,M,Data Science and Research
Senior,Full-time,186000,United States,M,Data Science and Research
Senior,Full-time,160000,United States,M,Data Engineering
Senior,Full-time,130000,United States,M,Data Engineering
Senior,Full-time,200000,United States,M,Data Science and Research
Senior,Full-time,150000,United States,M,Data Science and Research
Senior,Full-time,48585,Spain,M,Data Science and Research
Senior,Full-time,38868,Spain,M,Data Science and Research
Senior,Full-time,150000,United States,M,Data Science and Research
Senior,Full-time,120000,United States,M,Data Science and Research
Entry-level,Full-time,30000,India,M,Data Analysis
Mid-level,Full-time,185000,United States,M,Data Science and Research
Mid-level,Full-time,125000,United States,M,Data Science and Research
Entry-level,Part-time,34320,United States,S,Data Analysis
Senior,Full-time,75577,Portugal,L,Leadership and Management
Executive,Full-time,106000,Russian Federation,L,Data Science and Research
Senior,Full-time,175000,United States,M,Data Analysis
Senior,Full-time,130000,United States,M,Data Analysis
Senior,Full-time,122000,United States,M,Data Analysis
Senior,Full-time,93800,United States,M,Data Analysis
Senior,Full-time,150000,Mexico,M,Data Science and Research
Senior,Full-time,90000,Mexico,M,Data Science and Research
Senior,Full-time,165000,United States,M,Data Analysis
Senior,Full-time,112000,United States,M,Data Analysis
Entry-level,Full-time,220000,United States,M,Machine Learning and AI
Senior,Full-time,72338,Germany,M,Data Analysis
Entry-level,Full-time,64781,Germany,M,Machine Learning and AI
Senior,Full-time,204500,United States,M,Machine Learning and AI
Senior,Full-time,142200,United States,M,Machine Learning and AI
Mid-level,Full-time,200000,United States,M,Machine Learning and AI
Mid-level,Full-time,175000,United States,M,Machine Learning and AI
Senior,Full-time,185900,United States,M,Data Engineering
Senior,Full-time,129300,United States,M,Data Engineering
Senior,Full-time,185900,United States,M,Data Analysis
Senior,Full-time,121700,United States,M,Data Analysis
Senior,Full-time,204500,United States,M,Machine Learning and AI
Senior,Full-time,142200,United States,M,Machine Learning and AI
Mid-level,Full-time,40000,France,L,Data Science and Research
Senior,Full-time,180180,United States,M,Data Analysis
Senior,Full-time,106020,United States,M,Data Analysis
Senior,Full-time,136000,United States,M,Data Science and Research
Senior,Full-time,104000,United States,M,Data Science and Research
Senior,Full-time,125000,United States,M,Data Analysis
Senior,Full-time,110000,United States,M,Data Analysis
Senior,Full-time,153400,United States,M,Machine Learning and AI
Senior,Full-time,122700,United States,M,Machine Learning and AI
Executive,Full-time,310000,United States,M,Data Engineering
Executive,Full-time,239000,United States,M,Data Engineering
Senior,Full-time,152380,United States,M,Data Analysis
Senior,Full-time,121904,United States,M,Data Analysis
Senior,Full-time,185900,United States,M,Data Science and Research
Senior,Full-time,129300,United States,M,Data Science and Research
Senior,Full-time,247500,United States,M,Machine Learning and AI
Senior,Full-time,172200,United States,M,Machine Learning and AI
Senior,Full-time,168400,United States,M,Data Architecture and Modeling
Senior,Full-time,105200,United States,M,Data Architecture and Modeling
Senior,Full-time,128280,United States,M,Machine Learning and AI
Senior,Full-time,106900,United States,M,Machine Learning and AI
Senior,Full-time,192000,United States,L,Data Science and Research
Mid-level,Full-time,140000,United States,M,Data Engineering
Mid-level,Full-time,100000,United States,M,Data Engineering
Senior,Full-time,107968,Germany,S,Data Science and Research
Senior,Full-time,86374,Germany,S,Data Science and Research
Senior,Full-time,275000,Germany,M,Machine Learning and AI
Senior,Full-time,174000,Germany,M,Machine Learning and AI
Senior,Full-time,139500,United States,M,Data Engineering
Senior,Full-time,109400,United States,M,Data Engineering
Senior,Full-time,139500,United States,M,Machine Learning and AI
Senior,Full-time,109400,United States,M,Machine Learning and AI
Senior,Full-time,170500,United States,M,Data Analysis
Senior,Full-time,85000,United States,M,Data Analysis
Senior,Full-time,73857,United Kingdom,M,Leadership and Management
Senior,Full-time,55044,United Kingdom,M,Leadership and Management
Executive,Full-time,162288,United Kingdom,M,Data Science and Research
Executive,Full-time,129058,United Kingdom,M,Data Science and Research
Senior,Full-time,80000,United States,M,Data Engineering
Senior,Full-time,65000,United States,M,Data Engineering
Senior,Full-time,124740,United States,M,Data Engineering
Senior,Full-time,65488,United States,M,Data Engineering
Senior,Full-time,72200,United States,M,Data Quality and Operations
Senior,Full-time,64980,United States,M,Data Quality and Operations
Senior,Full-time,153600,United States,M,Data Engineering
Senior,Full-time,106800,United States,M,Data Engineering
Senior,Full-time,179975,United States,M,Data Analysis
Senior,Full-time,86466,United States,M,Data Analysis
Senior,Full-time,120000,United States,M,Data Engineering
Senior,Full-time,90000,United States,M,Data Engineering
Mid-level,Full-time,51676,United Kingdom,M,Data Analysis
Mid-level,Full-time,43064,United Kingdom,M,Data Analysis
Senior,Full-time,149076,United States,M,Data Science and Research
Senior,Full-time,82365,United States,M,Data Science and Research
Senior,Full-time,169000,United States,M,Data Analysis
Senior,Full-time,110600,United States,M,Data Analysis
Senior,Full-time,175000,United States,M,Data Science and Research
Senior,Full-time,120000,United States,M,Data Science and Research
Senior,Full-time,230000,United States,M,Data Analysis
Senior,Full-time,180000,United States,M,Data Analysis
Senior,Full-time,153600,United States,M,Data Analysis
Senior,Full-time,106800,United States,M,Data Analysis
Senior,Full-time,140000,United States,M,Leadership and Management
Senior,Full-time,120000,United States,M,Leadership and Management
Senior,Full-time,205920,United States,M,Machine Learning and AI
Senior,Full-time,171600,United States,M,Machine Learning and AI
Senior,Full-time,165000,United States,M,Data Analysis
Senior,Full-time,125000,United States,M,Data Analysis
Senior,Full-time,265000,United States,M,Data Engineering
Senior,Full-time,185000,United States,M,Data Engineering
Mid-level,Full-time,130000,United States,M,Machine Learning and AI
Entry-level,Full-time,168000,United States,M,Data Science and Research
Mid-level,Full-time,38868,Spain,L,Machine Learning and AI
Senior,Full-time,95000,United States,M,Data Analysis
Senior,Full-time,85500,United States,M,Data Analysis
Senior,Full-time,147100,United States,M,Data Science and Research
Senior,Full-time,90700,United States,M,Data Science and Research
Senior,Full-time,167580,United States,M,Data Engineering
Senior,Full-time,87980,United States,M,Data Engineering
Senior,Full-time,202000,United States,M,Data Engineering
Senior,Full-time,135000,United States,M,Data Engineering
Senior,Full-time,163800,United States,M,Data Engineering
Senior,Full-time,126000,United States,M,Data Engineering
Senior,Full-time,163800,United States,M,Machine Learning and AI
Senior,Full-time,126000,United States,M,Machine Learning and AI
Senior,Full-time,104000,United States,M,Data Engineering
Senior,Full-time,65000,United States,M,Data Engineering
Senior,Full-time,230000,United States,M,Data Science and Research
Senior,Full-time,148000,United States,M,Data Science and Research
Senior,Full-time,269000,Canada,M,Machine Learning and AI
Senior,Full-time,158000,Canada,M,Machine Learning and AI
Senior,Full-time,197000,United States,M,Leadership and Management
Senior,Full-time,106000,United States,M,Leadership and Management
Mid-level,Full-time,150000,United States,M,Machine Learning and AI
Mid-level,Full-time,100000,United States,M,Machine Learning and AI
Senior,Full-time,290000,United States,M,Data Engineering
Senior,Full-time,210000,United States,M,Data Engineering
Senior,Full-time,192000,United States,M,Data Engineering
Senior,Full-time,172800,United States,M,Data Engineering
Senior,Full-time,300240,United States,M,Data Science and Research
Senior,Full-time,200160,United States,M,Data Science and Research
Senior,Full-time,300240,United States,M,Data Science and Research
Senior,Full-time,200160,United States,M,Data Science and Research
Senior,Full-time,175000,United States,M,Leadership and Management
Senior,Full-time,140000,United States,M,Leadership and Management
Senior,Full-time,169000,United States,M,Leadership and Management
Senior,Full-time,100000,United States,M,Leadership and Management
Senior,Full-time,370000,United States,M,Data Science and Research
Senior,Full-time,245000,United States,M,Data Science and Research
Mid-level,Full-time,116888,United Kingdom,L,Data Engineering
Senior,Full-time,110000,United States,S,Data Analysis
Senior,Full-time,80000,United States,S,Data Analysis
Entry-level,Full-time,55000,United States,M,Data Analysis
Entry-level,Full-time,48000,United States,M,Data Analysis
Senior,Full-time,95000,United States,M,Data Analysis
Senior,Full-time,85000,United States,M,Data Analysis
Senior,Full-time,137500,United States,M,Data Engineering
Senior,Full-time,81500,United States,M,Data Engineering
Senior,Full-time,323300,United States,M,Machine Learning and AI
Senior,Full-time,184700,United States,M,Machine Learning and AI
Mid-level,Full-time,30000,Ghana,S,Machine Learning and AI
Senior,Full-time,186000,United States,M,Machine Learning and AI
Senior,Full-time,153088,United States,M,Machine Learning and AI
Mid-level,Full-time,190000,United States,M,Data Engineering
Mid-level,Full-time,160000,United States,M,Data Engineering
Senior,Full-time,200000,United States,M,Machine Learning and AI
Senior,Full-time,150000,United States,M,Machine Learning and AI
Mid-level,Full-time,190000,United States,M,Data Engineering
Mid-level,Full-time,183310,United States,M,Data Engineering
Senior,Full-time,240000,United States,M,Machine Learning and AI
Senior,Full-time,180000,United States,M,Machine Learning and AI
Senior,Full-time,200000,United States,M,Machine Learning and AI
Senior,Full-time,150000,United States,M,Machine Learning and AI
Senior,Full-time,299500,United States,M,Data Science and Research
Senior,Full-time,245100,United States,M,Data Science and Research
Senior,Full-time,144000,United States,M,Data Engineering
Senior,Full-time,66000,United States,M,Data Engineering
Mid-level,Full-time,148500,United States,M,Machine Learning and AI
Mid-level,Full-time,126277,United States,M,Machine Learning and AI
Senior,Full-time,228000,United States,M,Data Architecture and Modeling
Senior,Full-time,120000,United States,M,Data Architecture and Modeling
Senior,Full-time,180000,United States,M,Machine Learning and AI
Senior,Full-time,90000,United States,M,Machine Learning and AI
Senior,Full-time,126500,United States,M,Data Science and Research
Senior,Full-time,78000,United States,M,Data Science and Research
Senior,Full-time,180000,United States,M,Data Engineering
Senior,Full-time,160000,United States,M,Data Engineering
Senior,Full-time,272000,United States,M,Machine Learning and AI
Senior,Full-time,170000,United States,M,Machine Learning and AI
Mid-level,Full-time,80000,United States,M,Data Analysis
Mid-level,Full-time,60000,United States,M,Data Analysis
Senior,Full-time,259000,United States,M,Data Engineering
Senior,Full-time,146000,United States,M,Data Engineering
Senior,Full-time,200000,United States,M,Data Engineering
Senior,Full-time,160000,United States,M,Data Engineering
Executive,Full-time,310000,United States,M,Data Engineering
Executive,Full-time,239000,United States,M,Data Engineering
Senior,Full-time,142000,United States,M,Data Analysis
Senior,Full-time,95000,United States,M,Data Analysis
Senior,Full-time,155000,United States,M,Data Science and Research
Senior,Full-time,139500,United States,M,Data Science and Research
Mid-level,Full-time,140000,United States,M,Data Engineering
Mid-level,Full-time,120000,United States,M,Data Engineering
Senior,Full-time,259000,United States,M,Data Engineering
Senior,Full-time,146000,United States,M,Data Engineering
Mid-level,Full-time,110736,Croatia,M,Data Analysis
Mid-level,Full-time,73824,Croatia,M,Data Analysis
Entry-level,Part-time,18160,India,L,Data Analysis
Entry-level,Full-time,19910,Brazil,L,Data Science and Research
Senior,Full-time,247500,United States,M,Data Science and Research
Senior,Full-time,172200,United States,M,Data Science and Research
Senior,Full-time,225000,United States,M,Data Science and Research
Senior,Full-time,156400,United States,M,Data Science and Research
Senior,Full-time,139500,United States,M,Data Engineering
Senior,Full-time,109400,United States,M,Data Engineering
Mid-level,Full-time,125000,United States,M,Data Engineering
Mid-level,Full-time,90000,United States,M,Data Engineering
Senior,Full-time,107968,France,M,Machine Learning and AI
Senior,Full-time,75577,France,M,Machine Learning and AI
Senior,Full-time,185900,United States,M,Data Science and Research
Senior,Full-time,129300,United States,M,Data Science and Research
Senior,Full-time,139500,United States,M,Machine Learning and AI
Senior,Full-time,109400,United States,M,Machine Learning and AI
Senior,Full-time,120000,United States,M,Data Analysis
Senior,Full-time,75000,United States,M,Data Analysis
Senior,Full-time,169000,United States,M,Data Analysis
Senior,Full-time,110600,United States,M,Data Analysis
Senior,Full-time,288000,United States,M,Machine Learning and AI
Senior,Full-time,140000,United States,M,Machine Learning and AI
Senior,Full-time,288000,United States,M,Machine Learning and AI
Senior,Full-time,140000,United States,M,Machine Learning and AI
Mid-level,Full-time,120000,United States,M,Data Engineering
Mid-level,Full-time,90000,United States,M,Data Engineering
Mid-level,Full-time,73824,United Kingdom,M,Data Science and Research
Mid-level,Full-time,61520,United Kingdom,M,Data Science and Research
Senior,Full-time,215050,United States,M,Data Science and Research
Senior,Full-time,156400,United States,M,Data Science and Research
Senior,Full-time,198000,United States,M,Data Architecture and Modeling
Senior,Full-time,114000,United States,M,Data Architecture and Modeling
Entry-level,Full-time,75000,United States,M,Data Analysis
Entry-level,Full-time,60000,United States,M,Data Analysis
Senior,Full-time,204500,United States,M,Machine Learning and AI
Senior,Full-time,142200,United States,M,Machine Learning and AI
Senior,Full-time,209300,United States,M,Data Science and Research
Senior,Full-time,182200,United States,M,Data Science and Research
Senior,Full-time,140000,United States,M,Leadership and Management
Senior,Full-time,120000,United States,M,Leadership and Management
Entry-level,Full-time,85000,United States,M,Data Science and Research
Mid-level,Full-time,49216,United Kingdom,M,Machine Learning and AI
Entry-level,Full-time,120000,United Kingdom,M,Data Science and Research
Entry-level,Full-time,60000,United Kingdom,M,Data Science and Research
Senior,Full-time,147100,United States,M,Machine Learning and AI
Senior,Full-time,90700,United States,M,Machine Learning and AI
Senior,Full-time,230000,United States,M,Data Engineering
Senior,Full-time,170000,United States,M,Data Engineering
Senior,Full-time,227000,United States,M,Data Analysis
Senior,Full-time,108000,United States,M,Data Analysis
Senior,Full-time,180000,United States,M,Data Engineering
Senior,Full-time,160000,United States,M,Data Engineering
Senior,Full-time,180000,United States,M,Data Architecture and Modeling
Senior,Full-time,160000,United States,M,Data Architecture and Modeling
Senior,Full-time,180000,United States,M,Data Engineering
Senior,Full-time,130000,United States,M,Data Engineering
Senior,Full-time,56143,Spain,M,Data Analysis
Senior,Full-time,51824,Spain,M,Data Analysis
Entry-level,Full-time,60000,United States,L,Data Analysis
Entry-level,Full-time,50000,United States,L,Data Analysis
Senior,Full-time,226700,United States,M,Data Engineering
Senior,Full-time,133300,United States,M,Data Engineering
Senior,Full-time,252000,United States,M,Data Engineering
Senior,Full-time,129000,United States,M,Data Engineering
Senior,Full-time,153799,United Kingdom,L,Data Architecture and Modeling
Senior,Full-time,80000,United States,M,Data Analysis
Senior,Full-time,52500,United States,M,Data Analysis
Senior,Full-time,250000,United States,M,Data Engineering
Senior,Full-time,162500,United States,M,Data Engineering
Entry-level,Full-time,85000,United States,M,Data Analysis
Entry-level,Full-time,75000,United States,M,Data Analysis
Senior,Full-time,153600,United States,M,Data Analysis
Senior,Full-time,106800,United States,M,Data Analysis
Mid-level,Full-time,165000,United States,M,Data Analysis
Mid-level,Full-time,124000,United States,M,Data Analysis
Senior,Full-time,115934,United States,M,Data Analysis
Senior,Full-time,81666,United States,M,Data Analysis
Senior,Full-time,167580,United States,M,Data Engineering
Senior,Full-time,87980,United States,M,Data Engineering
Senior,Full-time,250000,United States,M,Data Engineering
Senior,Full-time,63000,United States,M,Data Engineering
Senior,Full-time,253750,Spain,M,Data Science and Research
Senior,Full-time,169200,Spain,M,Data Science and Research
Senior,Full-time,253750,Spain,M,Data Science and Research
Senior,Full-time,169200,Spain,M,Data Science and Research
Mid-level,Full-time,170000,United States,M,Data Science and Research
Mid-level,Full-time,120000,United States,M,Data Science and Research
Senior,Full-time,124740,United States,M,Data Engineering
Senior,Full-time,65488,United States,M,Data Engineering
Senior,Full-time,213580,United States,M,Data Engineering
Senior,Full-time,163625,United States,M,Data Engineering
Senior,Full-time,375000,United States,M,Machine Learning and AI
Senior,Full-time,102569,Ireland,M,Data Engineering
Senior,Full-time,220000,United States,M,Machine Learning and AI
Senior,Full-time,170000,United States,M,Machine Learning and AI
Executive,Full-time,235000,United States,M,Data Engineering
Executive,Full-time,210000,United States,M,Data Engineering
Senior,Full-time,180000,United States,M,Data Architecture and Modeling
Senior,Full-time,115000,United States,M,Data Architecture and Modeling
Senior,Full-time,200000,United States,M,Data Architecture and Modeling
Senior,Full-time,115000,United States,M,Data Architecture and Modeling
Senior,Full-time,231250,United States,M,Data Science and Research
Senior,Full-time,138750,United States,M,Data Science and Research
Senior,Full-time,284310,United States,M,Machine Learning and AI
Senior,Full-time,153090,United States,M,Machine Learning and AI
Senior,Full-time,160000,United States,M,Data Engineering
Senior,Full-time,75000,United States,M,Data Engineering
Mid-level,Full-time,125000,United States,M,Data Analysis
Mid-level,Full-time,105000,United States,M,Data Analysis
Mid-level,Full-time,110736,United Kingdom,M,Data Analysis
Mid-level,Full-time,86128,United Kingdom,M,Data Analysis
Entry-level,Full-time,55000,United States,M,Data Analysis
Entry-level,Full-time,48000,United States,M,Data Analysis
Entry-level,Full-time,100000,United States,M,Data Analysis
Senior,Full-time,225900,United States,M,Data Science and Research
Senior,Full-time,156400,United States,M,Data Science and Research
Senior,Full-time,250000,United States,M,Data Engineering
Senior,Full-time,162500,United States,M,Data Engineering
Senior,Full-time,318300,United States,M,Machine Learning and AI
Senior,Full-time,188800,United States,M,Machine Learning and AI
Senior,Full-time,385000,United States,M,Data Analysis
Senior,Full-time,60000,United States,M,Data Analysis
Mid-level,Full-time,110000,United States,M,Data Analysis
Mid-level,Full-time,95000,United States,M,Data Analysis
Senior,Full-time,145000,United States,M,Data Science and Research
Senior,Full-time,135000,United States,M,Data Science and Research
Senior,Full-time,180180,United States,M,Data Analysis
Senior,Full-time,106020,United States,M,Data Analysis
Senior,Full-time,93919,United States,M,Data Analysis
Senior,Full-time,51962,United States,M,Data Analysis
Senior,Full-time,241871,United States,M,Data Engineering
Senior,Full-time,133832,United States,M,Data Engineering
Senior,Full-time,170000,United States,M,Data Science and Research
Senior,Full-time,90000,United States,M,Data Science and Research
Executive,Full-time,210914,United States,M,Data Engineering
Executive,Full-time,116704,United States,M,Data Engineering
Senior,Full-time,192500,United States,M,Data Analysis
Senior,Full-time,140000,United States,M,Data Analysis
Senior,Full-time,149076,United States,M,Data Science and Research
Senior,Full-time,82365,United States,M,Data Science and Research
Mid-level,Full-time,36000,Mexico,S,Machine Learning and AI
Senior,Full-time,175000,United States,M,Data Science and Research
Senior,Full-time,148750,United States,M,Data Science and Research
Senior,Full-time,370000,United States,M,Data Science and Research
Senior,Full-time,200000,United States,M,Data Science and Research
Senior,Full-time,235000,United States,M,Data Science and Research
Senior,Full-time,185000,United States,M,Data Science and Research
Mid-level,Full-time,123040,United Kingdom,M,Machine Learning and AI
Mid-level,Full-time,98432,United Kingdom,M,Machine Learning and AI
Senior,Full-time,216100,United States,M,Data Science and Research
Senior,Full-time,140800,United States,M,Data Science and Research
Mid-level,Full-time,147648,United Kingdom,M,Machine Learning and AI
Mid-level,Full-time,123040,United Kingdom,M,Machine Learning and AI
Senior,Full-time,53984,Canada,L,Machine Learning and AI
Entry-level,Full-time,110000,United States,S,Data Science and Research
Senior,Full-time,128000,United States,M,Data Engineering
Senior,Full-time,81500,United States,M,Data Engineering
Mid-level,Full-time,67672,United Kingdom,M,Data Engineering
Mid-level,Full-time,63980,United Kingdom,M,Data Engineering
Mid-level,Full-time,61520,United Kingdom,M,Data Analysis
Mid-level,Full-time,55368,United Kingdom,M,Data Analysis
Executive,Full-time,284000,United States,M,Data Engineering
Executive,Full-time,236000,United States,M,Data Engineering
Senior,Full-time,248100,Canada,M,Data Science and Research
Senior,Full-time,145900,Canada,M,Data Science and Research
Senior,Full-time,155850,United States,M,Data Science and Research
Senior,Full-time,102544,United States,M,Data Science and Research
Mid-level,Full-time,151410,United States,M,Data Science and Research
Mid-level,Full-time,115360,United States,M,Data Science and Research
Mid-level,Full-time,66940,Spain,M,Data Engineering
Mid-level,Full-time,59382,Spain,M,Data Engineering
Senior,Full-time,125948,Canada,M,Data Science and Research
Senior,Full-time,100000,Netherlands,L,Data Engineering
Senior,Full-time,250000,United States,M,Data Science and Research
Senior,Full-time,162500,United States,M,Data Science and Research
Senior,Full-time,185000,United Kingdom,M,Data Science and Research
Senior,Full-time,120250,United Kingdom,M,Data Science and Research
Entry-level,Full-time,26992,Germany,L,Data Engineering
Entry-level,Full-time,180000,United States,M,Data Science and Research
Mid-level,Full-time,85000,United States,M,Data Science and Research
Mid-level,Full-time,70000,United States,M,Data Science and Research
Senior,Full-time,135000,United States,M,BI and Visualization
Senior,Full-time,100000,United States,M,BI and Visualization
Executive,Full-time,155000,United States,M,Leadership and Management
Executive,Full-time,140000,United States,M,Leadership and Management
Senior,Full-time,204500,United States,M,Machine Learning and AI
Senior,Full-time,142200,United States,M,Machine Learning and AI
Senior,Full-time,226700,United States,M,Data Engineering
Senior,Full-time,133300,United States,M,Data Engineering
Senior,Full-time,225000,United States,M,Data Science and Research
Senior,Full-time,156400,United States,M,Data Science and Research
Senior,Full-time,163800,United States,M,Data Engineering
Senior,Full-time,126000,United States,M,Data Engineering
Senior,Full-time,163800,United States,M,Machine Learning and AI
Senior,Full-time,126000,United States,M,Machine Learning and AI
Senior,Full-time,220000,United States,M,Machine Learning and AI
Senior,Full-time,150000,United States,M,Machine Learning and AI
Senior,Full-time,145000,United States,M,Data Engineering
Senior,Full-time,115000,United States,M,Data Engineering
Senior,Full-time,204500,United States,M,Leadership and Management
Senior,Full-time,138900,United States,M,Leadership and Management
Mid-level,Full-time,162500,United States,M,Data Engineering
Mid-level,Full-time,130000,United States,M,Data Engineering
Senior,Full-time,150000,United States,M,Data Engineering
Senior,Full-time,107000,United States,M,Data Engineering
Executive,Full-time,175000,United States,M,Data Engineering
Executive,Full-time,110000,United States,M,Data Engineering
Senior,Full-time,226700,United States,M,Data Engineering
Senior,Full-time,133300,United States,M,Data Engineering
Senior,Full-time,252000,United States,M,Data Engineering
Senior,Full-time,129000,United States,M,Data Engineering
Senior,Full-time,150000,United States,M,Machine Learning and AI
Senior,Full-time,125000,United States,M,Machine Learning and AI
Senior,Full-time,252000,United States,M,Data Engineering
Senior,Full-time,129000,United States,M,Data Engineering
Senior,Full-time,225000,United States,M,Data Science and Research
Senior,Full-time,156400,United States,M,Data Science and Research
Mid-level,Full-time,23000,India,L,Data Science and Research
Mid-level,Full-time,110000,United States,L,Machine Learning and AI
Senior,Full-time,265000,United States,M,Data Engineering
Senior,Full-time,182750,United States,M,Data Engineering
Mid-level,Full-time,130000,United States,M,Data Analysis
Mid-level,Full-time,100000,United States,M,Data Analysis
Senior,Full-time,153600,United States,M,Data Analysis
Senior,Full-time,106800,United States,M,Data Analysis
Senior,Full-time,137500,United States,M,Data Engineering
Senior,Full-time,81500,United States,M,Data Engineering
Executive,Full-time,314100,United States,M,Data Science and Research
Executive,Full-time,195800,United States,M,Data Science and Research
Senior,Full-time,205000,United States,M,Data Science and Research
Senior,Full-time,180000,United States,M,Data Science and Research
Senior,Full-time,165000,United States,M,Data Science and Research
Senior,Full-time,144000,United States,M,Data Science and Research
Entry-level,Full-time,160000,United States,M,BI and Visualization
Entry-level,Full-time,100000,United States,M,BI and Visualization
Executive,Full-time,200000,United States,M,Data Engineering
Executive,Full-time,145000,United States,M,Data Engineering
Mid-level,Full-time,150000,United States,M,Data Analysis
Mid-level,Full-time,100000,United States,M,Data Analysis
Senior,Full-time,199000,United States,M,Leadership and Management
Senior,Full-time,112000,United States,M,Leadership and Management
Senior,Full-time,105000,United States,M,Data Science and Research
Senior,Full-time,70000,United States,M,Data Science and Research
Entry-level,Full-time,130000,Sweden,S,Data Engineering
Senior,Full-time,180180,United States,M,Data Analysis
Senior,Full-time,106020,United States,M,Data Analysis
Entry-level,Full-time,160000,United States,M,Data Engineering
Entry-level,Full-time,135000,United States,M,Data Engineering
Senior,Full-time,183000,United States,M,Data Science and Research
Senior,Full-time,134000,United States,M,Data Science and Research
Senior,Full-time,220000,United States,M,Machine Learning and AI
Senior,Full-time,150000,United States,M,Machine Learning and AI
Senior,Full-time,350000,United States,L,Data Science and Research
Senior,Full-time,262500,United States,L,Data Science and Research
Senior,Full-time,122000,United States,M,Data Analysis
Senior,Full-time,94000,United States,M,Data Analysis
Senior,Full-time,276000,United States,M,Machine Learning and AI
Senior,Full-time,184000,United States,M,Machine Learning and AI
Executive,Full-time,310000,United States,M,Data Engineering
Executive,Full-time,239000,United States,M,Data Engineering
Senior,Full-time,225000,United States,M,Data Science and Research
Senior,Full-time,156400,United States,M,Data Science and Research
Mid-level,Full-time,180000,United States,M,Machine Learning and AI
Mid-level,Full-time,150000,United States,M,Machine Learning and AI
Senior,Full-time,228000,United States,M,Data Science and Research
Senior,Full-time,152000,United States,M,Data Science and Research
Senior,Full-time,209450,United States,M,Data Science and Research
Senior,Full-time,158677,United States,M,Data Science and Research
Senior,Full-time,175000,United States,M,Data Analysis
Senior,Full-time,145000,United States,M,Data Analysis
Senior,Full-time,240000,United States,M,Data Engineering
Senior,Full-time,170000,United States,M,Data Engineering
Mid-level,Full-time,103200,United States,M,Data Analysis
Mid-level,Full-time,61200,United States,M,Data Analysis
Mid-level,Full-time,155000,United States,L,Data Science and Research
Entry-level,Full-time,66970,Singapore,L,Data Engineering
Senior,Full-time,63701,Estonia,L,Data Science and Research
Senior,Full-time,237000,United States,M,Data Science and Research
Senior,Full-time,145000,United States,M,Data Science and Research
Senior,Full-time,240000,United States,M,Data Science and Research
Senior,Full-time,139000,United States,M,Data Science and Research
Senior,Full-time,174500,United States,M,Data Architecture and Modeling
Senior,Full-time,113000,United States,M,Data Architecture and Modeling
Senior,Full-time,130000,United States,M,Data Analysis
Senior,Full-time,87000,United States,M,Data Analysis
Senior,Full-time,160000,United States,M,Data Analysis
Senior,Full-time,108000,United States,M,Data Analysis
Senior,Full-time,165000,United States,M,Data Engineering
Senior,Full-time,107250,United States,M,Data Engineering
Senior,Full-time,300000,United States,M,Data Engineering
Senior,Full-time,119000,United States,M,Data Engineering
Senior,Full-time,285800,United States,M,Data Science and Research
Senior,Full-time,154600,United States,M,Data Science and Research
Entry-level,Full-time,30000,United States,S,Data Analysis
Mid-level,Full-time,220000,United States,M,Data Science and Research
Mid-level,Full-time,195000,United States,M,Data Science and Research
Senior,Full-time,168400,United States,M,Leadership and Management
Senior,Full-time,105200,United States,M,Leadership and Management
Mid-level,Full-time,206000,United States,M,Data Analysis
Mid-level,Full-time,160000,United States,M,Data Analysis
Senior,Full-time,200000,United States,M,Leadership and Management
Senior,Full-time,175000,United States,M,Leadership and Management
Senior,Full-time,231250,United States,M,Leadership and Management
Senior,Full-time,138750,United States,M,Leadership and Management
Senior,Full-time,153000,Canada,M,Data Engineering
Senior,Full-time,94000,Canada,M,Data Engineering
Senior,Full-time,240500,United States,L,Data Engineering
Senior,Full-time,123700,United States,L,Data Engineering
Senior,Full-time,160000,United States,M,Data Engineering
Senior,Full-time,90000,United States,M,Data Engineering
Entry-level,Full-time,124234,United States,M,Data Science and Research
Entry-level,Full-time,74540,United States,M,Data Science and Research
Mid-level,Full-time,109000,United States,M,Data Analysis
Mid-level,Full-time,79000,United States,M,Data Analysis
Senior,Full-time,84053,France,L,Machine Learning and AI
Mid-level,Full-time,50000,Armenia,S,Machine Learning and AI
Senior,Full-time,275300,United States,M,Data Science and Research
Senior,Full-time,183500,United States,M,Data Science and Research
Senior,Full-time,275300,United States,M,Data Science and Research
Senior,Full-time,183500,United States,M,Data Science and Research
Senior,Full-time,160000,United States,M,Data Analysis
Senior,Full-time,125600,United States,M,Data Analysis
Senior,Full-time,170000,United States,M,Data Engineering
Senior,Full-time,120000,United States,M,Data Engineering
Senior,Full-time,225000,United States,M,Data Engineering
Senior,Full-time,140000,United States,M,Data Engineering
Senior,Full-time,141290,United States,M,Data Analysis
Senior,Full-time,74178,United States,M,Data Analysis
Senior,Full-time,150000,United States,M,Data Science and Research
Senior,Full-time,120000,United States,M,Data Science and Research
Senior,Full-time,85000,United States,M,Data Engineering
Senior,Full-time,75000,United States,M,Data Engineering
Senior,Full-time,220000,United States,M,Data Engineering
Senior,Full-time,160000,United States,M,Data Engineering
Senior,Full-time,205600,United States,M,Data Engineering
Senior,Full-time,107500,United States,M,Data Engineering
Mid-level,Full-time,120000,United States,M,Data Engineering
Mid-level,Full-time,95000,United States,M,Data Engineering
Senior,Full-time,185900,United States,M,Data Engineering
Senior,Full-time,129300,United States,M,Data Engineering
Senior,Full-time,160000,United States,M,Data Engineering
Senior,Full-time,130000,United States,M,Data Engineering
Mid-level,Full-time,250000,United States,M,Data Engineering
Mid-level,Full-time,175000,United States,M,Data Engineering
Senior,Full-time,136000,United States,M,Data Science and Research
Senior,Full-time,104000,United States,M,Data Science and Research
Mid-level,Full-time,80000,United States,M,Data Analysis
Mid-level,Full-time,52500,United States,M,Data Analysis
Senior,Full-time,110000,United States,M,Data Science and Research
Senior,Full-time,84000,United States,M,Data Science and Research
Senior,Full-time,125000,United States,M,BI and Visualization
Senior,Full-time,110000,United States,M,BI and Visualization
Mid-level,Full-time,90000,United States,M,Data Analysis
Mid-level,Full-time,80000,United States,M,Data Analysis
Senior,Full-time,200000,United States,M,Machine Learning and AI
Senior,Full-time,135000,United States,M,Machine Learning and AI
Entry-level,Full-time,48000,United States,L,Data Analysis
Entry-level,Full-time,120000,Bosnia and Herzegovina,S,Machine Learning and AI
Senior,Full-time,130000,United States,M,Data Engineering
Senior,Full-time,75000,United States,M,Data Engineering
Senior,Full-time,252000,United States,M,Data Engineering
Senior,Full-time,129000,United States,M,Data Engineering
Mid-level,Full-time,150000,United States,M,Data Analysis
Mid-level,Full-time,100000,United States,M,Data Analysis
Senior,Full-time,226700,United States,M,Data Engineering
Senior,Full-time,133300,United States,M,Data Engineering
Senior,Full-time,190000,United States,M,Data Science and Research
Senior,Full-time,165000,United States,M,Data Science and Research
Senior,Full-time,170000,United States,M,Data Engineering
Senior,Full-time,150000,United States,M,Data Engineering
Mid-level,Full-time,150000,United States,M,Data Engineering
Mid-level,Full-time,130000,United States,M,Data Engineering
Senior,Full-time,225000,United States,M,Data Science and Research
Senior,Full-time,156400,United States,M,Data Science and Research
Senior,Full-time,200000,United States,S,Machine Learning and AI
Mid-level,Full-time,80000,Kenya,S,Data Science and Research
Senior,Full-time,257000,United States,M,Data Science and Research
Senior,Full-time,134000,United States,M,Data Science and Research
Senior,Full-time,77737,Latvia,M,Data Science and Research
Senior,Full-time,38868,Latvia,M,Data Science and Research
Senior,Full-time,205600,United States,L,Data Engineering
Senior,Full-time,105700,United States,L,Data Engineering
Senior,Full-time,140000,United States,M,BI and Visualization
Senior,Full-time,110000,United States,M,BI and Visualization
Senior,Full-time,299500,United States,M,Data Science and Research
Senior,Full-time,245100,United States,M,Data Science and Research
Senior,Full-time,210000,United States,M,Data Science and Research
Senior,Full-time,151800,United States,M,Data Science and Research
Mid-level,Full-time,53984,Romania,L,Data Science and Research
Senior,Full-time,51824,Spain,M,Data Analysis
Senior,Full-time,41027,Spain,M,Data Analysis
Senior,Full-time,51824,Spain,M,Data Analysis
Senior,Full-time,41027,Spain,M,Data Analysis
Entry-level,Full-time,160000,United States,M,Data Engineering
Entry-level,Full-time,135000,United States,M,Data Engineering
Mid-level,Full-time,120000,United States,M,Data Engineering
Mid-level,Full-time,95000,United States,M,Data Engineering
Senior,Full-time,250000,United States,M,Data Engineering
Senior,Full-time,63000,United States,M,Data Engineering
Senior,Full-time,237000,United States,M,Data Science and Research
Senior,Full-time,145000,United States,M,Data Science and Research
Senior,Full-time,130000,United States,M,Data Science and Research
Senior,Full-time,90000,United States,M,Data Science and Research
Mid-level,Full-time,120000,United States,M,Data Analysis
Mid-level,Full-time,100000,United States,M,Data Analysis
Senior,Full-time,174500,United States,M,Data Architecture and Modeling
Senior,Full-time,113000,United States,M,Data Architecture and Modeling
Mid-level,Full-time,183310,United States,M,Data Science and Research
Mid-level,Full-time,183310,United States,M,Data Science and Research
Senior,Full-time,145000,United States,M,Data Analysis
Senior,Full-time,102500,United States,M,Data Analysis
Senior,Full-time,210000,United States,M,Data Science and Research
Senior,Full-time,185000,United States,M,Data Science and Research
Senior,Full-time,174500,United States,M,Data Architecture and Modeling
Senior,Full-time,113000,United States,M,Data Architecture and Modeling
Senior,Full-time,122000,United States,M,Data Science and Research
Senior,Full-time,94000,United States,M,Data Science and Research
Senior,Full-time,220000,United States,M,Data Science and Research
Senior,Full-time,146000,United States,M,Data Science and Research
Senior,Full-time,300000,United States,M,Data Engineering
Senior,Full-time,130000,United States,M,Data Engineering
Senior,Full-time,145000,United States,M,Data Science and Research
Senior,Full-time,128000,United States,M,Data Science and Research
Senior,Full-time,182000,United States,M,Data Science and Research
Senior,Full-time,140000,United States,M,Data Science and Research
Senior,Full-time,122000,United States,M,Data Engineering
Senior,Full-time,94000,United States,M,Data Engineering
Senior,Full-time,77737,Latvia,M,Machine Learning and AI
Senior,Full-time,38868,Latvia,M,Machine Learning and AI
Executive,Full-time,300000,United States,M,Data Science and Research
Executive,Full-time,200000,United States,M,Data Science and Research
Mid-level,Full-time,135000,United States,M,Data Analysis
Mid-level,Full-time,105500,United States,M,Data Analysis
Senior,Full-time,252000,United States,M,Data Engineering
Senior,Full-time,129000,United States,M,Data Engineering
Mid-level,Full-time,110000,United States,L,Data Science and Research
Senior,Full-time,136000,United States,M,Data Science and Research
Senior,Full-time,104000,United States,M,Data Science and Research
Senior,Full-time,168000,United States,M,Data Science and Research
Senior,Full-time,130000,United States,M,Data Science and Research
Mid-level,Full-time,79976,United Kingdom,M,Data Analysis
Mid-level,Full-time,44356,United Kingdom,M,Data Analysis
Mid-level,Full-time,120000,United States,M,Data Engineering
Mid-level,Full-time,95000,United States,M,Data Engineering
Senior,Full-time,153400,United States,M,Data Science and Research
Senior,Full-time,122700,United States,M,Data Science and Research
Senior,Full-time,185000,United States,M,Data Science and Research
Senior,Full-time,160000,United States,M,Data Science and Research
Senior,Full-time,205000,United States,M,Data Science and Research
Senior,Full-time,185000,United States,M,Data Science and Research
Senior,Full-time,204500,United States,M,Machine Learning and AI
Senior,Full-time,142200,United States,M,Machine Learning and AI
Mid-level,Full-time,145000,United States,M,Machine Learning and AI
Mid-level,Full-time,87000,United States,M,Machine Learning and AI
Entry-level,Full-time,50000,United States,M,Data Science and Research
Senior,Full-time,234100,United States,M,Machine Learning and AI
Senior,Full-time,203500,United States,M,Machine Learning and AI
Senior,Full-time,223800,United States,M,Data Science and Research
Senior,Full-time,172100,United States,M,Data Science and Research
Senior,Full-time,180000,United States,M,Data Science and Research
Senior,Full-time,150000,United States,M,Data Science and Research
Senior,Full-time,232200,United States,M,Data Engineering
Senior,Full-time,167200,United States,M,Data Engineering
Senior,Full-time,197000,United States,M,BI and Visualization
Senior,Full-time,106000,United States,M,BI and Visualization
Senior,Full-time,180000,United States,M,Data Science and Research
Senior,Full-time,145000,United States,M,Data Science and Research
Senior,Full-time,225000,United States,M,Leadership and Management
Senior,Full-time,200000,United States,M,Leadership and Management
Senior,Full-time,170000,United States,M,Data Engineering
Senior,Full-time,114000,United States,M,Data Engineering
Senior,Full-time,291500,United States,M,Data Engineering
Senior,Full-time,180000,United States,M,Data Engineering
Executive,Full-time,196200,United States,M,Data Engineering
Executive,Full-time,150900,United States,M,Data Engineering
Senior,Full-time,168400,United States,M,Data Science and Research
Senior,Full-time,105200,United States,M,Data Science and Research
Mid-level,Full-time,95000,Spain,M,Data Engineering
Mid-level,Full-time,80000,Spain,M,Data Engineering
Mid-level,Full-time,116000,United States,M,Data Analysis
Mid-level,Full-time,72000,United States,M,Data Analysis
Senior,Full-time,207000,United States,M,Leadership and Management
Senior,Full-time,167000,United States,M,Leadership and Management
Senior,Full-time,145000,United States,M,Machine Learning and AI
Senior,Full-time,135000,United States,M,Machine Learning and AI
Mid-level,Full-time,105000,United States,M,Data Engineering
Mid-level,Full-time,70000,United States,M,Data Engineering
Senior,Full-time,180000,United States,M,Data Architecture and Modeling
Senior,Full-time,115000,United States,M,Data Architecture and Modeling
Senior,Full-time,133800,United States,M,Data Engineering
Senior,Full-time,96100,United States,M,Data Engineering
Mid-level,Full-time,120000,United States,M,Data Analysis
Mid-level,Full-time,80000,United States,M,Data Analysis
Senior,Full-time,140000,United States,M,Data Science and Research
Senior,Full-time,100000,United States,M,Data Science and Research
Senior,Full-time,150000,United States,M,Data Science and Research
Senior,Full-time,120000,United States,M,Data Science and Research
Senior,Full-time,140000,United States,M,Cloud and Database
Senior,Full-time,115000,United States,M,Cloud and Database
Senior,Full-time,297300,United States,M,Data Science and Research
Senior,Full-time,198200,United States,M,Data Science and Research
Senior,Full-time,297300,United States,M,Data Science and Research
Senior,Full-time,198200,United States,M,Data Science and Research
Senior,Full-time,202000,United States,M,Data Engineering
Senior,Full-time,135000,United States,M,Data Engineering
Senior,Full-time,110000,United States,M,Data Science and Research
Senior,Full-time,84000,United States,M,Data Science and Research
Mid-level,Full-time,219000,United States,L,Machine Learning and AI
Senior,Full-time,230000,United States,M,Data Science and Research
Senior,Full-time,196000,United States,M,Data Science and Research
Senior,Full-time,140000,United States,M,BI and Visualization
Senior,Full-time,110000,United States,M,BI and Visualization
Mid-level,Full-time,150000,United States,M,Data Analysis
Mid-level,Full-time,100000,United States,M,Data Analysis
Senior,Full-time,160000,United States,M,Data Engineering
Senior,Full-time,110000,United States,M,Data Engineering
Senior,Full-time,185900,United States,M,Data Science and Research
Senior,Full-time,129300,United States,M,Data Science and Research
Senior,Full-time,126100,United States,L,Data Science and Research
Senior,Full-time,72000,United States,L,Data Science and Research
Senior,Full-time,170000,United States,M,Data Engineering
Senior,Full-time,150000,United States,M,Data Engineering
Mid-level,Full-time,175000,United States,M,Machine Learning and AI
Mid-level,Full-time,140000,United States,M,Machine Learning and AI
Senior,Full-time,240500,United States,M,Data Analysis
Senior,Full-time,137500,United States,M,Data Analysis
Mid-level,Full-time,187500,United States,M,Data Science and Research
Mid-level,Full-time,165000,United States,M,Data Science and Research
Mid-level,Full-time,73824,United Kingdom,L,Data Science and Research
Entry-level,Part-time,25216,United States,L,Data Analysis
Senior,Full-time,210000,United States,M,Data Science and Research
Senior,Full-time,165750,United States,M,Data Science and Research
Senior,Full-time,225000,United States,M,Machine Learning and AI
Senior,Full-time,165750,United States,M,Machine Learning and AI
Mid-level,Full-time,110367,United Kingdom,M,Machine Learning and AI
Mid-level,Full-time,67979,United Kingdom,M,Machine Learning and AI
Senior,Full-time,135000,United States,M,Data Science and Research
Senior,Full-time,115000,United States,M,Data Science and Research
Senior,Full-time,275000,United States,M,Machine Learning and AI
Senior,Full-time,175000,United States,M,Machine Learning and AI
Senior,Full-time,170000,United States,M,Data Science and Research
Senior,Full-time,140000,United States,M,Data Science and Research
Senior,Full-time,175308,United States,M,Data Engineering
Senior,Full-time,100706,United States,M,Data Engineering
Senior,Full-time,235000,United States,M,Machine Learning and AI
Senior,Full-time,135000,United States,M,Machine Learning and AI
Senior,Full-time,310000,United States,M,Data Engineering
Senior,Full-time,229000,United States,M,Data Engineering
Senior,Full-time,289076,United States,M,Machine Learning and AI
Senior,Full-time,202353,United States,M,Machine Learning and AI
Senior,Full-time,70179,Portugal,M,Data Engineering
Senior,Full-time,37788,Portugal,M,Data Engineering
Mid-level,Full-time,120000,United States,M,Data Science and Research
Mid-level,Full-time,100000,United States,M,Data Science and Research
Senior,Full-time,226700,United States,M,Data Engineering
Senior,Full-time,133300,United States,M,Data Engineering
Senior,Full-time,125000,United States,M,Data Analysis
Senior,Full-time,85000,United States,M,Data Analysis
Senior,Full-time,130000,United States,M,Data Analysis
Senior,Full-time,80000,United States,M,Data Analysis
Mid-level,Full-time,120000,United States,M,Data Engineering
Mid-level,Full-time,100000,United States,M,Data Engineering
Senior,Full-time,231250,United States,M,Data Engineering
Senior,Full-time,138750,United States,M,Data Engineering
Senior,Full-time,199000,United States,M,Data Engineering
Senior,Full-time,162000,United States,M,Data Engineering
Entry-level,Full-time,160000,United States,M,Data Engineering
Entry-level,Full-time,135000,United States,M,Data Engineering
Entry-level,Full-time,100000,United States,M,Data Science and Research
Senior,Full-time,200000,United States,M,Data Science and Research
Senior,Full-time,150000,United States,M,Data Science and Research
Entry-level,Full-time,160000,United States,M,Data Science and Research
Entry-level,Full-time,120000,United States,M,Data Science and Research
Senior,Full-time,250000,United States,M,Data Science and Research
Senior,Full-time,200000,United States,M,Data Science and Research
Entry-level,Full-time,150000,United States,M,Machine Learning and AI
Entry-level,Full-time,120000,United States,M,Machine Learning and AI
Senior,Full-time,150000,United States,M,Data Science and Research
Senior,Full-time,100000,United States,M,Data Science and Research
Senior,Full-time,133000,Netherlands,L,Leadership and Management
Senior,Full-time,272550,United States,M,Data Science and Research
Senior,Full-time,198200,United States,M,Data Science and Research
Senior,Full-time,182000,United States,M,Data Science and Research
Senior,Full-time,140000,United States,M,Data Science and Research
Senior,Full-time,200000,United States,M,Data Engineering
Senior,Full-time,160000,United States,M,Data Engineering
Senior,Full-time,204500,United States,M,Machine Learning and AI
Senior,Full-time,142200,United States,M,Machine Learning and AI
Mid-level,Full-time,120000,United States,M,Data Science and Research
Mid-level,Full-time,105000,United States,M,Data Science and Research
Senior,Full-time,187500,United States,M,Data Engineering
Senior,Full-time,175000,United States,M,Data Engineering
Senior,Full-time,204500,United States,M,Machine Learning and AI
Senior,Full-time,142200,United States,M,Machine Learning and AI
Senior,Full-time,155000,United States,M,Data Analysis
Senior,Full-time,64000,United States,M,Data Analysis
Senior,Full-time,235000,United States,M,Machine Learning and AI
Senior,Full-time,185000,United States,M,Machine Learning and AI
Senior,Full-time,174500,United States,M,Data Architecture and Modeling
Senior,Full-time,113000,United States,M,Data Architecture and Modeling
Senior,Full-time,143100,Canada,M,Data Science and Research
Senior,Full-time,113000,Canada,M,Data Science and Research
Senior,Full-time,184000,United States,M,Data Science and Research
Senior,Full-time,142000,United States,M,Data Science and Research
Senior,Full-time,140000,United States,M,Data Science and Research
Senior,Full-time,120000,United States,M,Data Science and Research
Senior,Full-time,174500,United States,M,Data Architecture and Modeling
Senior,Full-time,113000,United States,M,Data Architecture and Modeling
Senior,Full-time,180560,United States,M,Data Science and Research
Senior,Full-time,115440,United States,M,Data Science and Research
Senior,Full-time,140000,United States,M,Data Science and Research
Senior,Full-time,120000,United States,M,Data Science and Research
Senior,Full-time,248100,United States,M,Data Science and Research
Senior,Full-time,145900,United States,M,Data Science and Research
Senior,Full-time,120000,Canada,M,Data Science and Research
Senior,Full-time,110000,Canada,M,Data Science and Research
Senior,Full-time,291500,United States,M,Data Engineering
Senior,Full-time,180000,United States,M,Data Engineering
Mid-level,Full-time,76284,United Kingdom,M,Machine Learning and AI
Mid-level,Full-time,63980,United Kingdom,M,Machine Learning and AI
Senior,Full-time,161800,United States,M,Data Engineering
Senior,Full-time,141600,United States,M,Data Engineering
Mid-level,Full-time,59059,United Kingdom,M,Machine Learning and AI
Mid-level,Full-time,46755,United Kingdom,M,Machine Learning and AI
Senior,Full-time,166000,United States,M,Data Engineering
Senior,Full-time,128000,United States,M,Data Engineering
Senior,Full-time,170000,United States,M,Data Architecture and Modeling
Senior,Full-time,110000,United States,M,Data Architecture and Modeling
Senior,Full-time,160000,United States,M,Data Engineering
Senior,Full-time,75000,United States,M,Data Engineering
Senior,Full-time,236000,United States,M,Data Engineering
Senior,Full-time,182000,United States,M,Data Engineering
Entry-level,Full-time,130000,United States,M,Data Science and Research
Mid-level,Full-time,150000,United States,M,Data Analysis
Mid-level,Full-time,100000,United States,M,Data Analysis
Senior,Full-time,261500,United States,L,Machine Learning and AI
Senior,Full-time,134500,United States,L,Machine Learning and AI
Mid-level,Full-time,130000,United States,M,Data Science and Research
Mid-level,Full-time,90000,United States,M,Data Science and Research
Entry-level,Full-time,160000,United States,M,Data Engineering
Entry-level,Full-time,135000,United States,M,Data Engineering
Senior,Full-time,125000,United States,L,Leadership and Management
Senior,Full-time,175000,United States,M,Data Engineering
Senior,Full-time,155000,United States,M,Data Engineering
Senior,Full-time,153600,United States,M,Data Engineering
Senior,Full-time,106800,United States,M,Data Engineering
Senior,Full-time,150000,United States,M,Data Science and Research
Senior,Full-time,140000,United States,M,Data Science and Research
Senior,Full-time,122000,United States,M,Data Science and Research
Senior,Full-time,94500,United States,M,Data Science and Research
Senior,Full-time,170000,United States,M,Data Engineering
Senior,Full-time,130000,United States,M,Data Engineering
Senior,Full-time,145000,United States,M,Data Science and Research
Senior,Full-time,128000,United States,M,Data Science and Research
Senior,Full-time,145000,United States,M,Data Engineering
Senior,Full-time,100000,United States,M,Data Engineering
Senior,Full-time,175000,United States,M,Data Engineering
Senior,Full-time,120000,United States,M,Data Engineering
Senior,Full-time,145000,United States,M,Data Engineering
Senior,Full-time,115000,United States,M,Data Engineering
Senior,Full-time,150000,United States,M,Machine Learning and AI
Mid-level,Full-time,150000,United States,M,Data Analysis
Mid-level,Full-time,100000,United States,M,Data Analysis
Mid-level,Full-time,150000,United States,M,Data Science and Research
Mid-level,Full-time,127500,United States,M,Data Science and Research
Senior,Full-time,126500,United States,M,Data Science and Research
Senior,Full-time,51000,United States,M,Data Science and Research
Mid-level,Full-time,260000,United States,M,Data Engineering
Mid-level,Full-time,175000,United States,M,Data Engineering
Entry-level,Full-time,40000,Pakistan,M,Data Science and Research
Entry-level,Full-time,40000,Australia,M,Machine Learning and AI
Senior,Full-time,250000,United States,M,Data Engineering
Senior,Full-time,63000,United States,M,Data Engineering
Senior,Full-time,210000,United States,M,Machine Learning and AI
Senior,Full-time,160000,United States,M,Machine Learning and AI
Senior,Full-time,272550,United States,M,Data Science and Research
Senior,Full-time,198200,United States,M,Data Science and Research
Mid-level,Full-time,94560,France,M,Data Science and Research
Mid-level,Full-time,52533,France,M,Data Science and Research
Senior,Full-time,220000,United States,M,Data Science and Research
Senior,Full-time,146000,United States,M,Data Science and Research
Mid-level,Full-time,150000,United States,M,Data Analysis
Mid-level,Full-time,100000,United States,M,Data Analysis
Senior,Full-time,248400,Canada,M,Machine Learning and AI
Senior,Full-time,183600,Canada,M,Machine Learning and AI
Mid-level,Full-time,150000,United States,M,Data Engineering
Mid-level,Full-time,150000,United States,M,Data Engineering
Entry-level,Full-time,40000,Australia,M,Machine Learning and AI
Mid-level,Full-time,120000,United States,M,Data Engineering
Mid-level,Full-time,95000,United States,M,Data Engineering
Entry-level,Full-time,160000,United States,M,Data Engineering
Entry-level,Full-time,135000,United States,M,Data Engineering
Entry-level,Full-time,24165,Italy,M,Data Science and Research
Senior,Full-time,216000,United States,M,Data Engineering
Senior,Full-time,144000,United States,M,Data Engineering
Entry-level,Full-time,85000,United States,M,Data Engineering
Entry-level,Full-time,65000,United States,M,Data Engineering
Senior,Full-time,149000,United States,M,Data Analysis
Senior,Full-time,119000,United States,M,Data Analysis
Senior,Full-time,140000,United States,M,Data Science and Research
Senior,Full-time,120000,United States,M,Data Science and Research
Mid-level,Full-time,150000,United States,M,Data Science and Research
Mid-level,Full-time,110000,United States,M,Data Science and Research
Senior,Full-time,246000,United States,M,Machine Learning and AI
Senior,Full-time,201000,United States,M,Machine Learning and AI
Senior,Full-time,190000,United States,M,Data Science and Research
Senior,Full-time,155000,United States,M,Data Science and Research
Senior,Full-time,235000,United States,M,Machine Learning and AI
Senior,Full-time,185000,United States,M,Machine Learning and AI
Senior,Full-time,190000,United States,M,Cloud and Database
Senior,Full-time,160000,United States,M,Cloud and Database
Entry-level,Full-time,100000,United States,M,Data Analysis
Mid-level,Full-time,130000,United States,M,Data Engineering
Mid-level,Full-time,115000,United States,M,Data Engineering
Mid-level,Full-time,92350,United Kingdom,M,Data Science and Research
Mid-level,Full-time,67723,United Kingdom,M,Data Science and Research
Mid-level,Full-time,105000,United States,M,Data Engineering
Mid-level,Full-time,70000,United States,M,Data Engineering
Senior,Full-time,204500,United States,M,Machine Learning and AI
Senior,Full-time,142200,United States,M,Machine Learning and AI
Senior,Full-time,192000,United States,M,Machine Learning and AI
Senior,Full-time,164000,United States,M,Machine Learning and AI
Senior,Full-time,185900,United States,M,Data Engineering
Senior,Full-time,129300,United States,M,Data Engineering
Senior,Full-time,130000,United States,M,Data Engineering
Senior,Full-time,75000,United States,M,Data Engineering
Senior,Full-time,175000,United States,M,Data Science and Research
Senior,Full-time,120000,United States,M,Data Science and Research
Senior,Full-time,167500,United States,M,Data Engineering
Senior,Full-time,106500,United States,M,Data Engineering
Mid-level,Full-time,75000,United States,M,Data Analysis
Mid-level,Full-time,60000,United States,M,Data Analysis
Senior,Full-time,184000,United States,M,Data Science and Research
Senior,Full-time,142000,United States,M,Data Science and Research
Mid-level,Full-time,145000,United States,M,Data Science and Research
Mid-level,Full-time,100000,United States,M,Data Science and Research
Mid-level,Full-time,44365,Poland,S,Machine Learning and AI
Senior,Full-time,175000,United States,M,Data Engineering
Senior,Full-time,120000,United States,M,Data Engineering
Senior,Full-time,175000,United States,M,Data Engineering
Senior,Full-time,120000,United States,M,Data Engineering
Executive,Full-time,200000,United States,M,Data Engineering
Executive,Full-time,145000,United States,M,Data Engineering
Mid-level,Full-time,92350,United Kingdom,M,Data Engineering
Mid-level,Full-time,73880,United Kingdom,M,Data Engineering
Senior,Full-time,145000,United States,M,Data Engineering
Senior,Full-time,100000,United States,M,Data Engineering
Senior,Full-time,192000,United States,M,Data Science and Research
Senior,Full-time,164000,United States,M,Data Science and Research
Executive,Full-time,310000,United States,M,Data Engineering
Executive,Full-time,239000,United States,M,Data Engineering
Senior,Full-time,120000,United States,M,Data Analysis
Senior,Full-time,95000,United States,M,Data Analysis
Senior,Full-time,145000,United States,M,Machine Learning and AI
Senior,Full-time,135000,United States,M,Machine Learning and AI
Senior,Full-time,100000,United States,M,Data Engineering
Senior,Full-time,78000,United States,M,Data Engineering
Senior,Full-time,73546,Spain,M,Data Engineering
Senior,Full-time,36773,Spain,M,Data Engineering
Mid-level,Full-time,160000,United States,M,Data Engineering
Mid-level,Full-time,120000,United States,M,Data Engineering
Senior,Full-time,190000,United States,M,Data Science and Research
Senior,Full-time,150000,United States,M,Data Science and Research
Senior,Full-time,125000,Colombia,L,Machine Learning and AI
Senior,Full-time,120000,United States,M,Data Engineering
Senior,Full-time,95000,United States,M,Data Engineering
Mid-level,Full-time,150000,United States,M,Data Analysis
Mid-level,Full-time,100000,United States,M,Data Analysis
Senior,Full-time,47280,Spain,M,Data Science and Research
Senior,Full-time,37824,Spain,M,Data Science and Research
Senior,Full-time,115934,United States,M,Data Analysis
Senior,Full-time,81666,United States,M,Data Analysis
Senior,Full-time,175000,United States,M,Data Science and Research
Senior,Full-time,140000,United States,M,Data Science and Research
Senior,Full-time,120000,United States,M,Data Engineering
Senior,Full-time,95000,United States,M,Data Engineering
Senior,Full-time,249500,United States,M,Data Science and Research
Senior,Full-time,149850,United States,M,Data Science and Research
Mid-level,Full-time,122500,United States,M,Leadership and Management
Mid-level,Full-time,100000,United States,M,Leadership and Management
Senior,Full-time,249500,United States,M,Data Science and Research
Senior,Full-time,149850,United States,M,Data Science and Research
Entry-level,Full-time,55000,United States,M,Data Analysis
Entry-level,Full-time,48000,United States,M,Data Analysis
Senior,Full-time,249500,United States,M,Data Science and Research
Senior,Full-time,149850,United States,M,Data Science and Research
Mid-level,Full-time,58837,France,S,Machine Learning and AI
Senior,Full-time,190000,United States,M,Data Engineering
Senior,Full-time,120000,United States,M,Data Engineering
Senior,Full-time,127000,United States,M,Data Analysis
Senior,Full-time,104000,United States,M,Data Analysis
Senior,Full-time,210000,United States,M,Data Science and Research
Senior,Full-time,150000,United States,M,Data Science and Research
Senior,Full-time,210000,United States,M,Machine Learning and AI
Senior,Full-time,150000,United States,M,Machine Learning and AI
Senior,Full-time,210000,United States,M,Data Engineering
Senior,Full-time,130000,United States,M,Data Engineering
Senior,Full-time,182750,United States,M,Data Science and Research
Senior,Full-time,161500,United States,M,Data Science and Research
Mid-level,Full-time,102640,United States,M,Data Analysis
Mid-level,Full-time,66100,United States,M,Data Analysis
Senior,Full-time,210000,United States,M,Data Science and Research
Senior,Full-time,150000,United States,M,Data Science and Research
Senior,Full-time,198800,United States,M,Data Engineering
Senior,Full-time,122600,United States,M,Data Engineering
Mid-level,Full-time,130000,United States,M,Data Engineering
Mid-level,Full-time,80000,United States,M,Data Engineering
Senior,Full-time,136000,United States,M,Data Science and Research
Senior,Full-time,104000,United States,M,Data Science and Research
Senior,Full-time,150000,United States,M,Data Analysis
Senior,Full-time,100000,United States,M,Data Analysis
Entry-level,Full-time,160000,United States,M,Data Engineering
Entry-level,Full-time,135000,United States,M,Data Engineering
Senior,Full-time,216000,United States,M,Data Engineering
Senior,Full-time,144000,United States,M,Data Engineering
Executive,Full-time,159000,United States,M,Data Science and Research
Executive,Full-time,130000,United States,M,Data Science and Research
Senior,Full-time,115934,United States,M,Data Analysis
Senior,Full-time,81666,United States,M,Data Analysis
Senior,Full-time,215000,United States,M,Data Engineering
Senior,Full-time,150000,United States,M,Data Engineering
Senior,Full-time,246000,United States,M,Machine Learning and AI
Senior,Full-time,201000,United States,M,Machine Learning and AI
Mid-level,Full-time,187000,United States,M,Data Engineering
Mid-level,Full-time,153000,United States,M,Data Engineering
Senior,Full-time,255000,Mexico,M,Machine Learning and AI
Senior,Full-time,185000,Mexico,M,Machine Learning and AI
Mid-level,Full-time,430967,United Kingdom,M,Data Analysis
Mid-level,Full-time,55410,United Kingdom,M,Data Analysis
Senior,Full-time,50432,Spain,M,Data Analysis
Senior,Full-time,39925,Spain,M,Data Analysis
Senior,Full-time,169000,United States,M,Data Analysis
Senior,Full-time,110600,United States,M,Data Analysis
Entry-level,Full-time,60938,Germany,L,Data Analysis
Senior,Full-time,140000,United States,M,BI and Visualization
Senior,Full-time,120000,United States,M,BI and Visualization
Mid-level,Full-time,75000,United States,M,Data Analysis
Mid-level,Full-time,60000,United States,M,Data Analysis
Entry-level,Full-time,50000,United States,L,Data Analysis
Mid-level,Full-time,134000,United States,M,Machine Learning and AI
Mid-level,Full-time,124000,United States,M,Machine Learning and AI
Senior,Full-time,166700,United States,M,Data Analysis
Senior,Full-time,119000,United States,M,Data Analysis
Entry-level,Full-time,124234,United States,M,Data Science and Research
Entry-level,Full-time,74540,United States,M,Data Science and Research
Mid-level,Full-time,100000,United States,M,Data Analysis
Mid-level,Full-time,65000,United States,M,Data Analysis
Entry-level,Full-time,200000,Canada,L,Machine Learning and AI
Senior,Full-time,220000,United States,M,Data Engineering
Senior,Full-time,146000,United States,M,Data Engineering
Senior,Full-time,68293,Spain,M,Data Engineering
Senior,Full-time,36773,Spain,M,Data Engineering
Senior,Full-time,110000,United States,M,Data Management and Strategy
Senior,Full-time,70000,United States,M,Data Management and Strategy
Entry-level,Full-time,50000,United States,L,Data Analysis
Senior,Full-time,120000,United States,M,Data Engineering
Senior,Full-time,95000,United States,M,Data Engineering
Mid-level,Full-time,150000,United States,M,Data Analysis
Mid-level,Full-time,100000,United States,M,Data Analysis
Senior,Full-time,47280,Spain,M,Data Science and Research
Senior,Full-time,37824,Spain,M,Data Science and Research
Senior,Full-time,190000,United States,M,Data Architecture and Modeling
Senior,Full-time,135000,United States,M,Data Architecture and Modeling
Senior,Full-time,128000,United States,M,Data Science and Research
Senior,Full-time,81500,United States,M,Data Science and Research
Senior,Full-time,173000,United States,M,Data Science and Research
Senior,Full-time,110000,United States,M,Data Science and Research
Senior,Full-time,192000,United States,M,Machine Learning and AI
Senior,Full-time,120000,United States,M,Machine Learning and AI
Senior,Full-time,115934,United States,M,Data Analysis
Senior,Full-time,81666,United States,M,Data Analysis
Senior,Full-time,120000,United States,M,Data Analysis
Senior,Full-time,95000,United States,M,Data Analysis
Senior,Full-time,190000,United States,L,Machine Learning and AI
Senior,Full-time,194000,United States,M,Data Engineering
Senior,Full-time,129400,United States,M,Data Engineering
Senior,Full-time,201000,United States,M,Data Analysis
Senior,Full-time,89200,United States,M,Data Analysis
Senior,Full-time,165000,United States,M,Data Science and Research
Senior,Full-time,125000,United States,M,Data Science and Research
Senior,Full-time,230000,United States,M,Data Science and Research
Senior,Full-time,196000,United States,M,Data Science and Research
Mid-level,Full-time,130000,United States,M,Machine Learning and AI
Mid-level,Full-time,90000,United States,M,Machine Learning and AI
Mid-level,Full-time,150000,United States,M,Machine Learning and AI
Mid-level,Full-time,100000,United States,M,Machine Learning and AI
Mid-level,Full-time,230000,United States,M,Machine Learning and AI
Mid-level,Full-time,150000,United States,M,Machine Learning and AI
Senior,Full-time,153600,United States,M,Data Engineering
Senior,Full-time,106800,United States,M,Data Engineering
Mid-level,Full-time,130000,United States,M,Machine Learning and AI
Mid-level,Full-time,100000,United States,M,Machine Learning and AI
Senior,Full-time,216000,United States,M,Data Engineering
Senior,Full-time,144000,United States,M,Data Engineering
Mid-level,Full-time,180000,United States,M,Data Science and Research
Mid-level,Full-time,120000,United States,M,Data Science and Research
Entry-level,Full-time,160000,United States,M,Data Engineering
Entry-level,Full-time,135000,United States,M,Data Engineering
Senior,Full-time,192500,United States,M,Data Analysis
Senior,Full-time,140000,United States,M,Data Analysis
Senior,Full-time,152500,United States,M,Data Engineering
Senior,Full-time,130000,United States,M,Data Engineering
Senior,Full-time,65000,United States,M,Data Analysis
Senior,Full-time,55000,United States,M,Data Analysis
Senior,Full-time,178750,United States,M,Data Engineering
Senior,Full-time,160000,United States,M,Data Engineering
Mid-level,Full-time,63040,France,M,Data Science and Research
Mid-level,Full-time,52533,France,M,Data Science and Research
Mid-level,Full-time,165000,United States,M,Machine Learning and AI
Mid-level,Full-time,135000,United States,M,Machine Learning and AI
Senior,Full-time,170000,United States,M,Leadership and Management
Senior,Full-time,125000,United States,M,Leadership and Management
Senior,Full-time,105000,United States,M,Data Engineering
Senior,Full-time,70000,United States,M,Data Engineering
Senior,Full-time,130000,United States,M,Data Science and Research
Senior,Full-time,95000,United States,M,Data Science and Research
Senior,Full-time,203500,United States,M,Data Science and Research
Senior,Full-time,152000,United States,M,Data Science and Research
Senior,Full-time,197430,United States,M,Data Engineering
Senior,Full-time,134760,United States,M,Data Engineering
Mid-level,Full-time,120000,United States,M,Data Science and Research
Senior,Full-time,197000,United States,M,Data Engineering
Senior,Full-time,99000,United States,M,Data Engineering
Senior,Full-time,220000,United States,M,Data Engineering
Senior,Full-time,162000,United States,M,Data Engineering
Mid-level,Full-time,110446,Lithuania,M,Data Engineering
Mid-level,Full-time,79178,Lithuania,M,Data Engineering
Mid-level,Full-time,70186,United Kingdom,M,Data Science and Research
Mid-level,Full-time,51716,United Kingdom,M,Data Science and Research
Senior,Full-time,149040,United States,M,Data Architecture and Modeling
Senior,Full-time,113900,United States,M,Data Architecture and Modeling
Mid-level,Full-time,95000,United States,M,Data Analysis
Senior,Full-time,115000,United States,S,Data Analysis
Senior,Full-time,171000,Australia,L,Data Analysis
Senior,Full-time,100000,United States,M,Data Engineering
Senior,Full-time,78000,United States,M,Data Engineering
Senior,Full-time,120000,United States,M,Data Engineering
Senior,Full-time,95000,United States,M,Data Engineering
Senior,Full-time,110000,United States,M,Data Management and Strategy
Senior,Full-time,70000,United States,M,Data Management and Strategy
Entry-level,Freelance,50000,United States,S,Leadership and Management
Senior,Full-time,185900,United States,M,Data Science and Research
Senior,Full-time,129300,United States,M,Data Science and Research
Mid-level,Full-time,150000,United States,M,Data Analysis
Mid-level,Full-time,100000,United States,M,Data Analysis
Senior,Full-time,230000,United States,M,Data Engineering
Senior,Full-time,154600,United States,M,Data Engineering
Senior,Full-time,204500,United States,M,Machine Learning and AI
Senior,Full-time,142200,United States,M,Machine Learning and AI
Mid-level,Full-time,160000,United States,M,Data Engineering
Mid-level,Full-time,75000,United States,M,Data Engineering
Senior,Full-time,47280,Spain,M,Data Science and Research
Senior,Full-time,37824,Spain,M,Data Science and Research
Senior,Full-time,213000,United States,M,Data Engineering
Senior,Full-time,152000,United States,M,Data Engineering
Senior,Full-time,140000,United States,M,Data Science and Research
Senior,Full-time,120000,United States,M,Data Science and Research
Senior,Full-time,110000,United States,M,Data Science and Research
Senior,Full-time,70000,United States,M,Data Science and Research
Senior,Full-time,227200,Canada,M,Machine Learning and AI
Senior,Full-time,168000,Canada,M,Machine Learning and AI
Mid-level,Full-time,64090,Germany,M,Data Science and Research
Mid-level,Full-time,60938,Germany,M,Data Science and Research
Senior,Full-time,243000,United States,M,Machine Learning and AI
Senior,Full-time,183000,United States,M,Machine Learning and AI
Senior,Full-time,175000,United States,M,Data Engineering
Senior,Full-time,150000,United States,M,Data Engineering
Mid-level,Full-time,130000,United States,M,Data Science and Research
Mid-level,Full-time,90000,United States,M,Data Science and Research
Mid-level,Full-time,165000,United States,M,Data Analysis
Mid-level,Full-time,124000,United States,M,Data Analysis
Senior,Full-time,178000,Canada,M,Data Engineering
Senior,Full-time,132000,Canada,M,Data Engineering
Senior,Full-time,300000,United States,M,Data Engineering
Senior,Full-time,130000,United States,M,Data Engineering
Senior,Full-time,169000,United States,M,Data Analysis
Senior,Full-time,110600,United States,M,Data Analysis
Senior,Full-time,116000,United States,M,Data Analysis
Senior,Full-time,96000,United States,M,Data Analysis
Senior,Full-time,92350,United Kingdom,M,Data Analysis
Senior,Full-time,70186,United Kingdom,M,Data Analysis
Senior,Full-time,105000,United States,M,Data Analysis
Senior,Full-time,70000,United States,M,Data Analysis
Mid-level,Full-time,105236,Canada,L,Machine Learning and AI
Senior,Full-time,194000,United States,M,Data Engineering
Senior,Full-time,129400,United States,M,Data Engineering
Senior,Full-time,190000,United States,M,Data Architecture and Modeling
Senior,Full-time,135000,United States,M,Data Architecture and Modeling
Senior,Full-time,100000,United States,M,Data Analysis
Senior,Full-time,70000,United States,M,Data Analysis
Entry-level,Full-time,189750,United States,M,Machine Learning and AI
Entry-level,Full-time,140250,United States,M,Machine Learning and AI
Senior,Full-time,130000,United States,M,Data Analysis
Senior,Full-time,100000,United States,M,Data Analysis
Mid-level,Full-time,160000,United States,M,Data Analysis
Mid-level,Full-time,109000,United States,M,Data Analysis
Senior,Full-time,250000,United States,M,Data Science and Research
Senior,Full-time,150000,United States,M,Data Science and Research
Mid-level,Full-time,206000,United States,M,Data Analysis
Mid-level,Full-time,160000,United States,M,Data Analysis
Senior,Full-time,135000,United States,M,Data Engineering
Senior,Full-time,120000,United States,M,Data Engineering
Senior,Full-time,115573,France,M,Machine Learning and AI
Senior,Full-time,73546,France,M,Machine Learning and AI
Entry-level,Full-time,160000,United States,M,Data Engineering
Entry-level,Full-time,135000,United States,M,Data Engineering
Mid-level,Full-time,150000,United States,M,Data Analysis
Mid-level,Full-time,100000,United States,M,Data Analysis
Mid-level,Full-time,120000,United States,M,Data Engineering
Mid-level,Full-time,95000,United States,M,Data Engineering
Senior,Full-time,68293,Spain,M,Data Engineering
Senior,Full-time,42026,Spain,M,Data Engineering
Senior,Full-time,191200,United States,M,Data Engineering
Senior,Full-time,130000,United States,M,Data Engineering
Senior,Full-time,191200,United States,M,Data Engineering
Senior,Full-time,130000,United States,M,Data Engineering
Entry-level,Full-time,66192,Germany,L,Data Science and Research
Senior,Full-time,230000,United States,L,Data Engineering
Senior,Full-time,154600,United States,L,Data Engineering
Senior,Full-time,120000,United States,M,Data Engineering
Senior,Full-time,95000,United States,M,Data Engineering
Senior,Full-time,140000,United States,M,Data Science and Research
Senior,Full-time,120000,United States,M,Data Science and Research
Senior,Full-time,169000,United States,M,Data Analysis
Senior,Full-time,110600,United States,M,Data Analysis
Mid-level,Full-time,80000,United States,L,Data Analysis
Senior,Full-time,185900,United States,M,Data Engineering
Senior,Full-time,129300,United States,M,Data Engineering
Senior,Full-time,135000,United States,M,Leadership and Management
Senior,Full-time,110000,United States,M,Leadership and Management
Mid-level,Full-time,155000,United States,M,Leadership and Management
Mid-level,Full-time,140000,United States,M,Leadership and Management
Senior,Full-time,205000,United States,M,Data Engineering
Senior,Full-time,150000,United States,M,Data Engineering
Senior,Full-time,179500,United States,M,Data Engineering
Senior,Full-time,134000,United States,M,Data Engineering
Mid-level,Full-time,180000,United States,M,Data Science and Research
Mid-level,Full-time,120000,United States,M,Data Science and Research
Senior,Full-time,185900,United States,M,Data Science and Research
Senior,Full-time,129300,United States,M,Data Science and Research
Senior,Full-time,175000,United States,M,Data Science and Research
Senior,Full-time,145000,United States,M,Data Science and Research
Senior,Full-time,235000,United States,M,Data Architecture and Modeling
Senior,Full-time,175000,United States,M,Data Architecture and Modeling
Entry-level,Full-time,27317,Spain,L,Data Science and Research
Mid-level,Full-time,160000,United States,M,Data Engineering
Mid-level,Full-time,90000,United States,M,Data Engineering
Senior,Full-time,68293,Spain,M,Data Engineering
Senior,Full-time,36773,Spain,M,Data Engineering
Senior,Full-time,145000,United States,M,Data Engineering
Senior,Full-time,115000,United States,M,Data Engineering
Mid-level,Full-time,165000,United States,M,Data Management and Strategy
Mid-level,Full-time,135000,United States,M,Data Management and Strategy
Senior,Full-time,168400,United States,M,Data Engineering
Senior,Full-time,105200,United States,M,Data Engineering
Mid-level,Full-time,86193,United Kingdom,M,Machine Learning and AI
Mid-level,Full-time,49253,United Kingdom,M,Machine Learning and AI
Senior,Full-time,200000,United States,M,Data Engineering
Senior,Full-time,160000,United States,M,Data Engineering
Senior,Full-time,47280,Spain,M,Data Science and Research
Senior,Full-time,37824,Spain,M,Data Science and Research
Senior,Full-time,198800,United States,M,Data Science and Research
Senior,Full-time,122600,United States,M,Data Science and Research
Entry-level,Freelance,100000,"Iran, Islamic Republic of",M,Machine Learning and AI
Mid-level,Full-time,105066,France,M,Data Analysis
Senior,Full-time,130000,United States,M,Data Analysis
Senior,Full-time,100000,United States,M,Data Analysis
Mid-level,Full-time,104663,United Kingdom,M,Leadership and Management
Mid-level,Full-time,73880,United Kingdom,M,Leadership and Management
Senior,Full-time,125000,United States,M,Data Engineering
Senior,Full-time,110000,United States,M,Data Engineering
Mid-level,Full-time,165000,United States,M,Data Analysis
Mid-level,Full-time,124000,United States,M,Data Analysis
Senior,Full-time,148000,United States,M,Data Science and Research
Senior,Full-time,107000,United States,M,Data Science and Research
Mid-level,Full-time,150000,United States,M,Data Analysis
Mid-level,Full-time,100000,United States,M,Data Analysis
Entry-level,Full-time,160000,United States,M,Data Engineering
Entry-level,Full-time,135000,United States,M,Data Engineering
Mid-level,Full-time,120000,United States,M,Data Engineering
Mid-level,Full-time,95000,United States,M,Data Engineering
Senior,Full-time,153600,United States,M,Data Engineering
Senior,Full-time,106800,United States,M,Data Engineering
Mid-level,Full-time,100000,Canada,M,Data Analysis
Mid-level,Full-time,65000,Canada,M,Data Analysis
Mid-level,Full-time,120000,United States,M,Data Engineering
Mid-level,Full-time,95000,United States,M,Data Engineering
Senior,Full-time,63040,Portugal,M,Data Engineering
Senior,Full-time,36773,Portugal,M,Data Engineering
Executive,Full-time,310000,United States,M,Data Engineering
Executive,Full-time,239000,United States,M,Data Engineering
Senior,Full-time,299500,United States,M,Data Science and Research
Senior,Full-time,245100,United States,M,Data Science and Research
Senior,Full-time,168000,United States,M,Data Science and Research
Senior,Full-time,130000,United States,M,Data Science and Research
Senior,Full-time,136000,United States,M,Data Science and Research
Senior,Full-time,104000,United States,M,Data Science and Research
Mid-level,Full-time,161000,United States,M,Data Engineering
Mid-level,Full-time,118000,United States,M,Data Engineering
Senior,Full-time,205000,United States,M,Data Science and Research
Senior,Full-time,184000,United States,M,Data Science and Research
Senior,Full-time,185900,United States,M,Data Science and Research
Senior,Full-time,129300,United States,M,Data Science and Research
Senior,Full-time,247500,United States,M,Data Science and Research
Senior,Full-time,172200,United States,M,Data Science and Research
Senior,Full-time,68293,Italy,L,Data Management and Strategy
Senior,Full-time,177000,United States,M,Data Analysis
Senior,Full-time,131000,United States,M,Data Analysis
Senior,Full-time,205000,United States,M,Data Science and Research
Senior,Full-time,184000,United States,M,Data Science and Research
Senior,Full-time,146000,United States,M,Data Engineering
Senior,Full-time,102000,United States,M,Data Engineering
Senior,Full-time,169000,United States,M,Data Analysis
Senior,Full-time,110600,United States,M,Data Analysis
Senior,Full-time,230000,United States,M,Data Science and Research
Senior,Full-time,196000,United States,M,Data Science and Research
Senior,Full-time,135000,United States,M,Data Engineering
Senior,Full-time,100000,United States,M,Data Engineering
Mid-level,Full-time,80000,United States,M,Data Engineering
Mid-level,Full-time,65000,United States,M,Data Engineering
Senior,Full-time,135000,United States,M,Data Engineering
Senior,Full-time,100000,United States,M,Data Engineering
Senior,Full-time,61566,United Kingdom,M,Data Engineering
Senior,Full-time,43096,United Kingdom,M,Data Engineering
Mid-level,Full-time,175000,United States,M,Data Engineering
Mid-level,Full-time,135000,United States,M,Data Engineering
Entry-level,Full-time,80000,United States,M,Data Science and Research
Senior,Full-time,231250,United States,M,Data Engineering
Senior,Full-time,138750,United States,M,Data Engineering
Senior,Full-time,193750,United States,M,Leadership and Management
Senior,Full-time,116250,United States,M,Leadership and Management
Senior,Full-time,231250,United States,M,Data Engineering
Senior,Full-time,138750,United States,M,Data Engineering
Senior,Full-time,231250,United States,M,Leadership and Management
Senior,Full-time,138750,United States,M,Leadership and Management
Senior,Full-time,231250,United States,M,Leadership and Management
Senior,Full-time,138750,United States,M,Leadership and Management
Senior,Full-time,193750,United States,M,Data Engineering
Senior,Full-time,116250,United States,M,Data Engineering
Senior,Full-time,208000,United States,M,Data Science and Research
Senior,Full-time,127000,United States,M,Data Science and Research
Senior,Full-time,300000,United States,M,Data Science and Research
Senior,Full-time,196000,United States,M,Data Science and Research
Senior,Full-time,204500,United States,M,Machine Learning and AI
Senior,Full-time,142200,United States,M,Machine Learning and AI
Mid-level,Freelance,45555,Bahamas,M,Machine Learning and AI
Senior,Full-time,185900,United States,M,Data Engineering
Senior,Full-time,129300,United States,M,Data Engineering
Senior,Full-time,47280,Spain,M,Data Science and Research
Senior,Full-time,37824,Spain,M,Data Science and Research
Senior,Full-time,204500,United States,M,Machine Learning and AI
Senior,Full-time,142200,United States,M,Machine Learning and AI
Senior,Full-time,205000,United States,M,Data Science and Research
Senior,Full-time,185000,United States,M,Data Science and Research
Senior,Full-time,185900,United States,M,Data Science and Research
Senior,Full-time,129300,United States,M,Data Science and Research
Senior,Full-time,247500,United States,M,Machine Learning and AI
Senior,Full-time,172200,United States,M,Machine Learning and AI
Entry-level,Full-time,160000,United States,M,Data Engineering
Entry-level,Full-time,135000,United States,M,Data Engineering
Mid-level,Full-time,150000,United States,M,Data Analysis
Mid-level,Full-time,100000,United States,M,Data Analysis
Senior,Full-time,110000,United States,M,Data Analysis
Senior,Full-time,95000,United States,M,Data Analysis
Senior,Full-time,185900,United States,M,Data Science and Research
Senior,Full-time,129300,United States,M,Data Science and Research
Senior,Full-time,205000,United States,M,Data Science and Research
Senior,Full-time,184000,United States,M,Data Science and Research
Senior,Full-time,375000,United States,L,Data Science and Research
Senior,Full-time,191200,United States,M,Data Engineering
Senior,Full-time,130000,United States,M,Data Engineering
Senior,Full-time,225000,United States,M,Data Science and Research
Senior,Full-time,156400,United States,M,Data Science and Research
Senior,Full-time,169000,United States,M,Data Analysis
Senior,Full-time,110600,United States,M,Data Analysis
Senior,Full-time,204500,United States,M,Machine Learning and AI
Senior,Full-time,142200,United States,M,Machine Learning and AI
Mid-level,Full-time,104663,United Kingdom,M,Machine Learning and AI
Mid-level,Full-time,80036,United Kingdom,M,Machine Learning and AI
Senior,Full-time,185900,United States,M,Data Science and Research
Senior,Full-time,129300,United States,M,Data Science and Research
Senior,Full-time,140700,United States,M,Data Science and Research
Senior,Full-time,93800,United States,M,Data Science and Research
Senior,Full-time,350000,United States,M,Data Science and Research
Senior,Full-time,135000,United States,M,Data Science and Research
Senior,Full-time,115934,United States,M,Data Analysis
Senior,Full-time,81666,United States,M,Data Analysis
Mid-level,Full-time,104697,Switzerland,L,Machine Learning and AI
Entry-level,Full-time,33000,Germany,S,Machine Learning and AI
Entry-level,Full-time,34672,Germany,S,Machine Learning and AI
Senior,Full-time,201000,United States,M,Machine Learning and AI
Senior,Full-time,119000,United States,M,Machine Learning and AI
Senior,Full-time,175000,United States,M,Data Engineering
Senior,Full-time,150000,United States,M,Data Engineering
Senior,Full-time,154560,United States,M,Data Analysis
Senior,Full-time,123648,United States,M,Data Analysis
Senior,Full-time,130000,United States,M,Data Analysis
Senior,Full-time,100000,United States,M,Data Analysis
Mid-level,Full-time,170000,United States,M,Data Engineering
Mid-level,Full-time,145000,United States,M,Data Engineering
Senior,Full-time,135000,United States,M,Data Engineering
Senior,Full-time,100000,United States,M,Data Engineering
Senior,Full-time,247500,United States,M,Data Science and Research
Senior,Full-time,172200,United States,M,Data Science and Research
Senior,Full-time,177500,United States,M,Data Science and Research
Senior,Full-time,134000,United States,M,Data Science and Research
Senior,Full-time,185900,United States,M,Data Science and Research
Senior,Full-time,129300,United States,M,Data Science and Research
Senior,Full-time,192564,United States,M,Data Architecture and Modeling
Senior,Full-time,144854,United States,M,Data Architecture and Modeling
Senior,Full-time,130000,United States,M,Data Analysis
Senior,Full-time,105000,United States,M,Data Analysis
Senior,Full-time,179305,United States,M,Data Engineering
Senior,Full-time,142127,United States,M,Data Engineering
Senior,Full-time,315000,United States,M,Data Engineering
Senior,Full-time,225000,United States,M,Data Engineering
Senior,Full-time,243900,United States,M,Data Science and Research
Senior,Full-time,156600,United States,M,Data Science and Research
Mid-level,Full-time,206000,United States,M,Data Analysis
Mid-level,Full-time,160000,United States,M,Data Analysis
Mid-level,Full-time,109000,United States,M,Data Analysis
Mid-level,Full-time,79000,United States,M,Data Analysis
Mid-level,Full-time,160000,United States,M,Data Analysis
Mid-level,Full-time,109000,United States,M,Data Analysis
Mid-level,Full-time,89306,Austria,L,Data Science and Research
Senior,Full-time,182500,United States,M,Data Engineering
Senior,Full-time,128500,United States,M,Data Engineering
Mid-level,Full-time,160000,United States,M,Data Engineering
Mid-level,Full-time,90000,United States,M,Data Engineering
Entry-level,Full-time,77300,United States,M,Leadership and Management
Entry-level,Full-time,45600,United States,M,Leadership and Management
Senior,Full-time,127000,United States,M,Data Analysis
Senior,Full-time,110000,United States,M,Data Analysis
Senior,Full-time,210000,United States,M,Data Architecture and Modeling
Senior,Full-time,136000,United States,M,Data Architecture and Modeling
Senior,Full-time,170000,United States,M,Data Engineering
Senior,Full-time,140000,United States,M,Data Engineering
Senior,Full-time,247500,United States,M,Data Engineering
Senior,Full-time,172200,United States,M,Data Engineering
Senior,Full-time,225000,United States,M,Data Engineering
Senior,Full-time,184100,United States,M,Data Engineering
Mid-level,Full-time,130000,United States,M,Machine Learning and AI
Mid-level,Full-time,90000,United States,M,Machine Learning and AI
Mid-level,Full-time,120000,United States,M,Data Science and Research
Mid-level,Full-time,100000,United States,M,Data Science and Research
Mid-level,Full-time,85000,United States,M,Data Science and Research
Mid-level,Full-time,78000,United States,M,Data Science and Research
Senior,Full-time,161000,United States,M,Data Engineering
Senior,Full-time,110000,United States,M,Data Engineering
Senior,Full-time,136000,United States,M,Data Science and Research
Senior,Full-time,104000,United States,M,Data Science and Research
Senior,Full-time,47280,Spain,M,Data Science and Research
Senior,Full-time,37824,Spain,M,Data Science and Research
Executive,Full-time,205000,United States,M,Leadership and Management
Executive,Full-time,160000,United States,M,Leadership and Management
Senior,Full-time,169000,United States,M,Data Analysis
Senior,Full-time,110600,United States,M,Data Analysis
Entry-level,Full-time,61566,United Kingdom,M,Data Engineering
Entry-level,Full-time,49253,United Kingdom,M,Data Engineering
Senior,Full-time,160000,United States,M,Data Engineering
Senior,Full-time,130000,United States,M,Data Engineering
Senior,Full-time,245000,United States,M,Data Science and Research
Senior,Full-time,180000,United States,M,Data Science and Research
Senior,Full-time,135000,United States,M,Data Engineering
Senior,Full-time,100000,United States,M,Data Engineering
Senior,Full-time,220000,United States,M,Data Engineering
Senior,Full-time,150000,United States,M,Data Engineering
Senior,Full-time,198440,United States,L,Data Science and Research
Senior,Full-time,144000,United States,L,Data Science and Research
Senior,Full-time,240000,United States,M,Data Engineering
Senior,Full-time,170000,United States,M,Data Engineering
Senior,Full-time,198440,United States,M,Data Science and Research
Senior,Full-time,144000,United States,M,Data Science and Research
Mid-level,Full-time,150000,United States,M,Data Analysis
Mid-level,Full-time,100000,United States,M,Data Analysis
Senior,Full-time,120000,United States,M,Data Analysis
Senior,Full-time,95000,United States,M,Data Analysis
Mid-level,Full-time,57872,United Kingdom,M,Data Science and Research
Entry-level,Full-time,64000,United States,L,Data Analysis
Entry-level,Full-time,39925,France,L,Data Science and Research
Senior,Full-time,187200,Canada,M,Machine Learning and AI
Senior,Full-time,116100,Canada,M,Machine Learning and AI
Senior,Full-time,150000,United States,M,Data Analysis
Senior,Full-time,127000,United States,M,Data Analysis
Senior,Full-time,275000,United States,M,Data Engineering
Senior,Full-time,166000,United States,M,Data Engineering
Senior,Full-time,159699,United States,M,Data Science and Research
Senior,Full-time,138938,United States,M,Data Science and Research
Entry-level,Full-time,76000,United States,L,BI and Visualization
Senior,Full-time,166700,United States,M,Data Analysis
Senior,Full-time,119000,United States,M,Data Analysis
Senior,Full-time,130000,United States,M,Data Analysis
Senior,Full-time,100000,United States,M,Data Analysis
Senior,Full-time,103432,United Kingdom,M,Leadership and Management
Senior,Full-time,92350,United Kingdom,M,Leadership and Management
Senior,Full-time,80000,United States,M,Data Analysis
Senior,Full-time,52500,United States,M,Data Analysis
Senior,Full-time,236000,United States,M,Data Engineering
Senior,Full-time,182000,United States,M,Data Engineering
Senior,Full-time,180000,United States,M,Data Science and Research
Senior,Full-time,140000,United States,M,Data Science and Research
Senior,Full-time,225000,United States,M,Data Science and Research
Senior,Full-time,156400,United States,M,Data Science and Research
Senior,Full-time,135000,United States,M,Data Analysis
Senior,Full-time,100000,United States,M,Data Analysis
Senior,Full-time,204500,United States,M,Machine Learning and AI
Senior,Full-time,142200,United States,M,Machine Learning and AI
Mid-level,Full-time,240000,United States,M,Data Science and Research
Entry-level,Part-time,125404,United States,S,Data Analysis
Senior,Full-time,300000,United States,M,Data Engineering
Senior,Full-time,130000,United States,M,Data Engineering
Senior,Full-time,195000,United States,M,Data Engineering
Senior,Full-time,175000,United States,M,Data Engineering
Senior,Full-time,155000,United States,M,Data Engineering
Senior,Full-time,110000,United States,M,Data Engineering
Senior,Full-time,123000,United States,M,Data Quality and Operations
Senior,Full-time,92250,United States,M,Data Quality and Operations
Senior,Full-time,170000,United States,M,Data Engineering
Senior,Full-time,150000,United States,M,Data Engineering
Mid-level,Full-time,180000,United States,M,Machine Learning and AI
Mid-level,Full-time,100000,United States,M,Machine Learning and AI
Senior,Full-time,97000,United States,M,Data Engineering
Senior,Full-time,90000,United States,M,Data Engineering
Senior,Full-time,200000,United States,M,Data Engineering
Senior,Full-time,160000,United States,M,Data Engineering
Senior,Full-time,210000,United States,M,Machine Learning and AI
Senior,Full-time,180000,United States,M,Machine Learning and AI
Senior,Full-time,260000,United States,M,Data Engineering
Senior,Full-time,180000,United States,M,Data Engineering
Executive,Full-time,210000,United States,M,Leadership and Management
Executive,Full-time,157000,United States,M,Leadership and Management
Entry-level,Full-time,180000,United States,M,Data Science and Research
Entry-level,Full-time,100000,United States,M,Data Science and Research
Mid-level,Full-time,80000,United States,M,Data Analysis
Mid-level,Full-time,52500,United States,M,Data Analysis
Senior,Full-time,128000,United States,M,Data Architecture and Modeling
Senior,Full-time,81500,United States,M,Data Architecture and Modeling
Senior,Full-time,105000,United States,M,Data Quality and Operations
Senior,Full-time,70000,United States,M,Data Quality and Operations
Senior,Full-time,175000,United States,M,Data Science and Research
Senior,Full-time,122500,United States,M,Data Science and Research
Senior,Full-time,171000,United States,M,Data Engineering
Senior,Full-time,117000,United States,M,Data Engineering
Senior,Full-time,202800,United States,L,Data Science and Research
Senior,Full-time,104300,United States,L,Data Science and Research
Senior,Full-time,50432,Spain,M,Data Analysis
Senior,Full-time,36773,Spain,M,Data Analysis
Senior,Full-time,197000,United States,M,Data Engineering
Senior,Full-time,99000,United States,M,Data Engineering
Senior,Full-time,160000,United States,M,Data Engineering
Senior,Full-time,110000,United States,M,Data Engineering
Senior,Full-time,185900,United States,M,Data Science and Research
Senior,Full-time,129300,United States,M,Data Science and Research
Mid-level,Full-time,30000,Mexico,L,Data Science and Research
Mid-level,Full-time,78000,Brazil,M,Leadership and Management
Mid-level,Full-time,48000,Brazil,M,Leadership and Management
Senior,Full-time,170000,United States,M,Data Engineering
Senior,Full-time,130000,United States,M,Data Engineering
Senior,Full-time,150000,United States,M,Data Analysis
Senior,Full-time,95000,United States,M,Data Analysis
Mid-level,Full-time,78000,Brazil,M,Data Engineering
Mid-level,Full-time,42000,Brazil,M,Data Engineering
Senior,Full-time,345600,United States,M,Data Architecture and Modeling
Senior,Full-time,230400,United States,M,Data Architecture and Modeling
Senior,Full-time,145000,United States,M,Data Engineering
Senior,Full-time,115000,United States,M,Data Engineering
Mid-level,Full-time,78000,Brazil,M,BI and Visualization
Mid-level,Full-time,48000,Brazil,M,BI and Visualization
Senior,Full-time,175950,United States,M,Data Analysis
Senior,Full-time,130050,United States,M,Data Analysis
Senior,Full-time,205600,United States,L,Data Engineering
Senior,Full-time,105700,United States,L,Data Engineering
Senior,Full-time,236600,United States,M,Data Analysis
Senior,Full-time,89200,United States,M,Data Analysis
Mid-level,Full-time,84000,Brazil,M,Data Science and Research
Mid-level,Full-time,54000,Brazil,M,Data Science and Research
Entry-level,Full-time,80000,United States,L,Data Science and Research
Senior,Full-time,200000,United Kingdom,S,Data Analysis
Entry-level,Full-time,73742,Canada,L,Data Science and Research
Senior,Full-time,165000,United States,S,Data Science and Research
Entry-level,Full-time,33246,United Kingdom,L,Data Science and Research
Senior,Full-time,185900,United States,M,Data Engineering
Senior,Full-time,129300,United States,M,Data Engineering
Senior,Full-time,169000,United States,M,Data Analysis
Senior,Full-time,110600,United States,M,Data Analysis
Mid-level,Full-time,75050,Australia,L,Data Engineering
Senior,Full-time,225000,United States,M,Data Engineering
Senior,Full-time,184100,United States,M,Data Engineering
Senior,Full-time,185900,United States,M,Data Science and Research
Senior,Full-time,129300,United States,M,Data Science and Research
Senior,Full-time,225000,United States,M,Data Science and Research
Senior,Full-time,156400,United States,M,Data Science and Research
Senior,Full-time,185900,United States,M,Data Science and Research
Senior,Full-time,129300,United States,M,Data Science and Research
Entry-level,Full-time,108000,United States,S,Machine Learning and AI
Senior,Full-time,155000,United States,M,Data Science and Research
Senior,Full-time,38000,United States,M,Data Science and Research
Mid-level,Full-time,85000,United States,M,Data Analysis
Mid-level,Full-time,65000,United States,M,Data Analysis
Senior,Full-time,155000,United States,M,Data Science and Research
Senior,Full-time,38000,United States,M,Data Science and Research
Mid-level,Full-time,110820,United Kingdom,M,Data Engineering
Mid-level,Full-time,92350,United Kingdom,M,Data Engineering
Senior,Full-time,153600,United States,M,Data Science and Research
Senior,Full-time,106800,United States,M,Data Science and Research
Senior,Full-time,185000,United States,M,Data Science and Research
Senior,Full-time,50000,United States,M,Data Science and Research
Senior,Full-time,185900,United States,M,Data Engineering
Senior,Full-time,129300,United States,M,Data Engineering
Senior,Full-time,155000,United States,M,Data Science and Research
Senior,Full-time,38000,United States,M,Data Science and Research
Senior,Full-time,168000,United States,M,Data Science and Research
Senior,Full-time,130000,United States,M,Data Science and Research
Senior,Full-time,123400,United States,M,Data Science and Research
Senior,Full-time,88100,United States,M,Data Science and Research
Senior,Full-time,120000,United States,S,Data Science and Research
Senior,Full-time,55000,United States,S,Data Science and Research
Senior,Full-time,185900,United States,M,Data Science and Research
Senior,Full-time,129300,United States,M,Data Science and Research
Senior,Full-time,191200,United States,M,Data Engineering
Senior,Full-time,130000,United States,M,Data Engineering
Senior,Full-time,169000,United States,M,Data Analysis
Senior,Full-time,110600,United States,M,Data Analysis
Senior,Full-time,150000,United States,M,Leadership and Management
Senior,Full-time,120000,United States,M,Leadership and Management
Senior,Full-time,139000,United States,M,Data Science and Research
Senior,Full-time,122000,United States,M,Data Science and Research
Senior,Full-time,185900,United States,M,Data Science and Research
Senior,Full-time,129300,United States,M,Data Science and Research
Senior,Full-time,139600,United States,M,Data Analysis
Senior,Full-time,85700,United States,M,Data Analysis
Senior,Full-time,185000,United States,M,Data Engineering
Senior,Full-time,50000,United States,M,Data Engineering
Senior,Full-time,185900,United States,M,Data Engineering
Senior,Full-time,129300,United States,M,Data Engineering
Senior,Full-time,225000,United States,M,Data Science and Research
Senior,Full-time,156400,United States,M,Data Science and Research
Senior,Full-time,200000,United States,M,Data Science and Research
Senior,Full-time,175000,United States,M,Data Science and Research
Senior,Full-time,185900,United States,M,Data Engineering
Senior,Full-time,129300,United States,M,Data Engineering
Mid-level,Full-time,148500,United States,L,Machine Learning and AI
Mid-level,Full-time,98200,United States,L,Machine Learning and AI
Senior,Full-time,115000,United States,M,Data Analysis
Senior,Full-time,95000,United States,M,Data Analysis
Senior,Full-time,225000,United States,M,Data Architecture and Modeling
Senior,Full-time,66000,United States,M,Data Architecture and Modeling
Senior,Full-time,185000,United States,M,Data Science and Research
Senior,Full-time,50000,United States,M,Data Science and Research
Senior,Full-time,47280,Spain,M,Data Science and Research
Senior,Full-time,37824,Spain,M,Data Science and Research
Mid-level,Full-time,134000,United States,M,Leadership and Management
Mid-level,Full-time,98000,United States,M,Leadership and Management
Mid-level,Full-time,105000,United States,M,Data Analysis
Mid-level,Full-time,62000,United States,M,Data Analysis
Entry-level,Full-time,57000,United States,L,Data Analysis
Senior,Full-time,161311,Canada,M,Data Engineering
Mid-level,Full-time,144200,United States,M,Data Science and Research
Mid-level,Full-time,115360,United States,M,Data Science and Research
Mid-level,Full-time,83171,Australia,L,Data Science and Research
Senior,Full-time,73546,Portugal,M,Data Engineering
Senior,Full-time,42026,Portugal,M,Data Engineering
Senior,Full-time,170000,United States,M,Data Engineering
Senior,Full-time,150000,United States,M,Data Engineering
Senior,Full-time,180000,United States,M,Data Architecture and Modeling
Senior,Full-time,160000,United States,M,Data Architecture and Modeling
Mid-level,Full-time,108000,United States,L,Data Science and Research
Senior,Full-time,200000,United States,M,Machine Learning and AI
Senior,Full-time,150000,United States,M,Machine Learning and AI
Executive,Full-time,125976,Canada,L,Leadership and Management
Senior,Full-time,188700,United States,M,Data Engineering
Senior,Full-time,160395,United States,M,Data Engineering
Senior,Full-time,115934,United States,M,Data Analysis
Senior,Full-time,81666,United States,M,Data Analysis
Senior,Full-time,300000,United States,M,Data Engineering
Senior,Full-time,225000,United States,M,Data Engineering
Senior,Full-time,198440,United States,M,Data Science and Research
Senior,Full-time,144000,United States,M,Data Science and Research
Senior,Full-time,191475,United States,M,Data Science and Research
Senior,Full-time,141525,United States,M,Data Science and Research
Senior,Full-time,50432,Spain,M,Data Analysis
Senior,Full-time,36773,Spain,M,Data Analysis
Mid-level,Full-time,75648,Germany,S,Data Science and Research
Senior,Full-time,156868,United States,L,Data Science and Research
Senior,Full-time,200000,Nigeria,S,BI and Visualization
Senior,Full-time,198440,United States,L,Data Science and Research
Senior,Full-time,144000,United States,L,Data Science and Research
Senior,Full-time,69344,Portugal,L,Machine Learning and AI
Senior,Contract,90000,United States,M,Data Analysis
Mid-level,Full-time,126080,Germany,S,Data Science and Research
Mid-level,Full-time,84053,Germany,S,Data Science and Research
Senior,Full-time,200000,United States,M,Data Engineering
Senior,Full-time,180000,United States,M,Data Engineering
Mid-level,Full-time,108000,United States,M,Leadership and Management
Mid-level,Full-time,85000,United States,M,Leadership and Management
Senior,Full-time,210000,United States,M,Machine Learning and AI
Senior,Full-time,180000,United States,M,Machine Learning and AI
Senior,Full-time,165000,United States,M,Data Engineering
Senior,Full-time,132000,United States,M,Data Engineering
Senior,Full-time,130000,United States,M,Leadership and Management
Senior,Full-time,110000,United States,M,Leadership and Management
Mid-level,Full-time,45050,Australia,L,Data Analysis
Entry-level,Full-time,42028,Australia,L,Data Analysis
Mid-level,Full-time,135000,United States,L,Leadership and Management
Senior,Full-time,178800,United States,L,Data Engineering
Senior,Full-time,132100,United States,L,Data Engineering
Entry-level,Full-time,20000,United States,M,Data Analysis
Senior,Full-time,140000,Canada,M,Machine Learning and AI
Senior,Full-time,110000,Canada,M,Machine Learning and AI
Senior,Full-time,160000,United States,M,Data Engineering
Senior,Full-time,85000,United States,M,Data Engineering
Senior,Full-time,250000,United States,M,Data Engineering
Senior,Full-time,63000,United States,M,Data Engineering
Executive,Full-time,187200,United States,M,Data Engineering
Executive,Full-time,116100,United States,M,Data Engineering
Senior,Full-time,200000,United States,M,Data Engineering
Senior,Full-time,145000,United States,M,Data Engineering
Senior,Full-time,229998,United States,L,Data Engineering
Senior,Full-time,154545,United States,L,Data Engineering
Senior,Full-time,215000,United States,L,Data Science and Research
Senior,Full-time,159000,United States,L,Data Science and Research
Senior,Full-time,229998,United States,L,Data Engineering
Senior,Full-time,154545,United States,L,Data Engineering
Entry-level,Full-time,50000,United States,M,Machine Learning and AI
Senior,Full-time,183000,United States,L,Data Science and Research
Senior,Full-time,99750,United States,M,Data Analysis
Senior,Full-time,68400,United States,M,Data Analysis
Senior,Full-time,236900,United States,L,Data Science and Research
Senior,Full-time,159200,United States,L,Data Science and Research
Senior,Full-time,243225,United States,M,Data Science and Research
Senior,Full-time,179775,United States,M,Data Science and Research
Senior,Full-time,175000,United States,M,Data Engineering
Senior,Full-time,150000,United States,M,Data Engineering
Senior,Full-time,210000,United States,M,Machine Learning and AI
Senior,Full-time,180000,United States,M,Machine Learning and AI
Senior,Full-time,148000,United States,M,Data Science and Research
Senior,Full-time,128000,United States,M,Data Science and Research
Senior,Full-time,190000,United States,M,Data Architecture and Modeling
Senior,Full-time,135000,United States,M,Data Architecture and Modeling
Senior,Full-time,130000,United States,M,Leadership and Management
Senior,Full-time,110000,United States,M,Leadership and Management
Senior,Full-time,191475,United States,M,Data Science and Research
Senior,Full-time,141525,United States,M,Data Science and Research
Senior,Full-time,160000,United States,M,Data Engineering
Senior,Full-time,85000,United States,M,Data Engineering
Senior,Full-time,218000,United States,M,Data Science and Research
Senior,Full-time,145300,United States,M,Data Science and Research
Senior,Full-time,195400,United States,L,Machine Learning and AI
Senior,Full-time,131300,United States,L,Machine Learning and AI
Entry-level,Full-time,105000,United States,L,Data Management and Strategy
Senior,Full-time,191475,United States,M,Data Science and Research
Senior,Full-time,141525,United States,M,Data Science and Research
Senior,Full-time,207000,United States,M,Data Science and Research
Senior,Full-time,153000,United States,M,Data Science and Research
Senior,Full-time,191475,United States,M,Data Science and Research
Senior,Full-time,141525,United States,M,Data Science and Research
Senior,Full-time,110000,United States,M,Data Analysis
Senior,Full-time,99000,United States,M,Data Analysis
Senior,Full-time,191475,United States,M,Data Science and Research
Senior,Full-time,141525,United States,M,Data Science and Research
Senior,Full-time,191475,United States,M,Data Science and Research
Senior,Full-time,141525,United States,M,Data Science and Research
Senior,Full-time,191475,United States,M,Data Science and Research
Senior,Full-time,141525,United States,M,Data Science and Research
Senior,Full-time,200000,Puerto Rico,M,Machine Learning and AI
Senior,Full-time,135000,Puerto Rico,M,Machine Learning and AI
Senior,Full-time,207000,United States,M,Data Science and Research
Senior,Full-time,153000,United States,M,Data Science and Research
Senior,Full-time,191475,United States,M,Data Science and Research
Senior,Full-time,141525,United States,M,Data Science and Research
Senior,Full-time,191475,United States,M,Data Science and Research
Senior,Full-time,141525,United States,M,Data Science and Research
Senior,Full-time,191475,United States,M,Data Science and Research
Senior,Full-time,141525,United States,M,Data Science and Research
Senior,Full-time,195700,United States,M,Data Engineering
Senior,Full-time,130500,United States,M,Data Engineering
Senior,Full-time,130000,United States,M,Machine Learning and AI
Senior,Full-time,84000,United States,M,Machine Learning and AI
Mid-level,Full-time,100000,United States,M,Data Quality and Operations
Mid-level,Full-time,60000,United States,M,Data Quality and Operations
Mid-level,Full-time,80036,United Kingdom,M,Data Engineering
Mid-level,Full-time,67723,United Kingdom,M,Data Engineering
Senior,Full-time,141300,United States,M,Data Engineering
Senior,Full-time,102100,United States,M,Data Engineering
Senior,Full-time,50432,Spain,M,Data Analysis
Senior,Full-time,36773,Spain,M,Data Analysis
Mid-level,Full-time,150000,United States,L,Data Analysis
Mid-level,Full-time,102200,United Kingdom,M,Data Science and Research
Senior,Full-time,144000,United States,M,Data Analysis
Senior,Full-time,113000,United States,M,Data Analysis
Entry-level,Full-time,31520,Spain,M,Machine Learning and AI
Senior,Full-time,195400,United States,L,Data Architecture and Modeling
Senior,Full-time,131300,United States,L,Data Architecture and Modeling
Senior,Full-time,195400,United States,L,Machine Learning and AI
Senior,Full-time,131300,United States,L,Machine Learning and AI
Senior,Full-time,195400,United States,L,Data Architecture and Modeling
Senior,Full-time,131300,United States,L,Data Architecture and Modeling
Senior,Full-time,190000,United States,M,Data Architecture and Modeling
Senior,Full-time,135000,United States,M,Data Architecture and Modeling
Senior,Full-time,135000,United States,M,Data Engineering
Senior,Full-time,80000,United States,M,Data Engineering
Senior,Full-time,160000,United States,M,Data Engineering
Senior,Full-time,85000,United States,M,Data Engineering
Senior,Full-time,178800,United States,L,Data Engineering
Senior,Full-time,132100,United States,L,Data Engineering
Mid-level,Contract,60000,United States,S,Machine Learning and AI
Senior,Full-time,63040,Finland,S,Machine Learning and AI
Entry-level,Full-time,50000,American Samoa,L,Data Analysis
Senior,Full-time,140000,United States,M,Data Engineering
Senior,Full-time,105000,United States,M,Data Engineering
Mid-level,Full-time,80036,United Kingdom,M,Data Engineering
Mid-level,Full-time,67723,United Kingdom,M,Data Engineering
Senior,Full-time,190000,United States,M,Leadership and Management
Senior,Full-time,140000,United States,M,Leadership and Management
Mid-level,Full-time,100000,United States,M,Data Quality and Operations
Mid-level,Full-time,60000,United States,M,Data Quality and Operations
Senior,Full-time,180000,United States,L,Data Science and Research
Senior,Full-time,165000,United States,L,Data Science and Research
Senior,Full-time,108000,United States,L,Machine Learning and AI
Entry-level,Full-time,20000,France,M,Data Science and Research
Senior,Full-time,190000,United States,M,Data Architecture and Modeling
Senior,Full-time,135000,United States,M,Data Architecture and Modeling
Senior,Full-time,179400,United States,M,Data Science and Research
Senior,Full-time,154000,United States,M,Data Science and Research
Senior,Full-time,193900,United States,M,Machine Learning and AI
Senior,Full-time,129300,United States,M,Machine Learning and AI
Executive,Full-time,222640,United States,M,Data Science and Research
Executive,Full-time,182160,United States,M,Data Science and Research
Mid-level,Full-time,150000,United States,M,Data Engineering
Mid-level,Full-time,100000,United States,M,Data Engineering
Senior,Full-time,122500,United States,M,Leadership and Management
Senior,Full-time,100000,United States,M,Leadership and Management
Executive,Full-time,297500,United States,M,Data Engineering
Executive,Full-time,260000,United States,M,Data Engineering
Entry-level,Full-time,15000,Thailand,L,Machine Learning and AI
Senior,Full-time,193000,United States,M,Data Engineering
Entry-level,Full-time,93000,United States,M,Data Science and Research
Entry-level,Full-time,73000,United States,M,Data Science and Research
Mid-level,Full-time,100000,United States,M,Data Quality and Operations
Mid-level,Full-time,60000,United States,M,Data Quality and Operations
Senior,Full-time,136994,United States,M,Data Science and Research
Senior,Full-time,101570,United States,M,Data Science and Research
Senior,Full-time,250000,United States,M,Data Engineering
Senior,Full-time,63000,United States,M,Data Engineering
Mid-level,Full-time,134000,United States,M,Leadership and Management
Mid-level,Full-time,98000,United States,M,Leadership and Management
Senior,Full-time,191475,United States,M,Data Science and Research
Senior,Full-time,141525,United States,M,Data Science and Research
Senior,Full-time,57786,France,L,Data Science and Research
Mid-level,Full-time,136000,United States,M,Data Analysis
Mid-level,Full-time,112000,United States,M,Data Analysis
Senior,Full-time,172000,United States,M,Data Science and Research
Senior,Full-time,140000,United States,M,Data Science and Research
Senior,Full-time,215000,United States,M,Data Engineering
Senior,Full-time,164000,United States,M,Data Engineering
Senior,Full-time,300000,United States,M,Data Engineering
Senior,Full-time,130000,United States,M,Data Engineering
Senior,Full-time,250000,United States,M,Data Engineering
Senior,Full-time,63000,United States,M,Data Engineering
Senior,Full-time,180000,United States,M,Data Engineering
Senior,Full-time,150000,United States,M,Data Engineering
Entry-level,Full-time,45390,United Kingdom,L,Data Engineering
Senior,Full-time,250000,United States,M,Data Engineering
Senior,Full-time,63000,United States,M,Data Engineering
Senior,Full-time,191475,United States,M,Data Science and Research
Senior,Full-time,141525,United States,M,Data Science and Research
Mid-level,Full-time,97500,United States,L,Data Analysis
Senior,Full-time,212800,United States,M,Data Science and Research
Senior,Full-time,142800,United States,M,Data Science and Research
Mid-level,Full-time,73546,Netherlands,L,Data Science and Research
Entry-level,Full-time,50000,Germany,M,Data Science and Research
Senior,Full-time,151800,United States,M,Data Science and Research
Senior,Full-time,130240,United States,M,Data Science and Research
Senior,Full-time,165000,United States,M,Leadership and Management
Senior,Full-time,140250,United States,M,Leadership and Management
Senior,Full-time,135000,United States,M,Data Engineering
Senior,Full-time,115000,United States,M,Data Engineering
Senior,Full-time,179400,United States,M,Data Science and Research
Senior,Full-time,154000,United States,M,Data Science and Research
Senior,Full-time,191475,United States,M,Data Science and Research
Senior,Full-time,141525,United States,M,Data Science and Research
Senior,Full-time,191475,United States,M,Data Science and Research
Senior,Full-time,141525,United States,M,Data Science and Research
Senior,Full-time,191475,United States,M,Data Science and Research
Senior,Full-time,141525,United States,M,Data Science and Research
Mid-level,Full-time,75000,United States,M,Data Analysis
Mid-level,Full-time,84053,Greece,M,Data Engineering
Mid-level,Full-time,73546,Greece,M,Data Engineering
Mid-level,Full-time,98506,United Kingdom,M,Data Engineering
Mid-level,Full-time,86193,United Kingdom,M,Data Engineering
Mid-level,Full-time,84053,Spain,M,Data Engineering
Mid-level,Full-time,73546,Spain,M,Data Engineering
Senior,Full-time,191475,United States,M,Data Science and Research
Senior,Full-time,141525,United States,M,Data Science and Research
Senior,Full-time,191475,United States,M,Data Science and Research
Senior,Full-time,141525,United States,M,Data Science and Research
Senior,Full-time,102663,United Kingdom,M,Leadership and Management
Senior,Full-time,80041,United Kingdom,M,Leadership and Management
Senior,Full-time,191475,United States,M,Data Science and Research
Senior,Full-time,141525,United States,M,Data Science and Research
Senior,Full-time,104611,United Kingdom,M,Data Engineering
Senior,Full-time,82280,United Kingdom,M,Data Engineering
Senior,Full-time,191475,United States,M,Data Science and Research
Senior,Full-time,141525,United States,M,Data Science and Research
Senior,Full-time,191475,United States,M,Data Science and Research
Senior,Full-time,141525,United States,M,Data Science and Research
Senior,Full-time,115000,United States,L,Data Analysis
Entry-level,Full-time,31520,Spain,M,Data Science and Research
Senior,Full-time,81000,United States,M,Data Quality and Operations
Senior,Full-time,66000,United States,M,Data Quality and Operations
Entry-level,Full-time,46000,United States,L,Data Analysis
Entry-level,Full-time,80000,United States,L,Data Engineering
Executive,Full-time,200000,United States,S,Machine Learning and AI
Executive,Full-time,180000,United States,S,Machine Learning and AI
Executive,Full-time,200000,United States,S,Machine Learning and AI
Senior,Full-time,204100,United States,M,Data Science and Research
Senior,Full-time,136100,United States,M,Data Science and Research
Senior,Full-time,250000,United States,M,Leadership and Management
Senior,Full-time,63000,United States,M,Leadership and Management
Mid-level,Full-time,118208,United Kingdom,M,Data Science and Research
Mid-level,Full-time,110820,United Kingdom,M,Data Science and Research
Entry-level,Part-time,19073,Denmark,L,Machine Learning and AI
Senior,Full-time,191475,United States,M,Data Science and Research
Senior,Full-time,141525,United States,M,Data Science and Research
Senior,Full-time,191475,United States,M,Data Science and Research
Senior,Full-time,141525,United States,M,Data Science and Research
Senior,Full-time,191475,United States,M,Data Science and Research
Senior,Full-time,141525,United States,M,Data Science and Research
Senior,Full-time,95000,United States,M,Data Management and Strategy
Senior,Full-time,70000,United States,M,Data Management and Strategy
Mid-level,Full-time,75000,United States,M,Machine Learning and AI
Mid-level,Full-time,113000,United States,L,Data Analysis
Senior,Full-time,170000,United States,M,Data Science and Research
Senior,Full-time,130000,United States,M,Data Science and Research
Mid-level,Full-time,113000,United States,L,Leadership and Management
Mid-level,Full-time,140000,United States,M,Data Analysis
Senior,Full-time,50000,Philippines,S,Data Analysis
Mid-level,Full-time,53368,Australia,M,Data Analysis
Senior,Full-time,175000,United States,M,Data Science and Research
Senior,Full-time,140000,United States,M,Data Science and Research
Senior,Full-time,29944,Portugal,S,Data Science and Research
Senior,Full-time,250000,United States,M,Leadership and Management
Senior,Full-time,63000,United States,M,Leadership and Management
Senior,Full-time,160000,United States,L,Data Science and Research
Senior,Full-time,119300,United States,L,Data Science and Research
Mid-level,Full-time,145000,United States,L,Data Science and Research
Senior,Full-time,105000,United States,M,Data Engineering
Senior,Full-time,90000,United States,M,Data Engineering
Senior,Full-time,146200,United States,M,Data Engineering
Senior,Full-time,124270,United States,M,Data Engineering
Mid-level,Full-time,225000,United States,M,Data Science and Research
Mid-level,Full-time,160000,United States,M,Data Science and Research
Mid-level,Full-time,54634,Netherlands,S,Data Science and Research
Senior,Full-time,185800,Canada,M,Data Engineering
Senior,Full-time,137400,Canada,M,Data Engineering
Senior,Full-time,245000,United States,M,Leadership and Management
Senior,Full-time,180000,United States,M,Leadership and Management
Senior,Full-time,203500,United States,M,Leadership and Management
Senior,Full-time,152000,United States,M,Leadership and Management
Senior,Full-time,250000,United States,M,Data Engineering
Senior,Full-time,63000,United States,M,Data Engineering
Senior,Full-time,186000,United States,M,Machine Learning and AI
Senior,Full-time,148800,United States,M,Machine Learning and AI
Mid-level,Full-time,128058,United Kingdom,L,Machine Learning and AI
Entry-level,Full-time,82000,United States,L,Data Science and Research
Entry-level,Part-time,110000,France,M,Data Science and Research
Mid-level,Full-time,173000,United States,M,Machine Learning and AI
Senior,Full-time,203500,United States,M,Data Science and Research
Senior,Full-time,152000,United States,M,Data Science and Research
Senior,Full-time,186000,United States,M,Machine Learning and AI
Senior,Full-time,148800,United States,M,Machine Learning and AI
Mid-level,Full-time,158000,United States,M,Data Science and Research
Mid-level,Full-time,134000,United States,M,Data Science and Research
Senior,Full-time,170000,United States,M,Data Science and Research
Senior,Full-time,120000,United States,M,Data Science and Research
Executive,Full-time,200000,United States,M,Leadership and Management
Executive,Full-time,150000,United States,M,Leadership and Management
Senior,Full-time,216200,United States,M,Data Analysis
Senior,Full-time,144100,United States,M,Data Analysis
Mid-level,Full-time,115573,Netherlands,M,Data Science and Research
Mid-level,Full-time,89306,Netherlands,M,Data Science and Research
Senior,Full-time,250000,United States,M,Data Engineering
Senior,Full-time,63000,United States,M,Data Engineering
Senior,Full-time,135000,United States,M,Data Engineering
Senior,Full-time,85000,United States,M,Data Engineering
Senior,Full-time,135000,United States,M,Machine Learning and AI
Senior,Full-time,85000,United States,M,Machine Learning and AI
Senior,Full-time,206000,United States,M,Data Science and Research
Senior,Full-time,175100,United States,M,Data Science and Research
Senior,Full-time,189650,United States,M,Machine Learning and AI
Senior,Full-time,164996,United States,M,Machine Learning and AI
Senior,Full-time,149040,United States,M,Data Architecture and Modeling
Senior,Full-time,113900,United States,M,Data Architecture and Modeling
Senior,Full-time,154000,United States,M,Data Engineering
Senior,Full-time,126000,United States,M,Data Engineering
Senior,Full-time,200000,United States,L,Machine Learning and AI
Senior,Full-time,150000,United States,L,Machine Learning and AI
Senior,Full-time,195700,United States,M,Data Engineering
Senior,Full-time,130500,United States,M,Data Engineering
Senior,Full-time,170000,United States,M,Leadership and Management
Senior,Full-time,135000,United States,M,Leadership and Management
Mid-level,Full-time,98506,United Kingdom,M,Data Engineering
Mid-level,Full-time,73880,United Kingdom,M,Data Engineering
Senior,Full-time,117000,United States,M,Data Analysis
Senior,Full-time,99450,United States,M,Data Analysis
Senior,Full-time,200000,Puerto Rico,M,Data Engineering
Senior,Full-time,135000,Puerto Rico,M,Data Engineering
Senior,Full-time,193900,United States,M,Machine Learning and AI
Senior,Full-time,129300,United States,M,Machine Learning and AI
Entry-level,Full-time,55410,United Kingdom,S,Machine Learning and AI
Senior,Full-time,86193,United Kingdom,M,Data Analysis
Senior,Full-time,61566,United Kingdom,M,Data Analysis
Senior,Full-time,175000,United States,M,Data Analysis
Senior,Full-time,130000,United States,M,Data Analysis
Senior,Full-time,188100,United States,M,Data Engineering
Senior,Full-time,139860,United States,M,Data Engineering
Senior,Full-time,248700,United States,M,Machine Learning and AI
Senior,Full-time,167100,United States,M,Machine Learning and AI
Senior,Full-time,123400,United States,M,Data Science and Research
Senior,Full-time,88100,United States,M,Data Science and Research
Mid-level,Full-time,50432,Germany,S,Data Analysis
Senior,Full-time,245000,United States,M,Data Science and Research
Senior,Full-time,205000,United States,M,Data Science and Research
Senior,Full-time,141300,United States,M,Data Engineering
Senior,Full-time,102100,United States,M,Data Engineering
Senior,Full-time,141300,United States,M,Data Architecture and Modeling
Senior,Full-time,102100,United States,M,Data Architecture and Modeling
Entry-level,Full-time,50000,Argentina,L,Data Analysis
Entry-level,Full-time,84053,Belgium,L,Data Science and Research
Mid-level,Full-time,61566,United Kingdom,S,Data Science and Research
Senior,Full-time,250000,United States,M,Data Architecture and Modeling
Senior,Full-time,63000,United States,M,Data Architecture and Modeling
Senior,Full-time,189500,United States,L,Data Science and Research
Senior,Full-time,140100,United States,L,Data Science and Research
Senior,Full-time,177600,United States,L,Data Engineering
Senior,Full-time,131300,United States,L,Data Engineering
Mid-level,Full-time,24000,United States,M,Data Engineering
Mid-level,Full-time,24000,United States,M,Data Engineering
Senior,Full-time,250000,United States,M,Data Engineering
Senior,Full-time,63000,United States,M,Data Engineering
Senior,Full-time,202900,United States,L,Machine Learning and AI
Senior,Full-time,131300,United States,L,Machine Learning and AI
Senior,Full-time,145000,United States,M,Data Engineering
Senior,Full-time,115000,United States,M,Data Engineering
Entry-level,Full-time,115000,United States,L,Machine Learning and AI
Mid-level,Full-time,193900,United States,M,Machine Learning and AI
Mid-level,Full-time,129300,United States,M,Machine Learning and AI
Senior,Full-time,180000,United States,L,Data Science and Research
Senior,Full-time,140000,United States,L,Data Science and Research
Mid-level,Full-time,216200,United States,M,Data Analysis
Mid-level,Full-time,144100,United States,M,Data Analysis
Senior,Full-time,216000,United States,M,Machine Learning and AI
Senior,Full-time,144000,United States,M,Machine Learning and AI
Entry-level,Full-time,150000,United States,L,Data Analysis
Entry-level,Full-time,50000,Austria,M,Data Science and Research
Senior,Full-time,250000,United States,L,Data Architecture and Modeling
Executive,Full-time,84053,Netherlands,L,Data Science and Research
Mid-level,Full-time,131752,United Kingdom,M,Data Science and Research
Senior,Full-time,48000,United States,S,Leadership and Management
Executive,Full-time,260500,United States,M,Data Science and Research
Executive,Full-time,175100,United States,M,Data Science and Research
Senior,Full-time,210000,United States,M,Data Engineering
Senior,Full-time,100000,United States,M,Data Engineering
Entry-level,Full-time,55000,United States,S,Data Analysis
Mid-level,Full-time,130000,United States,M,Data Analysis
Senior,Full-time,77119,United Kingdom,L,Machine Learning and AI
Entry-level,Full-time,52008,Belgium,S,Data Science and Research
Senior,Full-time,206699,United States,M,Data Engineering
Senior,Full-time,99100,United States,M,Data Engineering
Mid-level,Full-time,200000,United States,M,Leadership and Management
Mid-level,Full-time,54000,United States,M,Leadership and Management
Senior,Full-time,250000,United States,M,Data Engineering
Senior,Full-time,63000,United States,M,Data Engineering
Senior,Full-time,250000,United States,M,Data Architecture and Modeling
Senior,Full-time,63000,United States,M,Data Architecture and Modeling
Senior,Full-time,250000,United States,M,Data Engineering
Senior,Full-time,63000,United States,M,Data Engineering
Entry-level,Full-time,130000,United States,L,Leadership and Management
Senior,Full-time,100000,United States,L,Data Engineering
Senior,Full-time,80000,United States,L,Data Engineering
Senior,Full-time,160000,United States,L,Data Science and Research
Senior,Full-time,100000,United States,L,Data Science and Research
Senior,Full-time,221300,United States,L,Data Management and Strategy
Senior,Full-time,148700,United States,L,Data Management and Strategy
Entry-level,Full-time,30000,United Kingdom,L,Machine Learning and AI
Entry-level,Full-time,28368,France,M,Data Analysis
Mid-level,Full-time,91118,United Kingdom,M,Data Engineering
Mid-level,Full-time,61566,United Kingdom,M,Data Engineering
Mid-level,Full-time,60938,Germany,S,Data Science and Research
Senior,Full-time,249260,United States,M,Data Science and Research
Senior,Full-time,185400,United States,M,Data Science and Research
Senior,Full-time,170000,United States,M,Data Engineering
Senior,Full-time,130000,United States,M,Data Engineering
Mid-level,Full-time,80036,United Kingdom,M,Data Science and Research
Senior,Full-time,128875,United States,M,Data Analysis
Senior,Full-time,93700,United States,M,Data Analysis
Senior,Full-time,180000,United States,M,Machine Learning and AI
Senior,Full-time,100000,United States,M,Machine Learning and AI
Senior,Full-time,136260,United States,M,Data Analysis
Senior,Full-time,109280,United States,M,Data Analysis
Senior,Full-time,160000,United States,L,Data Science and Research
Senior,Full-time,92000,United States,L,Data Science and Research
Senior,Full-time,200000,United States,M,Data Engineering
Senior,Full-time,160000,United States,M,Data Engineering
Mid-level,Full-time,135446,United Kingdom,M,Data Engineering
Mid-level,Full-time,104663,United Kingdom,M,Data Engineering
Senior,Full-time,117000,United States,M,Data Analysis
Senior,Full-time,99450,United States,M,Data Analysis
Entry-level,Full-time,129000,United States,L,Data Engineering
Entry-level,Full-time,86000,United States,L,Data Engineering
Senior,Full-time,160000,United States,L,Data Science and Research
Senior,Full-time,119300,United States,L,Data Science and Research
Senior,Full-time,100000,United States,L,Data Analysis
Mid-level,Full-time,25000,Türkiye,M,Data Science and Research
Mid-level,Full-time,65257,Singapore,M,Data Analysis
Mid-level,Full-time,200000,United States,M,Machine Learning and AI
Entry-level,Full-time,180000,United States,L,Machine Learning and AI
Mid-level,Full-time,153000,United States,L,Data Science and Research
Senior,Full-time,210000,United States,M,Data Engineering
Senior,Full-time,100000,United States,M,Data Engineering
Senior,Full-time,150075,United States,M,Data Analysis
Senior,Full-time,110925,United States,M,Data Analysis
Mid-level,Full-time,22800,Egypt,M,Machine Learning and AI
Senior,Full-time,160000,United States,L,Data Science and Research
Senior,Full-time,92000,United States,L,Data Science and Research
Senior,Full-time,202900,United States,L,Machine Learning and AI
Senior,Full-time,131300,United States,L,Machine Learning and AI
Entry-level,Full-time,22809,Portugal,M,Data Analysis
Entry-level,Full-time,15000,Indonesia,L,Data Analysis
Senior,Full-time,175000,United States,M,Data Engineering
Senior,Full-time,135000,United States,M,Data Engineering
Senior,Full-time,133766,Australia,L,Data Science and Research
Entry-level,Full-time,83000,United States,L,Machine Learning and AI
Mid-level,Full-time,92350,United Kingdom,M,Data Engineering
Mid-level,Full-time,67723,United Kingdom,M,Data Engineering
Senior,Full-time,186000,United States,M,Data Science and Research
Senior,Full-time,148800,United States,M,Data Science and Research
Senior,Full-time,112900,United States,M,Data Analysis
Senior,Full-time,90320,United States,M,Data Analysis
Senior,Full-time,240000,United States,M,Machine Learning and AI
Senior,Full-time,160000,United States,M,Machine Learning and AI
Senior,Full-time,300000,United States,M,Data Science and Research
Senior,Full-time,200000,United States,M,Data Science and Research
Mid-level,Full-time,65666,Germany,S,Data Engineering
Mid-level,Full-time,200000,United States,L,Machine Learning and AI
Mid-level,Full-time,116976,United Kingdom,M,Machine Learning and AI
Mid-level,Full-time,92350,United Kingdom,M,Machine Learning and AI
Mid-level,Full-time,120000,United States,M,Machine Learning and AI
Senior,Full-time,112900,United States,M,Data Analysis
Senior,Full-time,90320,United States,M,Data Analysis
Senior,Full-time,145000,United States,M,Leadership and Management
Senior,Full-time,105400,United States,M,Leadership and Management
Entry-level,Full-time,49268,Germany,S,Data Science and Research
Mid-level,Full-time,110820,United Kingdom,M,Data Engineering
Mid-level,Full-time,92350,United Kingdom,M,Data Engineering
Senior,Full-time,215300,United States,L,Data Science and Research
Senior,Full-time,158200,United States,L,Data Science and Research
Senior,Full-time,209100,United States,L,Data Engineering
Senior,Full-time,154600,United States,L,Data Engineering
Senior,Full-time,115934,United States,M,Data Analysis
Senior,Full-time,81666,United States,M,Data Analysis
Senior,Full-time,175000,United States,M,Data Engineering
Senior,Full-time,155000,United States,M,Data Engineering
Mid-level,Full-time,84053,Germany,M,Machine Learning and AI
Senior,Full-time,164000,United States,M,Data Analysis
Senior,Full-time,132000,United States,M,Data Analysis
Senior,Full-time,170000,United States,M,Data Science and Research
Senior,Full-time,123000,United States,M,Data Science and Research
Senior,Full-time,189650,United States,M,Machine Learning and AI
Senior,Full-time,164996,United States,M,Machine Learning and AI
Mid-level,Full-time,52533,Greece,M,Data Engineering
Mid-level,Full-time,52533,Greece,M,Data Engineering
Executive,Full-time,115222,Canada,S,Data Engineering
Senior,Full-time,165400,United States,M,Data Engineering
Senior,Full-time,132320,United States,M,Data Engineering
Senior,Full-time,208775,United States,M,Data Architecture and Modeling
Senior,Full-time,147800,United States,M,Data Architecture and Modeling
Senior,Full-time,136994,United States,M,Data Engineering
Senior,Full-time,101570,United States,M,Data Engineering
Senior,Full-time,128875,United States,M,Data Analysis
Senior,Full-time,93700,United States,M,Data Analysis
Entry-level,Full-time,35093,United Kingdom,L,Machine Learning and AI
Senior,Full-time,183600,United States,L,Data Engineering
Senior,Full-time,100800,United States,L,Data Engineering
Mid-level,Full-time,49253,United Kingdom,M,Data Analysis
Mid-level,Full-time,36940,United Kingdom,M,Data Analysis
Mid-level,Full-time,42026,Spain,M,Data Analysis
Mid-level,Full-time,31520,Spain,M,Data Analysis
Mid-level,Full-time,84053,Spain,M,Data Engineering
Mid-level,Full-time,73546,Spain,M,Data Engineering
Mid-level,Full-time,98506,United Kingdom,M,Data Engineering
Mid-level,Full-time,86193,United Kingdom,M,Data Engineering
Mid-level,Full-time,84053,Greece,M,Data Engineering
Mid-level,Full-time,73546,Greece,M,Data Engineering
Senior,Full-time,189650,United States,M,Machine Learning and AI
Senior,Full-time,164996,United States,M,Machine Learning and AI
Mid-level,Full-time,42026,Greece,M,Data Analysis
Mid-level,Full-time,31520,Greece,M,Data Analysis
Mid-level,Full-time,92350,United Kingdom,M,Data Engineering
Mid-level,Full-time,73880,United Kingdom,M,Data Engineering
Senior,Full-time,215300,United States,L,Data Science and Research
Senior,Full-time,140400,United States,L,Data Science and Research
Mid-level,Full-time,63040,Spain,M,Data Engineering
Mid-level,Full-time,47280,Spain,M,Data Engineering
Senior,Full-time,260000,United States,M,Data Science and Research
Senior,Full-time,180000,United States,M,Data Science and Research
Mid-level,Full-time,67723,United Kingdom,M,Data Science and Research
Mid-level,Full-time,43096,United Kingdom,M,Data Science and Research
Mid-level,Full-time,63040,Greece,M,Data Engineering
Mid-level,Full-time,47280,Greece,M,Data Engineering
Mid-level,Full-time,73880,United Kingdom,M,Data Engineering
Mid-level,Full-time,55410,United Kingdom,M,Data Engineering
Mid-level,Full-time,51064,Italy,L,Machine Learning and AI
Senior,Full-time,60000,Mexico,L,Data Science and Research
Mid-level,Full-time,82900,United States,M,Data Engineering
Mid-level,Full-time,63900,United States,M,Data Engineering
Mid-level,Full-time,160000,United States,L,Machine Learning and AI
Mid-level,Full-time,112300,United States,L,Machine Learning and AI
Mid-level,Full-time,241000,United States,M,Data Science and Research
Mid-level,Full-time,159000,United States,M,Data Science and Research
Senior,Full-time,180000,United States,M,Data Science and Research
Senior,Full-time,80000,United States,M,Data Science and Research
Mid-level,Full-time,58000,United States,S,Data Analysis
Mid-level,Full-time,58000,United States,S,Data Analysis
Senior,Full-time,136000,United States,M,Data Engineering
Senior,Full-time,108800,United States,M,Data Engineering
Executive,Full-time,242000,United States,M,Data Engineering
Executive,Full-time,200000,United States,M,Data Engineering
Mid-level,Full-time,61566,United Kingdom,M,Data Science and Research
Mid-level,Full-time,36940,United Kingdom,M,Data Science and Research
Mid-level,Full-time,73880,United Kingdom,M,Data Engineering
Mid-level,Full-time,49253,United Kingdom,M,Data Engineering
Senior,Full-time,165220,United States,M,Data Science and Research
Senior,Full-time,120160,United States,M,Data Science and Research
Senior,Full-time,124190,United States,M,Data Analysis
Senior,Full-time,90320,United States,M,Data Analysis
Senior,Full-time,181940,United States,M,Data Engineering
Senior,Full-time,132320,United States,M,Data Engineering
Senior,Full-time,220110,United States,M,Data Engineering
Senior,Full-time,160080,United States,M,Data Engineering
Senior,Full-time,180000,United States,L,Data Science and Research
Senior,Full-time,120000,United States,L,Data Science and Research
Mid-level,Full-time,126500,United States,M,Data Analysis
Mid-level,Full-time,106260,United States,M,Data Analysis
Senior,Full-time,116000,United States,M,Data Analysis
Senior,Full-time,99000,United States,M,Data Analysis
Senior,Full-time,155000,United States,M,Data Analysis
Senior,Full-time,120600,United States,M,Data Analysis
Mid-level,Full-time,130000,United States,M,Data Science and Research
Mid-level,Full-time,90000,United States,M,Data Science and Research
Mid-level,Full-time,170000,United States,M,Data Engineering
Mid-level,Full-time,150000,United States,M,Data Engineering
Senior,Full-time,102100,United States,M,Data Analysis
Senior,Full-time,84900,United States,M,Data Analysis
Senior,Full-time,136620,United States,M,Data Science and Research
Senior,Full-time,99360,United States,M,Data Science and Research
Senior,Full-time,110820,United Kingdom,M,Data Science and Research
Senior,Full-time,98506,United Kingdom,M,Data Science and Research
Senior,Full-time,146000,United States,M,Data Science and Research
Senior,Full-time,123000,United States,M,Data Science and Research
Entry-level,Full-time,49253,United Kingdom,M,Data Engineering
Entry-level,Full-time,43096,United Kingdom,M,Data Engineering
Executive,Full-time,130000,United States,M,Data Analysis
Executive,Full-time,110000,United States,M,Data Analysis
Senior,Full-time,170000,United States,M,Data Analysis
Senior,Full-time,135000,United States,M,Data Analysis
Senior,Full-time,161342,United States,M,Data Science and Research
Senior,Full-time,137141,United States,M,Data Science and Research
Senior,Full-time,167000,United States,M,Data Science and Research
Senior,Full-time,123000,United States,M,Data Science and Research
Senior,Full-time,73880,United Kingdom,M,Data Engineering
Senior,Full-time,61566,United Kingdom,M,Data Engineering
Senior,Full-time,211500,United States,M,Data Science and Research
Senior,Full-time,138600,United States,M,Data Science and Research
Senior,Full-time,192400,Canada,M,Data Architecture and Modeling
Senior,Full-time,90700,Canada,M,Data Architecture and Modeling
Senior,Full-time,130000,Canada,M,Data Analysis
Senior,Full-time,61300,Canada,M,Data Analysis
Senior,Full-time,130000,Canada,M,Data Analysis
Senior,Full-time,61300,Canada,M,Data Analysis
Senior,Full-time,160000,United States,L,Data Engineering
Senior,Full-time,113000,United States,L,Data Engineering
Senior,Full-time,150000,United States,M,Data Science and Research
Senior,Full-time,95550,United States,M,Data Science and Research
Mid-level,Full-time,167000,United States,M,Data Analysis
Mid-level,Full-time,115500,United States,M,Data Analysis
Senior,Full-time,112900,United States,M,Data Analysis
Senior,Full-time,90320,United States,M,Data Analysis
Senior,Full-time,112900,United States,M,Data Analysis
Senior,Full-time,90320,United States,M,Data Analysis
Senior,Full-time,165400,United States,M,Data Engineering
Senior,Full-time,132320,United States,M,Data Engineering
Senior,Full-time,243900,United States,M,Data Engineering
Senior,Full-time,156600,United States,M,Data Engineering
Senior,Full-time,136600,United States,M,Data Analysis
Senior,Full-time,109280,United States,M,Data Analysis
Senior,Full-time,128875,United States,M,Data Engineering
Senior,Full-time,93700,United States,M,Data Engineering
Executive,Full-time,224000,United States,M,Data Science and Research
Executive,Full-time,167875,United States,M,Data Science and Research
Executive,Full-time,175000,United States,M,Leadership and Management
Executive,Full-time,135000,United States,M,Leadership and Management
Senior,Full-time,209100,United States,L,Data Engineering
Senior,Full-time,154600,United States,L,Data Engineering
Senior,Full-time,180000,United States,M,Data Engineering
Senior,Full-time,160000,United States,M,Data Engineering
Senior,Full-time,205300,United States,L,Data Science and Research
Senior,Full-time,140400,United States,L,Data Science and Research
Senior,Full-time,176000,United States,M,Data Science and Research
Senior,Full-time,144000,United States,M,Data Science and Research
Senior,Full-time,200100,United States,M,Data Engineering
Senior,Full-time,160000,United States,M,Data Engineering
Senior,Full-time,70500,United States,M,Data Engineering
Senior,Full-time,54000,United States,M,Data Engineering
Senior,Full-time,205300,United States,M,Data Science and Research
Senior,Full-time,140400,United States,M,Data Science and Research
Senior,Full-time,205300,United States,M,Leadership and Management
Senior,Full-time,184700,United States,M,Leadership and Management
Senior,Full-time,175100,United States,M,Data Engineering
Senior,Full-time,140250,United States,M,Data Engineering
Senior,Full-time,116150,United States,M,Data Analysis
Senior,Full-time,99050,United States,M,Data Analysis
Senior,Full-time,145000,United States,M,Data Engineering
Senior,Full-time,130000,United States,M,Data Engineering
Senior,Full-time,112900,United States,M,Data Analysis
Senior,Full-time,90320,United States,M,Data Analysis
Mid-level,Full-time,85000,Canada,M,Data Analysis
Mid-level,Full-time,75000,Canada,M,Data Analysis
Senior,Full-time,214000,United States,M,Machine Learning and AI
Senior,Full-time,192600,United States,M,Machine Learning and AI
Senior,Full-time,266400,United States,M,Data Architecture and Modeling
Senior,Full-time,213120,United States,M,Data Architecture and Modeling
Senior,Full-time,155000,United States,M,Data Engineering
Senior,Full-time,115000,United States,M,Data Engineering
Mid-level,Full-time,141300,United States,M,Data Science and Research
Mid-level,Full-time,102100,United States,M,Data Science and Research
Senior,Full-time,115934,United States,M,Data Analysis
Senior,Full-time,81666,United States,M,Data Analysis
Mid-level,Full-time,206699,United States,M,Data Engineering
Mid-level,Full-time,99100,United States,M,Data Engineering
Senior,Full-time,130000,United States,M,Data Engineering
Senior,Full-time,110500,United States,M,Data Engineering
Mid-level,Full-time,61566,United Kingdom,M,Data Analysis
Mid-level,Full-time,43096,United Kingdom,M,Data Analysis
Senior,Full-time,80000,United States,M,Data Analysis
Senior,Full-time,60000,United States,M,Data Analysis
Senior,Full-time,192564,United States,M,Data Architecture and Modeling
Senior,Full-time,144854,United States,M,Data Architecture and Modeling
Senior,Full-time,230000,United States,M,Data Science and Research
Senior,Full-time,150000,United States,M,Data Science and Research
Senior,Full-time,150260,United States,M,Leadership and Management
Senior,Full-time,109280,United States,M,Leadership and Management
Senior,Full-time,170000,United States,M,Data Analysis
Senior,Full-time,150000,United States,M,Data Analysis
Mid-level,Full-time,160000,United States,M,Data Science and Research
Mid-level,Full-time,130000,United States,M,Data Science and Research
Entry-level,Full-time,67000,Canada,M,Data Analysis
Entry-level,Full-time,52000,Canada,M,Data Analysis
Senior,Full-time,154000,United States,M,Data Engineering
Senior,Full-time,126000,United States,M,Data Engineering
Senior,Full-time,129000,United States,M,Data Analysis
Senior,Full-time,99000,United States,M,Data Analysis
Senior,Full-time,210000,United States,M,Data Science and Research
Senior,Full-time,140000,United States,M,Data Science and Research
Senior,Full-time,210000,United States,M,Data Science and Research
Senior,Full-time,140000,United States,M,Data Science and Research
Senior,Full-time,210000,United States,M,Data Science and Research
Senior,Full-time,140000,United States,M,Data Science and Research
Senior,Full-time,100000,United States,M,Data Analysis
Senior,Full-time,69000,United States,M,Data Analysis
Senior,Full-time,210000,United States,M,Data Science and Research
Senior,Full-time,140000,United States,M,Data Science and Research
Senior,Full-time,150075,United States,M,Data Analysis
Senior,Full-time,110925,United States,M,Data Analysis
Senior,Full-time,100000,United States,M,Data Engineering
Senior,Full-time,25000,United States,M,Data Engineering
Senior,Full-time,126500,United States,M,Data Analysis
Senior,Full-time,106260,United States,M,Data Analysis
Senior,Full-time,220110,United States,M,Data Engineering
Senior,Full-time,160080,United States,M,Data Engineering
Senior,Full-time,105000,United States,M,Data Analysis
Senior,Full-time,100000,United States,M,Data Analysis
Senior,Full-time,170000,United States,M,Data Analysis
Senior,Full-time,135000,United States,M,Data Analysis
Senior,Full-time,230000,United States,M,Data Science and Research
Senior,Full-time,140000,United States,M,Data Science and Research
Mid-level,Full-time,135000,United States,M,Data Analysis
Mid-level,Full-time,50000,United States,M,Data Analysis
Senior,Full-time,220000,United States,M,Data Science and Research
Senior,Full-time,140000,United States,M,Data Science and Research
Mid-level,Full-time,172386,United Kingdom,M,Data Science and Research
Mid-level,Full-time,86193,United Kingdom,M,Data Science and Research
Senior,Full-time,220000,United States,M,Machine Learning and AI
Senior,Full-time,120000,United States,M,Machine Learning and AI
Mid-level,Full-time,200000,United States,M,Data Science and Research
Mid-level,Full-time,120000,United States,M,Data Science and Research
Senior,Full-time,120000,United Arab Emirates,S,Machine Learning and AI
Senior,Full-time,65000,United Arab Emirates,S,Machine Learning and AI
Executive,Full-time,324000,United States,M,Data Engineering
Executive,Full-time,216000,United States,M,Data Engineering
Senior,Full-time,210000,United States,M,Data Engineering
Senior,Full-time,100000,United States,M,Data Engineering
Senior,Full-time,185100,United States,M,Data Science and Research
Senior,Full-time,104890,United States,M,Data Science and Research
Senior,Full-time,105000,United States,M,Data Engineering
Senior,Full-time,80000,United States,M,Data Engineering
Mid-level,Full-time,76814,Canada,M,Machine Learning and AI
Senior,Full-time,117104,Canada,L,Machine Learning and AI
Executive,Full-time,192037,Canada,L,Data Science and Research
Mid-level,Full-time,120000,United States,S,Machine Learning and AI
Mid-level,Full-time,55685,Portugal,L,Machine Learning and AI
Mid-level,Part-time,52533,Germany,L,Data Engineering
Mid-level,Full-time,75000,United States,L,Machine Learning and AI
Mid-level,Full-time,157000,United States,L,Data Science and Research
Mid-level,Full-time,69133,Canada,L,Data Analysis
Entry-level,Full-time,65000,United States,S,Data Engineering
Senior,Full-time,68293,Ireland,S,Machine Learning and AI
Mid-level,Full-time,109000,United States,L,Data Science and Research
Mid-level,Full-time,67597,Canada,M,Data Science and Research
Mid-level,Full-time,20000,Greece,S,Data Analysis
Senior,Full-time,102839,Slovenia,L,Leadership and Management
Senior,Full-time,200000,United States,M,Leadership and Management
Entry-level,Full-time,51081,Canada,L,Data Science and Research
Mid-level,Full-time,78000,United States,M,Data Science and Research
Senior,Full-time,135000,United States,M,Data Engineering
Senior,Full-time,115000,United States,M,Data Engineering
Mid-level,Full-time,83864,Australia,L,Machine Learning and AI
Entry-level,Full-time,40000,Malaysia,L,Data Science and Research
Mid-level,Full-time,31520,Estonia,S,Leadership and Management
Senior,Full-time,59888,Netherlands,L,Machine Learning and AI
Entry-level,Full-time,54742,Germany,L,Data Engineering
Senior,Full-time,89306,France,L,Data Science and Research
Entry-level,Full-time,83171,Australia,M,Data Science and Research
Senior,Full-time,165000,United States,M,Data Science and Research
Mid-level,Full-time,153000,United States,M,Machine Learning and AI
Senior,Full-time,100000,United States,M,Data Science and Research
Senior,Full-time,76814,Canada,M,Machine Learning and AI
Mid-level,Full-time,33609,Poland,L,Data Science and Research
Mid-level,Full-time,75000,Canada,S,Data Analysis
Mid-level,Full-time,20000,Honduras,S,Data Analysis
Entry-level,Contract,30469,Czechia,M,Machine Learning and AI
Mid-level,Full-time,69999,Czechia,L,Data Science and Research
Entry-level,Full-time,55475,Germany,M,Data Engineering
Mid-level,Full-time,61989,Austria,L,Data Science and Research
Senior,Full-time,152500,United States,M,Data Science and Research
Entry-level,Full-time,120000,United States,L,Data Science and Research
Mid-level,Full-time,135000,United States,L,Data Science and Research
Senior,Full-time,405000,United States,L,Leadership and Management
Senior,Full-time,150000,United States,L,Data Engineering
Senior,Full-time,240000,United States,L,Data Science and Research
Mid-level,Full-time,135000,United States,L,Data Analysis
Entry-level,Full-time,80000,United States,M,Data Science and Research
Senior,Full-time,380000,United States,L,Data Science and Research
Mid-level,Full-time,120402,Switzerland,L,Data Science and Research
Senior,Full-time,177000,United States,L,Data Science and Research
Mid-level,Full-time,65141,France,M,Data Engineering
Mid-level,Full-time,48000,United States,S,Data Science and Research
Entry-level,Full-time,20000,Pakistan,M,Leadership and Management
Senior,Full-time,220000,United States,L,Data Science and Research
Entry-level,Full-time,150000,Australia,S,Machine Learning and AI
Mid-level,Full-time,90000,United States,M,Data Analysis
Mid-level,Freelance,100000,United States,M,Data Science and Research
Entry-level,Full-time,100000,United States,S,Data Science and Research
Entry-level,Part-time,100000,Algeria,M,Data Science and Research
Senior,Full-time,144000,United States,L,Data Science and Research
Senior,Full-time,155499,Germany,M,Data Science and Research
Senior,Full-time,24000,Brazil,M,Machine Learning and AI
Mid-level,Full-time,38400,United States,M,Machine Learning and AI
Entry-level,Full-time,100000,United States,L,Data Analysis
Mid-level,Full-time,82500,United States,S,Data Science and Research
Entry-level,Full-time,49646,France,M,Data Science and Research
Entry-level,Full-time,120000,United States,M,Data Engineering
Senior,Full-time,84053,Germany,M,Machine Learning and AI
Entry-level,Full-time,20000,India,S,Machine Learning and AI
Entry-level,Full-time,125000,United States,M,Machine Learning and AI
Senior,Full-time,120000,United States,S,Machine Learning and AI
Entry-level,Full-time,110037,United Kingdom,L,Data Science and Research
Entry-level,Full-time,21013,Portugal,L,Machine Learning and AI
Entry-level,Full-time,50000,United States,M,Data Analysis
Senior,Full-time,200000,United States,M,Data Engineering
Mid-level,Full-time,60000,Romania,M,Data Engineering
Mid-level,Full-time,200000,United States,L,Data Engineering
Entry-level,Full-time,100000,Iraq,S,Machine Learning and AI
Mid-level,Full-time,100000,United States,L,Data Engineering
Senior,Full-time,82744,Belgium,M,Machine Learning and AI
Mid-level,Full-time,59303,Germany,S,Data Engineering
Mid-level,Full-time,62649,France,M,Data Science and Research
Mid-level,Full-time,82528,United Kingdom,L,Data Engineering
Mid-level,Full-time,170000,United States,L,Data Architecture and Modeling
Mid-level,Full-time,150000,United States,L,Data Architecture and Modeling
Entry-level,Full-time,55000,United States,S,Data Analysis
Executive,Full-time,250000,United States,L,Data Science and Research
Entry-level,Full-time,80000,United States,L,Data Engineering
Entry-level,Full-time,70000,United States,L,Data Engineering
Executive,Full-time,130026,Germany,M,Data Science and Research
Entry-level,Full-time,63831,Germany,L,Data Science and Research
Senior,Full-time,68428,United States,L,Data Science and Research
Executive,Full-time,85000,Russian Federation,M,Data Science and Research
Executive,Full-time,230000,Russian Federation,L,Leadership and Management
Entry-level,Full-time,125000,United States,S,Machine Learning and AI
Senior,Full-time,120000,United States,M,Leadership and Management
Mid-level,Full-time,450000,United States,M,Data Science and Research
Mid-level,Full-time,46759,France,L,Data Analysis
Mid-level,Full-time,74130,Austria,L,Data Engineering
Senior,Full-time,127221,Canada,L,Data Science and Research
Senior,Full-time,144000,United States,L,Data Science and Research
Mid-level,Full-time,75774,Canada,L,Data Science and Research
Mid-level,Full-time,150000,United States,M,Data Science and Research
Mid-level,Full-time,103000,United States,L,Data Science and Research
Senior,Full-time,153000,United States,L,Data Engineering
Mid-level,Full-time,90000,United States,L,Data Engineering
Entry-level,Full-time,90000,United States,S,Data Analysis
Entry-level,Full-time,60000,United States,S,Data Analysis
Mid-level,Full-time,50000,Nigeria,L,Data Science and Research
Mid-level,Contract,270000,United States,L,Machine Learning and AI
Mid-level,Full-time,54238,Canada,L,Data Science and Research
Mid-level,Full-time,47282,Spain,S,Machine Learning and AI
Executive,Full-time,153667,Poland,L,Data Science and Research
Mid-level,Full-time,28476,Poland,L,Data Engineering
Mid-level,Full-time,110000,United States,L,Leadership and Management
Entry-level,Full-time,82528,United Kingdom,L,Data Science and Research
Entry-level,Full-time,250000,United States,L,Machine Learning and AI
Entry-level,Full-time,59102,France,M,Data Analysis
Senior,Full-time,80000,United States,S,Data Analysis
Entry-level,Full-time,138000,United States,S,Machine Learning and AI
Mid-level,Full-time,140000,United States,L,Data Engineering
Senior,Full-time,79197,Germany,L,Leadership and Management
Senior,Full-time,170000,United States,L,Data Analysis
Entry-level,Full-time,80000,United States,M,Data Analysis
Mid-level,Full-time,45760,United States,S,Data Science and Research
Mid-level,Full-time,100000,United States,M,Data Analysis
Senior,Full-time,53192,France,L,Data Science and Research
Executive,Full-time,235000,United States,L,Leadership and Management
Executive,Full-time,150000,United States,L,Data Analysis
Executive,Full-time,79833,Spain,L,Data Engineering
Entry-level,Full-time,225000,United States,L,Machine Learning and AI
Entry-level,Full-time,76833,Germany,S,Data Science and Research
Mid-level,Full-time,50180,Portugal,M,Machine Learning and AI
Senior,Full-time,88654,Denmark,L,Data Analysis
Senior,Full-time,103160,United Kingdom,S,Data Engineering
Senior,Full-time,113476,United Kingdom,M,Data Engineering
Senior,Full-time,94564,Germany,L,Machine Learning and AI
Senior,Full-time,150000,United States,M,Data Engineering
Senior,Full-time,115000,United States,S,Data Engineering
Mid-level,Full-time,187442,Canada,L,Data Science and Research
Mid-level,Full-time,51519,United Kingdom,L,Data Analysis
Mid-level,Full-time,106000,United States,L,Data Engineering
Mid-level,Full-time,112872,United Kingdom,L,Data Engineering
Senior,Full-time,150000,United States,L,Data Engineering
Entry-level,Part-time,15966,Germany,S,Machine Learning and AI
Mid-level,Full-time,95746,United States,S,Machine Learning and AI
Entry-level,Full-time,70000,United States,M,Machine Learning and AI
Mid-level,Full-time,76958,United Kingdom,S,Data Science and Research
Mid-level,Full-time,89294,Singapore,L,Data Engineering
Senior,Full-time,276000,United States,L,Data Engineering
Senior,Full-time,188000,United States,L,Data Engineering
Senior,Full-time,160000,United States,S,Data Engineering
Mid-level,Full-time,105000,United States,L,Data Science and Research
Mid-level,Full-time,200000,United States,L,Data Engineering
Senior,Full-time,174000,United States,L,Data Engineering
Mid-level,Full-time,93000,United States,L,Data Analysis
Senior,Full-time,60757,Portugal,L,Data Science and Research
Entry-level,Full-time,90000,United States,S,Data Science and Research
Mid-level,Full-time,70139,France,L,Data Engineering
Senior,Full-time,170000,United States,M,Data Analysis
Senior,Full-time,96282,United Kingdom,L,Data Engineering
Entry-level,Full-time,36643,France,L,Data Science and Research
Mid-level,Full-time,72212,United Kingdom,L,Data Engineering
Entry-level,Full-time,91000,United States,L,Data Analysis
Senior,Full-time,99703,Canada,M,Data Architecture and Modeling
Senior,Full-time,165000,United States,L,Data Science and Research
Mid-level,Full-time,80000,United States,L,Data Analysis
Senior,Full-time,103691,Canada,L,Data Science and Research
Entry-level,Full-time,42000,Netherlands,L,Data Science and Research
Mid-level,Full-time,115000,United Arab Emirates,L,Data Science and Research
Mid-level,Full-time,63810,Canada,M,Data Science and Research
Senior,Full-time,260000,Japan,S,Machine Learning and AI
Mid-level,Full-time,110000,United States,S,Data Science and Research
Mid-level,Full-time,180000,United States,L,Data Architecture and Modeling
Senior,Full-time,200000,United States,L,Data Analysis
Senior,Full-time,109024,United Kingdom,M,Data Engineering
Senior,Full-time,200000,United States,L,Data Engineering
Senior,Full-time,256000,United States,S,Machine Learning and AI
Mid-level,Full-time,110000,United States,L,Data Engineering
Mid-level,Full-time,79833,Germany,L,Data Science and Research
Entry-level,Full-time,72500,United States,L,Data Engineering
Senior,Full-time,185000,United States,L,Machine Learning and AI
Mid-level,Part-time,69741,Netherlands,L,Data Engineering
Entry-level,Full-time,100000,China,L,Data Science and Research
Mid-level,Full-time,112000,United States,L,Data Engineering
Senior,Full-time,150000,United States,L,Machine Learning and AI
Senior,Full-time,20171,Türkiye,L,Data Science and Research
Senior,Full-time,55000,Spain,L,Machine Learning and AI
Entry-level,Full-time,58000,United States,L,Data Science and Research
Entry-level,Full-time,100000,United States,M,Data Science and Research
Senior,Full-time,77684,France,M,Data Science and Research
Entry-level,Full-time,85000,Germany,S,Machine Learning and AI
Entry-level,Full-time,76833,Germany,L,Data Science and Research
Senior,Contract,105000,United States,M,Data Science and Research
Entry-level,Full-time,72000,United States,L,Data Analysis
Entry-level,Full-time,65013,Germany,M,Data Engineering
Mid-level,Full-time,28016,Türkiye,M,Data Engineering
Mid-level,Full-time,111775,United States,M,Data Engineering
Mid-level,Full-time,93150,United States,M,Data Engineering
Senior,Full-time,160000,United States,S,Data Engineering
Mid-level,Full-time,25532,Germany,S,Data Science and Research
Senior,Full-time,63831,Germany,L,Data Analysis
Senior,Full-time,190000,United States,S,Data Science and Research
Executive,Full-time,141846,Germany,L,Data Science and Research
Senior,Full-time,71786,Canada,M,Data Analysis
Senior,Full-time,135000,United States,L,Data Science and Research
Entry-level,Full-time,24823,Germany,M,Machine Learning and AI
Mid-level,Full-time,147000,United States,L,Data Science and Research
Senior,Full-time,96113,Canada,L,Data Science and Research
Senior,Full-time,174000,United States,L,Data Science and Research
Mid-level,Full-time,135000,United States,L,Data Analysis
Entry-level,Full-time,21844,Colombia,M,Machine Learning and AI
Senior,Full-time,125000,New Zealand,S,Data Engineering
Entry-level,Full-time,51321,France,S,Data Science and Research
Executive,Full-time,69741,Spain,S,Data Science and Research
Senior,Full-time,50000,United Kingdom,M,Leadership and Management
Entry-level,Full-time,39916,France,M,Data Science and Research
Mid-level,Full-time,87000,United States,L,Data Analysis
Mid-level,Full-time,26005,United States,L,Data Engineering
Mid-level,Full-time,90734,Germany,L,Data Science and Research
Entry-level,Full-time,81000,United States,S,Machine Learning and AI
Entry-level,Full-time,90000,United States,S,Data Science and Research
Mid-level,Full-time,61467,Austria,M,Data Science and Research
Senior,Full-time,195000,United States,M,Machine Learning and AI
Mid-level,Full-time,37825,Spain,L,Data Science and Research
Mid-level,Full-time,85000,United States,L,Data Analysis
Executive,Contract,416000,United States,S,Data Science and Research
Senior,Full-time,225000,Canada,L,Machine Learning and AI
Mid-level,Full-time,56256,United Kingdom,L,Data Science and Research
Mid-level,Full-time,116914,United Kingdom,L,Data Science and Research
Mid-level,Full-time,46597,Poland,L,Machine Learning and AI
Senior,Full-time,114047,United Kingdom,S,Data Engineering
Mid-level,Full-time,88654,Belgium,M,Machine Learning and AI
Mid-level,Full-time,56000,United States,M,Data Engineering
Entry-level,Part-time,28609,Denmark,S,Machine Learning and AI
Mid-level,Full-time,88654,Germany,L,Data Science and Research
Senior,Full-time,47899,Greece,L,Data Engineering
Mid-level,Full-time,98000,United States,M,Data Analysis
Mid-level,Full-time,66022,United Kingdom,S,Data Engineering
Mid-level,Full-time,56738,France,S,Data Science and Research
Mid-level,Full-time,24823,Slovenia,L,Machine Learning and AI
Senior,Full-time,120000,United States,L,Leadership and Management
Mid-level,Freelance,20000,United States,L,Data Engineering
Executive,Full-time,325000,United States,L,Data Science and Research
Senior,Full-time,200000,United States,L,Machine Learning and AI
Entry-level,Full-time,45896,Denmark,S,Machine Learning and AI
Mid-level,Full-time,160000,United States,L,Data Science and Research
Senior,Full-time,50000,United States,S,Data Science and Research
Mid-level,Full-time,40189,Greece,M,Data Science and Research
Senior,Full-time,165000,United States,M,Data Engineering
Mid-level,Full-time,42197,France,S,Data Science and Research
Senior,Full-time,185000,United States,L,Data Engineering
Entry-level,Full-time,62726,Germany,S,Data Science and Research
Mid-level,Full-time,90734,Germany,L,Data Science and Research
Entry-level,Part-time,21669,Italy,S,Data Science and Research
Mid-level,Full-time,110000,United States,L,Data Engineering
Senior,Full-time,140000,United States,L,Leadership and Management
Senior,Full-time,120000,United States,L,Data Science and Research
Senior,Full-time,87738,Canada,S,Data Science and Research
Senior,Full-time,61896,United Kingdom,L,Data Analysis
Senior,Full-time,76833,United Kingdom,S,Data Engineering
Mid-level,Full-time,74000,Japan,S,Machine Learning and AI
Senior,Full-time,152000,France,L,Data Science and Research
Mid-level,Full-time,18000,"Moldova, Republic of",S,Data Engineering
Senior,Freelance,60000,United States,S,Machine Learning and AI
Mid-level,Full-time,130000,United States,L,Data Science and Research
Senior,Full-time,18907,Brazil,M,Machine Learning and AI
Entry-level,Full-time,59102,Luxembourg,L,Data Analysis
Senior,Full-time,173762,Germany,M,Data Science and Research
Senior,Full-time,148261,Germany,M,Data Science and Research
Mid-level,Full-time,38776,Spain,M,Data Science and Research
Mid-level,Full-time,46809,Spain,M,Data Science and Research
Senior,Full-time,91237,Austria,S,Data Science and Research
Mid-level,Full-time,62726,Luxembourg,S,Data Science and Research
Mid-level,Full-time,115000,United States,L,Data Science and Research
Senior,Full-time,235000,United States,L,Data Science and Research
Mid-level,Full-time,75000,United States,L,Data Analysis
Mid-level,Full-time,62000,United States,L,Data Analysis
Mid-level,Full-time,73000,United States,L,Data Science and Research
Mid-level,Full-time,45391,Netherlands,L,Data Engineering
Senior,Full-time,190200,United States,M,Data Science and Research
Mid-level,Full-time,118000,United States,M,Data Science and Research
Mid-level,Full-time,138350,United States,M,Data Science and Research
Mid-level,Full-time,130800,United States,M,Data Engineering
Senior,Full-time,45618,Croatia,S,Machine Learning and AI
Senior,Full-time,168000,Japan,S,Data Science and Research
Mid-level,Full-time,119059,Israel,M,Data Science and Research
Mid-level,Full-time,423000,United States,L,Machine Learning and AI
Mid-level,Full-time,28369,Malta,L,Data Engineering
Senior,Full-time,165000,United States,L,Data Management and Strategy
Senior,Full-time,412000,United States,L,Data Science and Research
Mid-level,Full-time,151000,United States,L,Data Science and Research
Entry-level,Full-time,105000,United States,S,Data Science and Research
Entry-level,Contract,100000,United States,L,Data Analysis
